file,dataset,model,strategy,seed,rounds,n_clients,loss,compressor,tag,k_slow,k_med,private_head,schedule,dp_sigma,dp_epsilon,fed_auroc_final,fed_auroc_best,fed_auroc_best_round,fed_auroc_ppd,fed_auroc_auc_curve,fed_auroc_last10_mean,fed_auroc_earlystop_value,fed_auroc_earlystop_round,fed_auprc_final,fed_auprc_best,fed_auprc_best_round,fed_auprc_ppd,fed_auprc_auc_curve,fed_auprc_last10_mean,fed_auprc_earlystop_value,fed_auprc_earlystop_round,fed_f1_final,fed_f1_best,fed_f1_best_round,fed_f1_ppd,fed_f1_auc_curve,fed_f1_last10_mean,fed_f1_earlystop_value,fed_f1_earlystop_round,fed_f1_best_final,fed_f1_best_best,fed_f1_best_best_round,fed_f1_best_ppd,fed_f1_best_auc_curve,fed_f1_best_last10_mean,fed_f1_best_earlystop_value,fed_f1_best_earlystop_round,fed_ece_final,fed_ece_best,fed_ece_best_round,fed_ece_ppd,fed_ece_auc_curve,fed_ece_last10_mean,fed_ece_earlystop_value,fed_ece_earlystop_round,global_auroc_final,global_auroc_best,global_auroc_best_round,global_auroc_ppd,global_auroc_auc_curve,global_auroc_last10_mean,global_auroc_earlystop_value,global_auroc_earlystop_round,global_auprc_final,global_auprc_best,global_auprc_best_round,global_auprc_ppd,global_auprc_auc_curve,global_auprc_last10_mean,global_auprc_earlystop_value,global_auprc_earlystop_round,global_f1_final,global_f1_best,global_f1_best_round,global_f1_ppd,global_f1_auc_curve,global_f1_last10_mean,global_f1_earlystop_value,global_f1_earlystop_round,total_upload_mb,total_download_mb,divergence_slow_mean,divergence_slow_final,divergence_medium_mean,divergence_medium_final,divergence_total_mean,divergence_total_final,dispersion_abs_mean,dispersion_abs_final,divergence_fast_mean,divergence_fast_final
diabetes_mlp_fedavg_R30_C10_s42_scale10_summary.json,diabetes,mlp,fedavg,42,30.0,10,weighted_ce,none,_scale10,,,,,1.0,inf,0.712287385807743,0.712287385807743,30.0,0.0,0.6854368174864857,0.7049717328182701,0.712287385807743,30.0,0.28986766385250123,0.28986766385250123,30.0,0.0,0.2506963030453464,0.27801219414145684,0.28986766385250123,30.0,0.3029117797760796,0.3068939182021606,25.0,0.003982138426081028,0.2865446415340503,0.29882862560683854,0.3068939182021606,25.0,0.3368023987979768,0.3368023987979768,30.0,0.0,0.3121734009472413,0.3298283570791133,0.3368023987979768,30.0,0.32792029852365295,0.3665465180519686,1.0,0.03862621952831563,0.33796635119251456,0.33056905593694696,0.3665465180519686,1.0,0.6563769737840447,0.6682571381657993,6.0,0.011880164381754654,0.6635931076536982,0.6594171110971339,0.6682571381657993,6.0,0.21837361815483536,0.22387566066018705,6.0,0.00550204250535169,0.22154235468578912,0.21970951056639634,0.22387566066018705,6.0,0.2730932433902731,0.2812033814022874,7.0,0.008110138012014323,0.27605264015463327,0.2742926975502509,0.2812033814022874,7.0,54.9144,54.9144,0.011982116823022368,0.003995677155768505,0.017152065572471193,0.011316899595657364,0.014461525621985761,0.007385717562562617,3.328596799148772,3.7139304965421616,0.006933726533913512,0.00623970211181573
diabetes_mlp_fedavg_R30_C10_s43_scale10_summary.json,diabetes,mlp,fedavg,43,30.0,10,weighted_ce,none,_scale10,,,,,1.0,inf,0.7249365597140578,0.7249365597140578,30.0,0.0,0.7026282781855019,0.7182757688429707,0.7249365597140578,30.0,0.2986477421507451,0.2986477421507451,30.0,0.0,0.25648901942318514,0.28302249345870634,0.2986477421507451,30.0,0.3131498401877629,0.31422453999574174,29.0,0.0010746998079788628,0.2932450011330968,0.30424927498480825,0.31422453999574174,29.0,0.3466721106369326,0.3466721106369326,30.0,0.0,0.32056164869856935,0.3356607874191714,0.3466721106369326,30.0,0.33098753038255496,0.37088487673834264,2.0,0.03989734635578768,0.34531828392977654,0.3374537550449608,0.37088487673834264,2.0,0.6629101430642519,0.6739898532160907,12.0,0.01107971015183884,0.6696741569993638,0.6668623117826954,0.6739898532160907,12.0,0.21824143082083916,0.22568033312448413,11.0,0.0074389023036449675,0.22219792029242927,0.22096086480656543,0.22568033312448413,11.0,0.2793600363099966,0.2846025569760978,22.0,0.0052425206661012025,0.2785036250461434,0.2781819697073157,0.2846025569760978,22.0,54.9144,54.9144,0.012115945312955144,0.004414792645474297,0.016977258472759535,0.010093314240284493,0.014575950534238113,0.007209919470236167,3.282544342387185,3.5130905138030357,0.007778895924858229,0.006363399295827368
diabetes_mlp_fedavg_R30_C10_s44_scale10_summary.json,diabetes,mlp,fedavg,44,30.0,10,weighted_ce,none,_scale10,,,,,1.0,inf,0.7151283415491643,0.7151283415491643,30.0,0.0,0.6891802154366466,0.7074364547427906,0.7151283415491643,30.0,0.2928762138471377,0.2928762138471377,30.0,0.0,0.25887909721499913,0.2829464452860031,0.2928762138471377,30.0,0.29289157500127033,0.2944599507950672,29.0,0.0015683757937968723,0.2815963969461584,0.2901797288965094,0.2944599507950672,29.0,0.3351329549482969,0.3351329549482969,30.0,0.0,0.30938136920354437,0.32756902616440986,0.3351329549482969,30.0,0.3313067652766017,0.3678738312893052,1.0,0.036567066012703486,0.3437312909563736,0.3362430513349911,0.3678738312893052,1.0,0.6482429336923614,0.6658837482039852,7.0,0.017640814511623804,0.6592797021302292,0.6537895868062896,0.6658837482039852,7.0,0.21676914037497952,0.22689903936372255,11.0,0.01012989898874303,0.22270025065279478,0.22102482718627217,0.22689903936372255,11.0,0.26660914581535805,0.28558107005478495,6.0,0.018971924239426896,0.27623093608329147,0.27120748361326863,0.28558107005478495,6.0,54.9144,54.9144,0.011919315743582163,0.003933350723241588,0.016926077878543402,0.011699396602550873,0.014309879728846344,0.007524904537332408,3.3192877931504126,3.7779378270497546,0.008118923083886733,0.009288723579880918
diabetes_mlp_fedavg_R30_C20_s42_scale20_summary.json,diabetes,mlp,fedavg,42,30.0,20,weighted_ce,none,_scale20,,,,,1.0,inf,0.7074348762675792,0.7074348762675792,30.0,0.0,0.6833986363600687,0.7021605930750054,0.7074348762675792,30.0,0.28528289988714256,0.28528289988714256,30.0,0.0,0.25301630236333295,0.2779544689071121,0.28528289988714256,30.0,0.30214874182023643,0.30643793644150646,29.0,0.004289194621270032,0.28723171043023665,0.2999120290486947,0.30643793644150646,29.0,0.3364618466180019,0.33819944511060795,26.0,0.001737598492606074,0.31401876680737423,0.33084997629570956,0.33819944511060795,26.0,0.32065886490453693,0.36567457871322123,1.0,0.0450157138086843,0.33456784112197174,0.324959572038383,0.36567457871322123,1.0,0.6544990863748144,0.6677356080503026,6.0,0.013236521675488278,0.6608093932880545,0.6547765836165702,0.6677356080503026,6.0,0.21440744789662974,0.22433034881882105,3.0,0.009922900922191308,0.21970213203814637,0.21666158939368058,0.22433034881882105,3.0,0.2702037161405865,0.2807819243462808,3.0,0.010578208205694273,0.2742028908708238,0.27058844974384794,0.2807819243462808,3.0,109.8288,109.8288,0.005850385694987539,0.0018728343893022188,0.008672245818059147,0.0053093114686624115,0.007222987123717704,0.003468542315032716,1.6378588698226546,1.7322268514726602,0.0038365685860956146,0.0036019029279097136
diabetes_mlp_fedavg_R30_C20_s43_scale20_summary.json,diabetes,mlp,fedavg,43,30.0,20,weighted_ce,none,_scale20,,,,,1.0,inf,0.7140686290894349,0.7140686290894349,30.0,0.0,0.6931186410530221,0.7079559793844393,0.7140686290894349,30.0,0.2875517538218997,0.2875517538218997,30.0,0.0,0.24808815982398505,0.274024833830719,0.2875517538218997,30.0,0.3054761767156386,0.3054761767156386,30.0,0.0,0.28689180673276027,0.2982195513241094,0.3054761767156386,30.0,0.34443878016975094,0.34443878016975094,30.0,0.0,0.31672031151468655,0.3342392502138833,0.34443878016975094,30.0,0.3284063349596414,0.364493928934592,1.0,0.036087593974950594,0.34135206000860535,0.3310748733691415,0.364493928934592,1.0,0.6583994936246025,0.672187438209637,13.0,0.013787944585034517,0.6673149830564833,0.6628204809963903,0.672187438209637,13.0,0.2154822471483945,0.22439306746068527,7.0,0.008910820312290763,0.22006164163999758,0.2171278359863106,0.22439306746068527,7.0,0.2810693641618497,0.28427925665494724,17.0,0.0032098924930975548,0.27944045821132796,0.2803445405396412,0.28427925665494724,17.0,109.8288,109.8288,0.005983787074414775,0.002101150574866999,0.008769269598747024,0.0051917222400691,0.007403956890935418,0.0036068474224707618,1.6475632448351007,1.766315439459504,0.004389563287072906,0.004312569517480566
diabetes_mlp_fedavg_R30_C20_s44_scale20_summary.json,diabetes,mlp,fedavg,44,30.0,20,weighted_ce,none,_scale20,,,,,1.0,inf,0.709248892070277,0.709248892070277,30.0,0.0,0.6828847052071142,0.7022600988010093,0.709248892070277,30.0,0.30087330315834077,0.30087330315834077,30.0,0.0,0.26159811186212706,0.2881235029124932,0.30087330315834077,30.0,0.300182636560076,0.300182636560076,30.0,0.0,0.2843177404484135,0.29481212796805323,0.300182636560076,30.0,0.33651615524480905,0.33729936691129303,29.0,0.000783211666483985,0.31437610963239354,0.3326995422700195,0.33729936691129303,29.0,0.32164208041245335,0.36800576940549407,1.0,0.04636368899304072,0.33961956367860313,0.33167211618053494,0.36800576940549407,1.0,0.6504219702950461,0.6652321681200856,8.0,0.01481019782503945,0.6591935028744185,0.6530881163769894,0.6652321681200856,8.0,0.21628060685152528,0.2277924878025473,16.0,0.011511880951022013,0.22210037005281488,0.21913394286691137,0.2277924878025473,16.0,0.2763353539974837,0.28305571510626076,8.0,0.006720361108777051,0.27741003977999246,0.27410851308114315,0.28305571510626076,8.0,109.8288,109.8288,0.005917735792870533,0.0019475323613722183,0.0087626437308156,0.0059340449840782445,0.007305625663894541,0.003806338318661485,1.6474767035521836,1.8647667790055493,0.004545134085040199,0.004723425645246681
diabetes_mlp_fedavg_R30_C50_s42_scale50_summary.json,diabetes,mlp,fedavg,42,30.0,50,weighted_ce,none,_scale50,,,,,1.0,inf,0.7060102475344523,0.7060102475344523,30.0,0.0,0.679941550325783,0.6977001230092725,0.7060102475344523,30.0,0.2937629238369202,0.2937629238369202,30.0,0.0,0.25542371428220245,0.28226072918432127,0.2937629238369202,30.0,0.29979919646470277,0.30489484591471133,29.0,0.005095649450008566,0.28429603093517497,0.2964589644023158,0.30489484591471133,29.0,0.33039674190616897,0.33128121658401644,29.0,0.0008844746778474688,0.31369456762847064,0.3273746347682092,0.33128121658401644,29.0,0.320990661531237,0.36666792434221807,1.0,0.045677262810981056,0.3334852060035304,0.3247218703538167,0.36666792434221807,1.0,0.6557117147977463,0.6675536660989462,6.0,0.011841951301199916,0.6611164988696208,0.6559549721153692,0.6675536660989462,6.0,0.2156576883217312,0.22333340095161444,5.0,0.00767571262988323,0.21826933151623137,0.215035444992568,0.22333340095161444,5.0,0.2767162066525124,0.2816284462767328,8.0,0.0049122396242203825,0.27623147206330556,0.2749990238172961,0.2816284462767328,8.0,274.572,274.572,0.00244842860016399,0.0007700267159693512,0.003625287201823786,0.002047920714761272,0.003027444480082188,0.0013619955927342891,0.6821298482842622,0.6951639235749099,0.0015867015262624343,0.0011887054004059696
diabetes_mlp_fedavg_R30_C50_s43_scale50_summary.json,diabetes,mlp,fedavg,43,30.0,50,weighted_ce,none,_scale50,,,,,1.0,inf,0.7149465218170555,0.7149465218170555,30.0,0.0,0.691532742249129,0.705677553642366,0.7149465218170555,30.0,0.2902209906019463,0.2902209906019463,30.0,0.0,0.25055954037868744,0.2773632202765435,0.2902209906019463,30.0,0.3058343839493679,0.308919935912752,29.0,0.0030855519633841144,0.28920993119194766,0.2983861705161988,0.308919935912752,29.0,0.3433865669689107,0.34377910631794995,29.0,0.000392539349039267,0.31866388951593455,0.3349986664101038,0.34377910631794995,29.0,0.326838482166705,0.36631459556875495,2.0,0.03947611340204993,0.3415135669607256,0.333823171174897,0.36631459556875495,2.0,0.6610414042053414,0.6729631700196208,13.0,0.011921765814279395,0.6683865025158221,0.6648060527411291,0.6729631700196208,13.0,0.21898156070756641,0.22557884470930956,13.0,0.006597284001743142,0.22245450987135645,0.22193177226923505,0.22557884470930956,13.0,0.2766990291262136,0.28110383536014966,9.0,0.004404806233936076,0.2786773268946558,0.2777669314320401,0.28110383536014966,9.0,274.572,274.572,0.002478918799150677,0.0008918567835884076,0.003649017769477858,0.002280236590026708,0.0030805749720959606,0.0015682718633086314,0.6756246014132861,0.7546779007661826,0.0019109011916721512,0.0015986169297654107
diabetes_mlp_fedavg_R30_C50_s44_scale50_summary.json,diabetes,mlp,fedavg,44,30.0,50,weighted_ce,none,_scale50,,,,,1.0,inf,0.7040906705262098,0.7040906705262098,30.0,0.0,0.6790222566383484,0.6970440598880309,0.7040906705262098,30.0,0.29248611744575725,0.29248611744575725,30.0,0.0,0.25709288790464135,0.2814349635700494,0.29248611744575725,30.0,0.29997241623239906,0.30170469442914294,28.0,0.001732278196743875,0.28126939284152247,0.2932831646415127,0.30170469442914294,28.0,0.3369526197620704,0.3383319169042213,29.0,0.0013792971421509037,0.3131764355523774,0.33031630317575617,0.3383319169042213,29.0,0.32804494520399147,0.3685646651173169,1.0,0.040519719913325425,0.3388596935170827,0.32900342115252557,0.3685646651173169,1.0,0.6473762811045064,0.6653467697133941,8.0,0.017970488608887725,0.6589212341525733,0.6523679836580035,0.6653467697133941,8.0,0.21490396250447202,0.22648441890514792,10.0,0.011580456400675898,0.2217078033255075,0.21990700907191552,0.22648441890514792,10.0,0.2692927896797973,0.28457059679767105,6.0,0.015277807117873743,0.2766841731219713,0.27220521671036546,0.28457059679767105,6.0,274.572,274.572,0.0024447539248975713,0.0008296233956667701,0.003656778583931891,0.0024174791688945777,0.003030677312182238,0.0015610059155676279,0.6861761151970011,0.7775889751655995,0.001865796286594949,0.0015907735298773893
diabetes_mlp_fedavg_R30_C71_s42_scale100_summary.json,diabetes,mlp,fedavg,42,30.0,100,weighted_ce,none,_scale100,,,,,1.0,inf,0.7045718618256104,0.7045718618256104,30.0,0.0,0.6803400141144365,0.6993264633644054,0.7045718618256104,30.0,0.2862755844634286,0.2862755844634286,30.0,0.0,0.252036024539185,0.2767250826123186,0.2862755844634286,30.0,0.2916670822438403,0.2998841108244001,29.0,0.008217028580559782,0.28185583143463594,0.2928724246895039,0.2998841108244001,29.0,0.33425790791675936,0.335532218575753,29.0,0.0012743106589936382,0.31332329851688756,0.32955738268885604,0.335532218575753,29.0,0.3271441824964215,0.36660086014938426,1.0,0.039456677652962735,0.3370190311135125,0.3290394935488702,0.36660086014938426,1.0,0.65511894144471,0.6673213631977488,6.0,0.012202421753038872,0.6621315453778052,0.657359220626841,0.6673213631977488,6.0,0.21145102691998852,0.223219174648272,11.0,0.011768147728283496,0.21857306535677745,0.2144544499274658,0.223219174648272,11.0,0.2715709137163451,0.2805659692828637,11.0,0.008995055566518584,0.2756125952643884,0.2744617847943478,0.2805659692828637,11.0,389.89224,389.89224,0.0017208175944321143,0.0005517422754279386,0.00256551734453366,0.001508532608026425,0.002134913268684316,0.000990708397405332,0.47525125120411454,0.49503276816267316,0.0011738772397016605,0.0010053894766149146
diabetes_mlp_fedavg_R30_C71_s43_scale100_summary.json,diabetes,mlp,fedavg,43,30.0,100,weighted_ce,none,_scale100,,,,,1.0,inf,0.7149686921276367,0.7149686921276367,30.0,0.0,0.6920371714128478,0.7077505789109347,0.7149686921276367,30.0,0.2945588261785046,0.2945588261785046,30.0,0.0,0.2521246973330263,0.2816875899373077,0.2945588261785046,30.0,0.3066439249639078,0.30733537382359705,28.0,0.0006914488596892476,0.2893300622325672,0.30070158173958395,0.30733537382359705,28.0,0.346054351267401,0.346054351267401,30.0,0.0,0.31893373091338345,0.3359979489356478,0.346054351267401,30.0,0.32255472856682404,0.36422069753209435,1.0,0.041665968965270306,0.3436684259650466,0.3374819415879924,0.36422069753209435,1.0,0.6602779834075165,0.6728584573942851,15.0,0.012580473986768537,0.6673508414415757,0.6626368122404742,0.6728584573942851,15.0,0.21628714913438712,0.22515005108365072,15.0,0.00886290194926359,0.22112064926897762,0.21834063787842584,0.22515005108365072,15.0,0.2790246269562053,0.2826547422923041,22.0,0.0036301153360988048,0.2789530612031858,0.2784329698781543,0.2826547422923041,22.0,389.89224,389.89224,0.001751165649800788,0.0005783086798990964,0.0026150543998235804,0.0014361858142180738,0.0021967720585040137,0.0010038671757661682,0.4797890740165637,0.48282673853736924,0.001328087673283473,0.0010961186402648412
diabetes_mlp_fedavg_R30_C73_s44_scale100_summary.json,diabetes,mlp,fedavg,44,30.0,100,weighted_ce,none,_scale100,,,,,1.0,inf,0.7098119929875535,0.7098119929875535,30.0,0.0,0.6817466081025412,0.7011938294740212,0.7098119929875535,30.0,0.29733485982753044,0.29733485982753044,30.0,0.0,0.2587085808749528,0.2852161920551016,0.29733485982753044,30.0,0.29684599973334064,0.2974779666849756,28.0,0.0006319669516349768,0.2816835366938888,0.2933370697617562,0.2974779666849756,28.0,0.34141865068499466,0.34141865068499466,30.0,0.0,0.3133164818346803,0.33165830818503295,0.34141865068499466,30.0,0.3286055079551906,0.36854687712588124,1.0,0.03994136917069063,0.3393995759815811,0.32846553264787753,0.36854687712588124,1.0,0.6498197472048481,0.6649157462438612,6.0,0.015095999039013042,0.6585788027009835,0.6518806846820239,0.6649157462438612,6.0,0.2149183050942463,0.22632787972904517,13.0,0.011409574634798858,0.22147942967628112,0.21933644044085043,0.22632787972904517,13.0,0.2731707317073171,0.28342618384401114,7.0,0.010255452136694043,0.27618820236759173,0.2726069633280635,0.28342618384401114,7.0,400.87512,400.87512,0.0016743700428787525,0.0005652178511525338,0.00243519762650002,0.001522485389034372,0.0020456712186081145,0.0010048910411096248,0.45762596655440574,0.49930303199289483,0.0013475180561941186,0.001318152597625477
diabetes_mlp_fedavg_R60_C20_s42_architecture_mlp_fedavg_summary.json,diabetes,mlp,fedavg,42,60.0,20,weighted_ce,none,_architecture_mlp_fedavg,,,,,1.0,inf,0.7375360548444938,0.7375360548444938,60.0,0.0,0.7043691995411485,0.7328012017739479,0.7375360548444938,60.0,0.3335116039389275,0.3335116039389275,60.0,0.0,0.28241838280364395,0.3266466884485298,0.3335116039389275,60.0,0.30996964505362884,0.3144800576399755,59.0,0.004510412586346657,0.29629663257785394,0.3092456790148144,0.313022282340444,45.0,0.36420949921129314,0.364415833281594,59.0,0.00020633407030085094,0.3319421961380116,0.3608939752339588,0.364415833281594,59.0,0.32932835958410284,0.3661048825443811,1.0,0.03677652296027828,0.330154741243132,0.3236100373569526,0.3661048825443811,1.0,0.6430044286011241,0.6677607947999489,6.0,0.02475636619882482,0.6551278507188166,0.6446386558553308,0.6677607947999489,6.0,0.2109371677548484,0.22458508705626917,5.0,0.013647919301420786,0.21779559966628811,0.21265300403045143,0.22458508705626917,5.0,0.2617616580310881,0.28024346943951306,3.0,0.018481811408424975,0.2708285472511223,0.2648054766922002,0.28024346943951306,3.0,219.6576,219.6576,0.003509511742755267,0.0007206240756560597,0.006233159251906615,0.0027138920338701834,0.004803618607187711,0.0016508064066861417,1.695385252396856,1.7716305843041482,0.0036031882432793214,0.0033654679969499102
diabetes_mlp_fedavg_R60_C20_s42_comp_none_summary.json,diabetes,mlp,fedavg,42,60.0,20,weighted_ce,none,_comp_none,,,,,1.0,inf,0.7324035555619737,0.7330626023776723,59.0,0.0006590468156986162,0.7029563675407058,0.7316061994186475,0.7330626023776723,59.0,0.3364013296994604,0.3372945197757575,58.0,0.0008931900762970679,0.2843368078325733,0.33275608449024957,0.3372945197757575,58.0,0.3091781357752244,0.32074329082590797,59.0,0.011565155050683562,0.29585000831139247,0.31152878860699157,0.32074329082590797,59.0,0.37092292961205625,0.37092292961205625,60.0,0.0,0.3320060324931697,0.3642806247603242,0.37092292961205625,60.0,0.3267594845572825,0.36926923133995593,1.0,0.04250974678267344,0.3287801314391115,0.3224658798395831,0.36926923133995593,1.0,0.6384959376671744,0.6674546258257978,6.0,0.028958688158623458,0.6537835032504,0.6399408150286611,0.6674546258257978,6.0,0.20148254950756006,0.2246725305135464,5.0,0.02318998100598635,0.21380308291112202,0.2029671107015499,0.2246725305135464,5.0,0.2589266623904212,0.281641254493616,14.0,0.022714592103194764,0.2705051898125422,0.26089740064492034,0.281641254493616,14.0,219.6576,219.6576,0.0034860902908955215,0.0007098084456907631,0.006323167195364561,0.0026320773556232024,0.004833230056369693,0.0015893315283383687,1.6746284419391335,1.639325533862575,0.0036872440948832346,0.0032035118646288894
diabetes_mlp_fedavg_R60_C20_s42_comp_quant4_summary.json,diabetes,mlp,fedavg,42,60.0,20,weighted_ce,quant4,_comp_quant4,,,,,1.0,inf,0.6978241234641268,0.6985234014793366,55.0,0.0006992780152097477,0.6823249932082127,0.6966706978354231,0.6876646962801132,21.0,0.27276670327521974,0.2755713645427727,55.0,0.002804661267552966,0.2538644498008477,0.2732764448702859,0.2609813880772174,21.0,0.2923502131095607,0.2959938435801648,55.0,0.0036436304706040645,0.284225452544789,0.2910595548343913,0.2959938435801648,55.0,0.32287408794981465,0.33154225991942954,53.0,0.00866817196961489,0.3131209725420933,0.32703899561851074,0.31898941582284623,22.0,0.32901051747135207,0.36934870564025213,1.0,0.04033818816890006,0.33067122264491844,0.33490629511679404,0.36934870564025213,1.0,0.6475053145673183,0.6676710411210898,5.0,0.020165726553771468,0.6567701031382549,0.6481040012220154,0.6676710411210898,5.0,0.20978754714134287,0.2248331735376745,9.0,0.01504562639633164,0.21647366221351272,0.20888827873239885,0.2248331735376745,9.0,0.2703087885985748,0.28173008744977546,6.0,0.011421298851200634,0.27361262946604964,0.2689299975121684,0.28173008744977546,6.0,27.534,219.6576,0.01065659555153028,0.00031964189742312573,0.01775024496890796,0.009832676954579343,0.012606281535181278,0.002934275241799638,5.533892889990239,5.439191403468612,0.010670039436799601,0.015192629559340127
diabetes_mlp_fedavg_R60_C20_s42_comp_quant8_summary.json,diabetes,mlp,fedavg,42,60.0,20,weighted_ce,quant8,_comp_quant8,,,,,1.0,inf,0.7434355253267809,0.7434355253267809,60.0,0.0,0.7080906520095244,0.7396036452669053,0.7434355253267809,60.0,0.34645873985297515,0.34645873985297515,60.0,0.0,0.2877050241991832,0.337966164095051,0.34645873985297515,60.0,0.317320550484652,0.3250619805137994,58.0,0.0077414300291474,0.30008370981238985,0.3189803536451692,0.3250619805137994,58.0,0.37622593035561375,0.37622593035561375,60.0,0.0,0.3393939907264295,0.37171927822710904,0.37622593035561375,60.0,0.3198278569151018,0.36865142242718496,1.0,0.04882356551208317,0.3286412765941583,0.3180721646926103,0.36865142242718496,1.0,0.6385697284434178,0.6684073676526034,10.0,0.029837639209185696,0.6543095361091817,0.6428272479117587,0.6684073676526034,10.0,0.20399356330948867,0.22507609168771903,9.0,0.021082528378230353,0.21493911473882593,0.20723037368857128,0.22507609168771903,9.0,0.26216814159292035,0.2816797642436149,9.0,0.01951162265069456,0.271881696574178,0.26724473864320264,0.2816797642436149,9.0,54.9912,219.6576,0.0036690449730852367,0.0007571905643067501,0.006348908437685333,0.002443473764366283,0.004944845423000297,0.0015411401034847363,1.7382818251090157,1.612646662781117,0.004066058178011779,0.0035081376275692563
diabetes_mlp_fedavg_R60_C20_s42_comp_stc_summary.json,diabetes,mlp,fedavg,42,60.0,20,weighted_ce,stc,_comp_stc,,,,,1.0,inf,0.647158499097847,0.647248931630489,59.0,9.043253264207074e-05,0.6463845714659817,0.6467135811477446,0.6470208925554818,5.0,0.21437597858291846,0.21437597858291846,60.0,0.0,0.21354407552678722,0.21424991909250607,0.2142785494766809,43.0,0.25262824714263393,0.2602537585826316,51.0,0.007625511439997679,0.2262653648237113,0.25719047171098425,0.2602537585826316,51.0,0.2822855891845716,0.28340615118911355,3.0,0.0011205620045419695,0.28117023469748903,0.2812480846272639,0.28340615118911355,3.0,0.36539974371824796,0.3695249413641889,58.0,0.004125197645940937,0.3513432759419897,0.3599737480134597,0.36713742998814103,1.0,0.6621652829055534,0.6621652829055534,60.0,0.0,0.6611171897169392,0.6613608065763545,0.6617062992575393,4.0,0.22122147968224662,0.22123253721404307,59.0,1.1057531796448972e-05,0.22059362688593717,0.22100607603089695,0.2210187839037146,24.0,0.2666413806182439,0.2771861890932559,55.0,0.01054480847501199,0.24036560583995134,0.2731065950744648,0.2741170268845546,21.0,5.2515,219.6576,0.017265430665848704,1.6570302568680718e-05,0.03674093489192984,0.0011221489992309394,0.02675821427353495,0.00025914267193335907,0.4254209783183493,0.05775433246708417,0.035179270069190485,0.11517688477030726
diabetes_mlp_fedavg_R60_C20_s42_comp_topk_summary.json,diabetes,mlp,fedavg,42,60.0,20,weighted_ce,topk,_comp_topk,,,,,1.0,inf,0.6666780146973743,0.6674604518878594,57.0,0.0007824371904850969,0.661138004655887,0.6669051524609131,0.6674604518878594,57.0,0.22872191552372648,0.22942017417935653,52.0,0.0006982586556300574,0.22460550943643967,0.22907699887236105,0.22942017417935653,52.0,0.2770373515345598,0.2800290331564245,47.0,0.00299168162186475,0.2665569131010521,0.2759870801310317,0.2800290331564245,47.0,0.303867861581968,0.304495384346634,58.0,0.0006275227646659887,0.2959679137047173,0.3032730482051075,0.30028758727068167,37.0,0.3410626923337613,0.3673694506137513,1.0,0.026306758279990017,0.3472054410270174,0.34427282766899525,0.3673694506137513,1.0,0.6637850029935463,0.6673831065003198,11.0,0.0035981035067735867,0.6658376210208471,0.66453245963381,0.6673831065003198,11.0,0.22216179805677078,0.22418595786803422,17.0,0.002024159811263443,0.2222960400103949,0.22242923864857253,0.22418595786803422,17.0,0.2739085239085239,0.2818495514147688,16.0,0.007941027506244924,0.2718162863468755,0.2755650319402387,0.2818495514147688,16.0,31.69485,219.6576,0.009739473171092647,0.0005796138457097956,0.016773553960862945,0.0036094081067294826,0.013054604000817897,0.0012522310146803385,0.6323400365985814,0.5074575947091944,0.012334016234038403,0.0006866865249622311
diabetes_mlp_fedavg_R60_C20_s42_dp0.5_summary.json,diabetes,mlp,fedavg,42,60.0,20,weighted_ce,none,_dp0.5,,,,,0.5,342.8612600716533,0.7410603694525112,0.7410603694525112,60.0,0.0,0.7059207255010763,0.7376784607044645,0.7410603694525112,60.0,0.34847827505338386,0.34847827505338386,60.0,0.0,0.28896386208263536,0.34230910188745134,0.34847827505338386,60.0,0.31547687887104386,0.3252227067516824,59.0,0.009745827880638547,0.30114425144754725,0.32036705664782383,0.3252227067516824,59.0,0.3746913873834962,0.3766620949463304,59.0,0.001970707562834184,0.3371652378912081,0.37283523767724425,0.3766620949463304,59.0,0.3207282593057202,0.3686679491298676,1.0,0.047939689824147425,0.3286804751253935,0.3201293640154925,0.3686679491298676,1.0,0.6391660909396523,0.6683406798660463,10.0,0.02917458892639402,0.6541802027144733,0.6411142916720485,0.6683406798660463,10.0,0.20180481116158153,0.2251843626883104,5.0,0.02337955152672888,0.2134676096847394,0.20387203893938302,0.2251843626883104,5.0,0.26067955861466185,0.2829748639543923,5.0,0.022295305339730453,0.2707792500999115,0.2623455743527342,0.2829748639543923,5.0,219.6576,219.6576,0.003523222066905071,0.0007227665007172134,0.006311898799958285,0.0024885985092793867,0.004862237410971835,0.0015632394879089018,1.702106487848952,1.671700931478881,0.0040543682575591555,0.0037260982415456313
diabetes_mlp_fedavg_R60_C20_s42_dp0_summary.json,diabetes,mlp,fedavg,42,60.0,20,weighted_ce,none,_dp0,,,,,1.0,inf,0.7405989775310634,0.7405989775310634,60.0,0.0,0.7045471793405337,0.7370170401608229,0.7405989775310634,60.0,0.3424753603891963,0.3424753603891963,60.0,0.0,0.2846361588354098,0.33471576842542483,0.3424753603891963,60.0,0.31530131057121147,0.32552151821736897,59.0,0.010220207646157498,0.2984667448665995,0.3173807378101617,0.32552151821736897,59.0,0.37325805046864535,0.37325805046864535,60.0,0.0,0.3328578232510597,0.36405428793927463,0.37325805046864535,60.0,0.3158054556592256,0.36856453662620037,1.0,0.05275908096697479,0.32650855494540937,0.31507675656155837,0.36856453662620037,1.0,0.636342138011943,0.6683104105884443,6.0,0.031968272576501366,0.6525503504083013,0.6374691754091586,0.6683104105884443,6.0,0.19978564120107395,0.22517412328847028,5.0,0.02538848208739633,0.2130288091699656,0.20128928369058774,0.22517412328847028,5.0,0.2634455618714473,0.2829447209850668,5.0,0.01949915911361949,0.27069405531068924,0.2615040514657367,0.2829447209850668,5.0,219.6576,219.6576,0.0035431891231906885,0.0007458544759220578,0.0062755729708284915,0.002736035867585871,0.004876309833991235,0.0016977695310730042,1.7035879391903868,1.8089076975029457,0.003745607732424015,0.003280894676230689
diabetes_mlp_fedavg_R60_C20_s42_dp1.0_summary.json,diabetes,mlp,fedavg,42,60.0,20,weighted_ce,none,_dp1.0,,,,,1.0,110.68837010237718,0.7411651190235772,0.7421373909133155,59.0,0.0009722718897383631,0.7068875190044278,0.7373277904108748,0.7421373909133155,59.0,0.3457814221915994,0.3463742065700715,59.0,0.0005927843784720999,0.2895348733035428,0.3388988808015273,0.3463742065700715,59.0,0.3150687380471537,0.32769421359340795,59.0,0.012625475546254261,0.2986562312792303,0.3151622057243211,0.32769421359340795,59.0,0.3751129325926787,0.3751129325926787,60.0,0.0,0.3391439819269605,0.36920631598918263,0.3751129325926787,60.0,0.3201312982213406,0.36880202405529855,1.0,0.04867072583395793,0.32827697048036275,0.3197337485829528,0.36880202405529855,1.0,0.6402502631745526,0.6679644724017226,10.0,0.02771420922717005,0.6543685551349371,0.6413912605818859,0.6679644724017226,10.0,0.20320404912445714,0.2246458593639397,5.0,0.02144181023948255,0.21325772019203282,0.20505139474802672,0.2246458593639397,5.0,0.26156720518738324,0.2816863944673494,5.0,0.020119189279966143,0.2709398707888598,0.26413054842264905,0.2816863944673494,5.0,219.6576,219.6576,0.0035148995562986063,0.0007325322604446434,0.006322057982712411,0.0025975586761448843,0.004874650444556127,0.00162411638951426,1.6945359231724144,1.697679754282035,0.003973353245738626,0.004454905401458002
diabetes_mlp_fedavg_R60_C20_s42_dp2.0_summary.json,diabetes,mlp,fedavg,42,60.0,20,weighted_ce,none,_dp2.0,,,,,2.0,39.83175401905626,0.7392153691131508,0.7392153691131508,60.0,0.0,0.7053772771067098,0.7357726212715032,0.7392153691131508,60.0,0.3416178115970487,0.3416178115970487,60.0,0.0,0.28281675285129904,0.33221107839268466,0.3416178115970487,60.0,0.3137838564928979,0.3217973281566065,43.0,0.008013471663708582,0.2987150282949047,0.315326116473646,0.3217973281566065,43.0,0.3743790179335866,0.37726141714512484,58.0,0.002882399211538267,0.33455032479303737,0.3702007907692032,0.37726141714512484,58.0,0.32241353404462497,0.3693058657941051,1.0,0.046892331749480154,0.32972708703869075,0.3199716134579956,0.3693058657941051,1.0,0.6415133027451323,0.6682140182496136,10.0,0.026700715504481276,0.6536988293804484,0.6412598740968724,0.6682140182496136,10.0,0.2050418674599898,0.2256736718105444,9.0,0.02063180435055459,0.2138854261117115,0.20492452821115453,0.2256736718105444,9.0,0.2625994694960212,0.28321358589157414,5.0,0.02061411639555294,0.26942756505429877,0.26106029803489583,0.28321358589157414,5.0,219.6576,219.6576,0.003545617137458627,0.0007516344110018051,0.006208286337395366,0.0025390680841235963,0.004824612360510571,0.0015843551769777365,1.6669472570161663,1.648209135894831,0.003507201650853098,0.003237036509583961
diabetes_mlp_fedavg_R60_C20_s42_loss_cb_summary.json,diabetes,mlp,fedavg,42,60.0,20,cb,none,_loss_cb,,,,,1.0,inf,0.7304748882437774,0.7304748882437774,60.0,0.0,0.6982705136695657,0.7258459316023317,0.7304748882437774,60.0,0.350172594132139,0.350172594132139,60.0,0.0,0.2893529822531545,0.3415359918021402,0.350172594132139,60.0,0.17325880497485305,0.18285893278807963,54.0,0.009600127813226583,0.1141175383684309,0.17081460570462637,0.18285893278807963,54.0,0.3756101998219009,0.3756101998219009,60.0,0.0,0.32822149680725504,0.36430487408454504,0.3756101998219009,60.0,0.05979949957637606,0.13429693829442663,1.0,0.07449743871805056,0.05914420245216425,0.058678703940907094,0.13429693829442663,1.0,0.6352151093993436,0.6684889139900234,5.0,0.033273804590679856,0.6536151778724989,0.6383810662606535,0.6684889139900234,5.0,0.201494519237355,0.22734475669963614,8.0,0.025850237462281128,0.21446631166457678,0.20384535831710898,0.22734475669963614,8.0,0.09424488219389726,0.11456383377012355,40.0,0.02031895157622629,0.07541256917193052,0.09333304128550492,0.10081426909654904,21.0,219.6576,219.6576,0.0034677215131729065,0.0007482540833797616,0.006373342130262886,0.00286101093370236,0.004825167766723513,0.0017354044127523215,1.6535242066981786,1.73914024484111,0.003155761625281431,0.0017404169536811955
diabetes_mlp_fedavg_R60_C20_s42_loss_focal_summary.json,diabetes,mlp,fedavg,42,60.0,20,focal,none,_loss_focal,,,,,1.0,inf,0.7330390082968663,0.7339732937550822,59.0,0.0009342854582159443,0.7026085670833079,0.7310518067193559,0.7339732937550822,59.0,0.33493901613305116,0.33493901613305116,60.0,0.0,0.28374122999265794,0.3298477049770611,0.33493901613305116,60.0,0.29955303003867007,0.3089178626734652,59.0,0.00936483263479515,0.2892990245557113,0.2996040450097644,0.29982723874224965,28.0,0.3636841097139705,0.3636841097139705,60.0,0.0,0.330040379699381,0.3573668617087802,0.3636841097139705,60.0,0.36365359091651994,0.38528136872805563,1.0,0.021627777811535687,0.36917293509195287,0.36401859527785085,0.38528136872805563,1.0,0.6361032466485812,0.6684098273451449,5.0,0.03230658069656367,0.6520982444873146,0.6384033415374957,0.6684098273451449,5.0,0.2036533726445966,0.22410643322613086,5.0,0.02045306058153426,0.21276250086967505,0.20387081110616623,0.22410643322613086,5.0,0.25275260645035563,0.2799069425737725,5.0,0.02715433612341689,0.2655490128521491,0.25561877160951846,0.2799069425737725,5.0,219.6576,219.6576,0.0034384745792320564,0.0007325294119593204,0.006166240010410746,0.002552398275306449,0.004726255096547389,0.0015584394846865192,1.5847734938505633,1.5683969277115466,0.004821077019013793,0.005897197753839996
diabetes_mlp_fedavg_R60_C20_s42_loss_ldam_summary.json,diabetes,mlp,fedavg,42,60.0,20,ldam,none,_loss_ldam,,,,,1.0,inf,0.7007013206024484,0.7007013206024484,60.0,0.0,0.6788190348147497,0.6957055311408638,0.7007013206024484,60.0,0.2795500430344587,0.28152097568555723,59.0,0.0019709326510985448,0.24834744785382296,0.27169066846710116,0.28152097568555723,59.0,0.31060353353789005,0.3115382331516686,58.0,0.0009346996137785668,0.2885120268878162,0.3045489748580213,0.30005923456714056,38.0,0.3513074415286796,0.3513074415286796,60.0,0.0,0.3220861955717364,0.34301169961365324,0.3513074415286796,60.0,0.36743360184215584,0.3886056340825702,12.0,0.021172032240414362,0.3725527319118953,0.3698501666024897,0.3886056340825702,12.0,0.6393096692170332,0.6673583966298398,7.0,0.028048727412806507,0.6541584396644198,0.6416995378639297,0.6673583966298398,7.0,0.2035121433746212,0.22212522296687887,10.0,0.018613079592257664,0.2111039100987111,0.20440947255200523,0.22212522296687887,10.0,0.2706236109295333,0.27971653964433746,2.0,0.00909292871480416,0.273053293973321,0.27055421700902793,0.27971653964433746,2.0,219.6576,219.6576,0.0034334224172872453,0.0009416603391301125,0.00544384467928745,0.0027462866996034105,0.0044097150892837755,0.0017955877950861737,1.2140337939521184,1.2738047049006127,0.0024851895507866455,0.002525440652132342
diabetes_mlp_fedavg_R60_C20_s42_loss_weighted_ce_summary.json,diabetes,mlp,fedavg,42,60.0,20,weighted_ce,none,_loss_weighted_ce,,,,,1.0,inf,0.7412521809263068,0.7418251457595615,59.0,0.0005729648332546411,0.707101212693627,0.7376782642928216,0.7418251457595615,59.0,0.3429154968506848,0.3435206781244881,59.0,0.0006051812738033235,0.2870481057095991,0.3372444969398031,0.3435206781244881,59.0,0.30851242790688566,0.3178016257573106,59.0,0.009289197850424924,0.2954713251555518,0.3113904534030705,0.3178016257573106,59.0,0.3724535090091971,0.37548667223411836,58.0,0.0030331632249212537,0.3374399288885936,0.3715711871962433,0.37548667223411836,58.0,0.32692926677456446,0.36933677096373785,1.0,0.042407504189173384,0.32973033475212143,0.31991362706291726,0.36933677096373785,1.0,0.6394126374685769,0.6689361262523035,10.0,0.02952348878372657,0.6541535215342819,0.6417799748298156,0.6689361262523035,10.0,0.20099219031704207,0.2251127592912356,5.0,0.024120568974193513,0.2126619964001654,0.2026460573204231,0.2251127592912356,5.0,0.2590004235493435,0.28251821019771073,5.0,0.023517786648367234,0.2713403637181191,0.2624388804118386,0.28251821019771073,5.0,219.6576,219.6576,0.0035705396333336357,0.0007205740414741275,0.006396361452132845,0.002359739097125045,0.004934133210915944,0.0015035482100733749,1.7143149496870138,1.5939006306889496,0.003933370552266184,0.002860913076425144
diabetes_mlp_fedavg_R60_C20_s42_summary.json,diabetes,mlp,fedavg,42,60.0,20,weighted_ce,none,,,,,,1.0,inf,0.7372550471584435,0.7396615753153153,59.0,0.002406528156871812,0.7054094452856369,0.7377774117114276,0.7396615753153153,59.0,0.33879392285183546,0.33944936801095577,59.0,0.0006554451591203048,0.28548844359609227,0.3351627847170006,0.33944936801095577,59.0,0.3149168787889273,0.3250959288568164,59.0,0.01017905006788905,0.30002060763223815,0.3198270449897006,0.3250959288568164,59.0,0.36673808364975213,0.3689115840620923,58.0,0.002173500412340157,0.3359314389933935,0.3653817242845031,0.3689115840620923,58.0,0.32013314660559855,0.36890086201315014,1.0,0.04876771540755159,0.3267980595315832,0.31557894838355866,0.36890086201315014,1.0,0.6428232772652276,0.6688141706802742,14.0,0.025990893415046568,0.6557620805582103,0.6430635967561977,0.6688141706802742,14.0,0.20811729737594908,0.22534674864991242,5.0,0.01722945127396333,0.2153451515612119,0.20755749646954413,0.22534674864991242,5.0,0.26257722859664606,0.28247162673392184,14.0,0.01989439813727578,0.27114599168677495,0.2641458931311376,0.28247162673392184,14.0,219.6576,219.6576,0.003523376790301882,0.0007225985893096053,0.0062523543419679296,0.0024438329360565326,0.004829144154495953,0.0015405990607162655,1.6879599683884028,1.6312216679261837,0.003373274182772902,0.002589943106532767
diabetes_mlp_fedavg_R60_C20_s43_architecture_mlp_fedavg_summary.json,diabetes,mlp,fedavg,43,60.0,20,weighted_ce,none,_architecture_mlp_fedavg,,,,,1.0,inf,0.7409679506521601,0.7409679506521601,60.0,0.0,0.7114729659873461,0.7385008035525273,0.7409679506521601,60.0,0.33497253849523917,0.33497253849523917,60.0,0.0,0.2796972474331622,0.32940115556798344,0.33497253849523917,60.0,0.30990350332601496,0.31470380890771443,54.0,0.004800305581699471,0.2955826682950234,0.30920660008621187,0.31470380890771443,54.0,0.3645978098377239,0.3645978098377239,60.0,0.0,0.33209004845227785,0.3590935847553467,0.3645978098377239,60.0,0.32164961494580574,0.36792157872652986,2.0,0.046271963780724124,0.3343791473178113,0.32643402486488104,0.36792157872652986,2.0,0.6506433677226796,0.6720666873849749,10.0,0.02142331966229527,0.6613509968790852,0.6505671661967567,0.6720666873849749,10.0,0.2088923060538623,0.22547818364973826,7.0,0.01658587759587596,0.21686802378524855,0.20753112565068793,0.22547818364973826,7.0,0.2707938982295958,0.28253968253968254,17.0,0.011745784310086715,0.2769004663240835,0.27340046487111214,0.28253968253968254,17.0,219.6576,219.6576,0.0035711556055509196,0.0007423226897053312,0.006176680256057434,0.002390546745053384,0.004870163093903424,0.001557470343711829,1.6824856020705057,1.6320994252919263,0.00432769820866869,0.003494367462534199
diabetes_mlp_fedavg_R60_C20_s43_comp_none_summary.json,diabetes,mlp,fedavg,43,60.0,20,weighted_ce,none,_comp_none,,,,,1.0,inf,0.7342988535229098,0.7356041370428914,59.0,0.0013052835199816037,0.7088899320879866,0.732984127639889,0.7356041370428914,59.0,0.33110585615042476,0.33112466743279423,58.0,1.8811282369468607e-05,0.2791307763532566,0.32584769474939207,0.33112466743279423,58.0,0.31330463890788757,0.31824676937277435,48.0,0.004942130464886785,0.29778997256531153,0.30871001201075243,0.31824676937277435,48.0,0.36549747109422676,0.36549747109422676,60.0,0.0,0.3337028408453118,0.3609460000426149,0.36549747109422676,60.0,0.3146617828796221,0.3739867049472528,2.0,0.05932492206763068,0.33314038329057466,0.3242836986667005,0.3739867049472528,2.0,0.6474512389797618,0.6709172830999194,14.0,0.023466044120157625,0.661494216869619,0.6501764176826994,0.6709172830999194,14.0,0.21259307659828935,0.22367775206207793,7.0,0.01108467546378858,0.21740377634956676,0.21259622000955097,0.22367775206207793,7.0,0.2705965909090909,0.28243398392652125,24.0,0.011837393017430364,0.27553659251846097,0.2695760565583889,0.28243398392652125,24.0,219.6576,219.6576,0.0036065325052938007,0.000787071756703572,0.006234895615752911,0.0025915284367092743,0.004904607321697104,0.001661672678683086,1.6669861634859975,1.700696191793213,0.004492930880564081,0.0037000498107415476
diabetes_mlp_fedavg_R60_C20_s43_comp_quant4_summary.json,diabetes,mlp,fedavg,43,60.0,20,weighted_ce,quant4,_comp_quant4,,,,,1.0,inf,0.7089104447373347,0.7114511929755428,54.0,0.002540748238208157,0.6975070035434221,0.7091066006708491,0.7114511929755428,54.0,0.27655912203514177,0.2773916021468226,57.0,0.0008324801116808556,0.25421349427148515,0.27497644535370147,0.2773916021468226,57.0,0.30058570456140304,0.3078818178565303,49.0,0.007296113295127249,0.2928439807104159,0.3007964573815535,0.3078818178565303,49.0,0.32857624291794363,0.3363286725108106,55.0,0.007752429592866983,0.31822558906737586,0.331437981727318,0.3363286725108106,55.0,0.33412408693051043,0.37606779471635443,2.0,0.041943707785844,0.3368590964610599,0.3327355496234676,0.37606779471635443,2.0,0.6476775683419298,0.6713424334260369,14.0,0.023664865084107145,0.6605224009219531,0.6507159713207882,0.6713424334260369,14.0,0.20455447014449024,0.22505920678296565,7.0,0.020504736638475407,0.2143380667305663,0.20633968847123435,0.22505920678296565,7.0,0.2727590628278354,0.28221602618499214,7.0,0.009456963357156734,0.27579455512581524,0.2733056881469922,0.28221602618499214,7.0,27.534,219.6576,0.010639486917791043,0.00013591483024806678,0.016302694414632925,0.006525613542684854,0.012785921397063547,0.002740247616605166,5.562201763236294,4.850820562602166,0.011393894531722508,0.01368067210144965
diabetes_mlp_fedavg_R60_C20_s43_comp_quant8_summary.json,diabetes,mlp,fedavg,43,60.0,20,weighted_ce,quant8,_comp_quant8,,,,,1.0,inf,0.7421169765645779,0.7421169765645779,60.0,0.0,0.7125506951709982,0.7385648921543482,0.7421169765645779,60.0,0.3362389408130204,0.3374466607289264,59.0,0.0012077199159059582,0.2817228148129137,0.32934320431688197,0.3374466607289264,59.0,0.322031294104394,0.32623987591753423,48.0,0.004208581813140211,0.3026806538965273,0.319338167905335,0.32623987591753423,48.0,0.37001374453363256,0.3745437698536341,56.0,0.004530025320001518,0.33813117243074026,0.3683392411105443,0.3745437698536341,56.0,0.3216406912737487,0.3751524258361585,2.0,0.05351173456240976,0.33333173738578814,0.32473787228478856,0.3751524258361585,2.0,0.646444597257724,0.6700433769289574,6.0,0.023598779671233472,0.6596531311459372,0.6483096164591381,0.6700433769289574,6.0,0.21540567228906243,0.22363965588495743,7.0,0.008233983595895,0.21880961503949856,0.21473712788328117,0.22363965588495743,7.0,0.27205450487489724,0.2824027916251246,28.0,0.010348286750227365,0.2765510694368239,0.2720055980684162,0.2824027916251246,28.0,54.9912,219.6576,0.0037465357715782887,0.0009349692772878199,0.0062076052062923345,0.002425219865831588,0.004965171884042376,0.001660989831799866,1.735927179957927,1.7398428412307112,0.004504572837642038,0.003014844711557208
diabetes_mlp_fedavg_R60_C20_s43_comp_stc_summary.json,diabetes,mlp,fedavg,43,60.0,20,weighted_ce,stc,_comp_stc,,,,,1.0,inf,0.650041982618115,0.6723765012860516,54.0,0.022334518667936676,0.6698220691824991,0.6618231617267787,0.6722815452229237,4.0,0.21270061950363667,0.22007880695267043,49.0,0.007378187449033763,0.21862293697556442,0.21684860992352592,0.2193113324994298,5.0,0.2705701361461866,0.27823018563849233,39.0,0.007660049492305754,0.2526636025152355,0.2677311887028225,0.27823018563849233,39.0,0.29766250570792335,0.2977103719999861,56.0,4.786629206277038e-05,0.2962420692353814,0.29743875618978327,0.29693397991429854,12.0,0.3826661490966286,0.3830467283969634,59.0,0.0003805793003348046,0.36833276675144205,0.3803082118431727,0.3797142071209128,2.0,0.6416645989353348,0.6679304131896947,48.0,0.02626581425435992,0.6648084078549059,0.6554752492434062,0.6670377455883783,29.0,0.21301846547836298,0.22089492784925596,51.0,0.007876462370892984,0.21913217874093788,0.21725190267003755,0.22089492784925596,51.0,0.278785823299983,0.2816731868793259,27.0,0.002887363579342883,0.25905810707775234,0.27489675191467927,0.2816731868793259,27.0,5.2515,219.6576,0.016784064827493894,2.378945806006037e-05,0.037151042174685005,0.0008742475395965764,0.026870750853138652,0.00020566325276937019,0.4059736485507907,0.046333385707839625,0.0600102301046822,0.002491649500669033
diabetes_mlp_fedavg_R60_C20_s43_comp_topk_summary.json,diabetes,mlp,fedavg,43,60.0,20,weighted_ce,topk,_comp_topk,,,,,1.0,inf,0.681403876503924,0.681403876503924,60.0,0.0,0.6755980737660877,0.6807214288179395,0.681403876503924,60.0,0.23253789505564962,0.23253789505564962,60.0,0.0,0.2245416973125856,0.23170619007333154,0.23253789505564962,60.0,0.2854782213937222,0.28654540021357683,59.0,0.0010671788198546306,0.27549385027349865,0.28512693510163384,0.2808986602320138,18.0,0.30692109578919163,0.30809916601958276,45.0,0.0011780702303911261,0.3023592744948521,0.3066767461413443,0.30809916601958276,45.0,0.36055308319241286,0.3800878575998618,5.0,0.01953477440744894,0.3646997609554739,0.3596525238692142,0.3800878575998618,5.0,0.6717206990004463,0.6719185913049669,43.0,0.00019789230452060824,0.6703131296948859,0.6717607857141459,0.6719185913049669,43.0,0.22580210950712923,0.22613494493342956,57.0,0.0003328354263003319,0.2238822605867462,0.22599707349282552,0.22613494493342956,57.0,0.27947361280694616,0.2834812557954696,17.0,0.004007642988523463,0.275674487428234,0.2812702482094986,0.2834812557954696,17.0,31.69485,219.6576,0.009299727479273056,0.00042943875753328076,0.017031620493158674,0.0037057568446341262,0.013056357980777585,0.0012369337078207733,0.6179932284938293,0.4818956970684667,0.013594517052515714,0.0008900297050331892
diabetes_mlp_fedavg_R60_C20_s43_dp0.5_summary.json,diabetes,mlp,fedavg,43,60.0,20,weighted_ce,none,_dp0.5,,,,,0.5,342.8612600716533,0.7419566057078781,0.7419566057078781,60.0,0.0,0.7111441930500667,0.7375364952445705,0.7419566057078781,60.0,0.33374384159917775,0.33374384159917775,60.0,0.0,0.28027643855798007,0.3251551469417016,0.33374384159917775,60.0,0.32150840910475587,0.32150840910475587,60.0,0.0,0.30037574799451877,0.3145911199169984,0.31408920534263335,33.0,0.3762008399481107,0.3762008399481107,60.0,0.0,0.3380450101688156,0.3690917768716345,0.3762008399481107,60.0,0.31260338463248427,0.3759846974345997,2.0,0.06338131280211545,0.3325293944855384,0.3213701745425291,0.3759846974345997,2.0,0.645402453136708,0.671936147987954,13.0,0.026533694851246015,0.6616202687918544,0.6497078035854186,0.671936147987954,13.0,0.2038950640648492,0.2237174979700357,7.0,0.01982243390518651,0.21650007260277773,0.20772124376960313,0.2237174979700357,7.0,0.26626776364996263,0.2825336747189135,11.0,0.016265911068950867,0.27649507999406814,0.27067745737696924,0.2825336747189135,11.0,219.6576,219.6576,0.003626257274805185,0.0007031421081579068,0.006104683965392561,0.002282640881819782,0.00484692239059071,0.001476454776242897,1.6879990600433,1.5958151880522564,0.004093391230792364,0.003383553927062711
diabetes_mlp_fedavg_R60_C20_s43_dp0_summary.json,diabetes,mlp,fedavg,43,60.0,20,weighted_ce,none,_dp0,,,,,1.0,inf,0.7387628683317027,0.7395155840850594,59.0,0.0007527157533566697,0.7119144591499329,0.7366245581055363,0.7395155840850594,59.0,0.32724908922558293,0.3274573311198412,58.0,0.00020824189425827644,0.2802334314671727,0.32425207209808316,0.3274573311198412,58.0,0.3237364235961548,0.3237364235961548,60.0,0.0,0.30170793136302176,0.31714473168506413,0.3237364235961548,60.0,0.36949986181416433,0.37163415755018014,59.0,0.002134295736015812,0.3370017519065239,0.36524333862026764,0.37163415755018014,59.0,0.31582540613018384,0.37589602298919683,2.0,0.06007061685901299,0.3328402697820761,0.3216524525976524,0.37589602298919683,2.0,0.646055664649334,0.6718194004383975,17.0,0.025763735789063547,0.661871376209857,0.6502889737153741,0.6718194004383975,17.0,0.2114827741411579,0.2249101598265213,17.0,0.013427385685363391,0.21966246134728393,0.21489199620181898,0.2249101598265213,17.0,0.27167836326870465,0.28698664027709053,30.0,0.015308277008385884,0.2779941953538421,0.27271937908964405,0.2820953198797767,12.0,219.6576,219.6576,0.0036282548752105547,0.0007617684555391121,0.006188997875078992,0.002341945706012725,0.004899685467275279,0.0015464956324983772,1.6784279735878196,1.6210259598119592,0.0046428658959406805,0.004091807970526034
diabetes_mlp_fedavg_R60_C20_s43_dp1.0_summary.json,diabetes,mlp,fedavg,43,60.0,20,weighted_ce,none,_dp1.0,,,,,1.0,110.68837010237718,0.7352947784941112,0.7375290816811002,59.0,0.0022343031869890284,0.7087569811916054,0.7322211713912229,0.7375290816811002,59.0,0.32086649328241224,0.32086649328241224,60.0,0.0,0.27466201743089974,0.31504096224804334,0.32086649328241224,60.0,0.31542390529763903,0.31740230173636036,50.0,0.0019783964387213304,0.29740561964882944,0.31085902488210965,0.31740230173636036,50.0,0.3665111790433261,0.3665111790433261,60.0,0.0,0.3331871212324578,0.360417308730553,0.3665111790433261,60.0,0.31284300236684015,0.372471905236804,2.0,0.05962890286996386,0.33208034254038094,0.3215820627963411,0.372471905236804,2.0,0.6514859881104487,0.6721938635289291,17.0,0.020707875418480404,0.6630556662974953,0.6528932811189132,0.6721938635289291,17.0,0.21834653986342825,0.22593759874858693,17.0,0.00759105888515868,0.22134092437034056,0.21745685208621973,0.22593759874858693,17.0,0.27389993972272453,0.28389728821694266,34.0,0.009997348494218128,0.27751499885203024,0.273219449623744,0.28389728821694266,34.0,219.6576,219.6576,0.0036122254164281872,0.0007137002585273924,0.006298440302665871,0.0024195740732687633,0.004936346163205991,0.0015426296540340027,1.7154911228898149,1.629153795086495,0.004522296013769102,0.003729954337708782
diabetes_mlp_fedavg_R60_C20_s43_dp2.0_summary.json,diabetes,mlp,fedavg,43,60.0,20,weighted_ce,none,_dp2.0,,,,,2.0,39.83175401905626,0.742849273502705,0.742849273502705,60.0,0.0,0.711686692283206,0.738495034394061,0.742849273502705,60.0,0.33412112535717736,0.33412112535717736,60.0,0.0,0.279323432105299,0.32611313182916385,0.33412112535717736,60.0,0.3230597494851214,0.3241385037172769,59.0,0.0010787542321555321,0.3012678139936357,0.3193005275544981,0.3241385037172769,59.0,0.37481670528291555,0.37481670528291555,60.0,0.0,0.33740861485600493,0.3672922937953054,0.37481670528291555,60.0,0.3106082380509539,0.372753436801041,2.0,0.062145198750087116,0.33020186827788567,0.31649872017050884,0.372753436801041,2.0,0.6459177461746887,0.6707867186039949,14.0,0.02486897242930619,0.6595736487750138,0.6458588829712926,0.6707867186039949,14.0,0.21004810126118967,0.22365994825170937,17.0,0.013611846990519705,0.21659291950416085,0.2090863078752787,0.22365994825170937,17.0,0.2730424387328153,0.2852987516664647,17.0,0.012256312933649371,0.2774681705378409,0.27177895183610956,0.2852987516664647,17.0,219.6576,219.6576,0.0036284005890083325,0.0007533576894508171,0.0062413857675717626,0.0024464697430044767,0.004927723563247309,0.0015945268382227442,1.7064867903076826,1.7046992130526633,0.004385356725235371,0.003921693166228518
diabetes_mlp_fedavg_R60_C20_s43_loss_cb_summary.json,diabetes,mlp,fedavg,43,60.0,20,cb,none,_loss_cb,,,,,1.0,inf,0.738459900147034,0.738459900147034,60.0,0.0,0.7100302797628846,0.7337200482592572,0.738459900147034,60.0,0.3526766639061532,0.3526766639061532,60.0,0.0,0.291678975245057,0.34499713187756376,0.3526766639061532,60.0,0.2079439813630503,0.2174237169973167,47.0,0.009479735634266379,0.12375434769614399,0.19780254342935913,0.2174237169973167,47.0,0.37159288700572096,0.3733203936891258,59.0,0.0017275066834048225,0.3377840455395987,0.36973677009180145,0.3733203936891258,59.0,0.056158337517650876,0.12816600567424657,1.0,0.0720076681565957,0.06187053554655928,0.05801805104891398,0.12816600567424657,1.0,0.6507165059274325,0.6722768907016545,9.0,0.021560384774222063,0.6616405593729037,0.6515946337339604,0.6722768907016545,9.0,0.20679317821882537,0.22544279363915243,6.0,0.01864961542032706,0.21454485310707305,0.20634346625117922,0.22544279363915243,6.0,0.10798650168728909,0.12799427958526993,47.0,0.020007777897980847,0.0759142510294494,0.10469778536607692,0.12799427958526993,47.0,219.6576,219.6576,0.0034948858641311747,0.0007897963883669073,0.00611914590856829,0.0024296924319131873,0.004804934612361026,0.0016346674642853443,1.6169368666101946,1.613555347721558,0.0034202483633801245,0.0020840372261541926
diabetes_mlp_fedavg_R60_C20_s43_loss_focal_summary.json,diabetes,mlp,fedavg,43,60.0,20,focal,none,_loss_focal,,,,,1.0,inf,0.7372261896606022,0.7373243012019197,59.0,9.811154131755817e-05,0.7081648710026199,0.7330644962135493,0.7373243012019197,59.0,0.33619140127301095,0.33779442162032774,58.0,0.001603020347316797,0.28341672882774327,0.3307193112816072,0.33779442162032774,58.0,0.31485626484570584,0.3198158214801687,59.0,0.004959556634462847,0.29432191555588144,0.3094683620206915,0.31942768311189407,48.0,0.36556881420007303,0.36942323384859793,59.0,0.0038544196485248983,0.3357973887431661,0.36593080707703074,0.36942323384859793,59.0,0.35869828664110975,0.38578155401520736,1.0,0.027083267374097608,0.3714758761840912,0.3647281717230973,0.38578155401520736,1.0,0.6504028825789465,0.6722740921739159,11.0,0.021871209594969354,0.6610911037990754,0.6498820439382408,0.6722740921739159,11.0,0.21006491145374356,0.2267044172862454,17.0,0.016639505832501844,0.2165813664569382,0.20840209849100702,0.2267044172862454,17.0,0.27369157244434084,0.2843838727995457,22.0,0.010692300355204853,0.2766729700842094,0.2720029274499453,0.2843838727995457,22.0,219.6576,219.6576,0.0034776884509995316,0.0007240044257852282,0.006115318887832849,0.0024459978426618796,0.004787103970215675,0.0015551944321827364,1.6036607017070386,1.567331352891415,0.006423193184511122,0.0055519599087318
diabetes_mlp_fedavg_R60_C20_s43_loss_ldam_summary.json,diabetes,mlp,fedavg,43,60.0,20,ldam,none,_loss_ldam,,,,,1.0,inf,0.707093650218924,0.709044259992221,53.0,0.001950609773296974,0.694509098017617,0.7059678993433028,0.709044259992221,53.0,0.26194813350731877,0.26327215833951084,55.0,0.0013240248321920722,0.2445323269920573,0.26113525116804603,0.25583136038286886,33.0,0.3095090175173725,0.31133739582531605,59.0,0.001828378307943579,0.2940399253431171,0.3089030605871937,0.31133739582531605,59.0,0.3441236372314564,0.34592801876779583,53.0,0.0018043815363394389,0.3256433458982828,0.34291739377724173,0.34592801876779583,53.0,0.37467766228546157,0.3892446887260493,5.0,0.014567026440587716,0.3781028211351931,0.37483314496205594,0.3892446887260493,5.0,0.6543726882968682,0.6698631793513932,10.0,0.015490491054524935,0.6628841958178299,0.6527594060776191,0.6698631793513932,10.0,0.2114910184891883,0.2234161162469498,6.0,0.011925097757761488,0.21584761480079048,0.20986567101854683,0.2234161162469498,6.0,0.2747186251966598,0.28015755785327423,38.0,0.005438932656614437,0.2756188303341117,0.2747633168097129,0.2792309412027722,8.0,219.6576,219.6576,0.003460808460160941,0.001017839429221708,0.005268001526745151,0.0026528509857891526,0.004389778907346562,0.001853415646645446,1.2019485298953592,1.3307001033153938,0.0029878226055293617,0.002994532052353894
diabetes_mlp_fedavg_R60_C20_s43_loss_weighted_ce_summary.json,diabetes,mlp,fedavg,43,60.0,20,weighted_ce,none,_loss_weighted_ce,,,,,1.0,inf,0.7406866437974734,0.7419304054851902,59.0,0.0012437616877167823,0.7108045240075557,0.7367965923129624,0.7419304054851902,59.0,0.33578026672018574,0.33578026672018574,60.0,0.0,0.2813935777950073,0.3297046224196,0.33578026672018574,60.0,0.3225342878649898,0.32307637220990715,46.0,0.0005420843449173707,0.3005613536014068,0.3176689196077805,0.32307637220990715,46.0,0.37747119974221105,0.3789934315231945,59.0,0.0015222317809834296,0.33943084117101424,0.3718319891854661,0.3789934315231945,59.0,0.3135632175604769,0.37309911070584423,2.0,0.059535893145367336,0.3314525206269331,0.3198207045342125,0.37309911070584423,2.0,0.6484333214247403,0.6715372762137841,11.0,0.023103954789043812,0.6600583232423193,0.6475497195473623,0.6715372762137841,11.0,0.21224869169228017,0.22384147215601752,7.0,0.011592780463737351,0.2173357696534376,0.21118909799479377,0.22384147215601752,7.0,0.27770796682583565,0.2840537595350527,27.0,0.006345792709217035,0.2775530508715588,0.273881775816507,0.28220179421862884,13.0,219.6576,219.6576,0.0036292570643881254,0.0007573340986834884,0.0063491065947754634,0.002461360513922147,0.004985769128447806,0.0015976112436089389,1.710072968182491,1.6637516556293122,0.004620290708589145,0.0031435794509287215
diabetes_mlp_fedavg_R60_C20_s43_summary.json,diabetes,mlp,fedavg,43,60.0,20,weighted_ce,none,,,,,,1.0,inf,0.7409291603589249,0.7409291603589249,60.0,0.0,0.7113669004155645,0.7374973492466643,0.7409291603589249,60.0,0.3366389197572435,0.3366389197572435,60.0,0.0,0.28141777212279645,0.3290192717228883,0.3366389197572435,60.0,0.3185890943109709,0.3197302330362147,46.0,0.0011411387252437954,0.2991976660274045,0.31144304323412364,0.3197302330362147,46.0,0.374087216454229,0.374087216454229,60.0,0.0,0.3363226866322874,0.3665806220094735,0.374087216454229,60.0,0.31383506381867154,0.3730757160009661,2.0,0.05924065218229457,0.3328125431320707,0.322582558798939,0.3730757160009661,2.0,0.6433421468969548,0.6713124402363735,14.0,0.027970293339418695,0.6597153170258394,0.6469893902919147,0.6713124402363735,14.0,0.21004504163784743,0.22455713385210269,17.0,0.014512092214255257,0.21829516272059,0.2117625517037812,0.22455713385210269,17.0,0.26652006597031336,0.2814581567155141,14.0,0.01493809074520075,0.2743874267310708,0.26549038345802306,0.2814581567155141,14.0,219.6576,219.6576,0.0036185219307013016,0.0007365860644837338,0.0061393441673926385,0.002306133121270381,0.004869789608171916,0.0015027679427067097,1.6762898066674703,1.5858132037656105,0.00417638172179151,0.0034071551072572333
diabetes_mlp_fedavg_R60_C20_s44_architecture_mlp_fedavg_summary.json,diabetes,mlp,fedavg,44,60.0,20,weighted_ce,none,_architecture_mlp_fedavg,,,,,1.0,inf,0.7375884398563174,0.7375884398563174,60.0,0.0,0.7043943923747032,0.7331413441452437,0.7375884398563174,60.0,0.34584377638961034,0.34584377638961034,60.0,0.0,0.29099396843240405,0.33698761159376556,0.34584377638961034,60.0,0.31004773841670386,0.3188517742655352,59.0,0.008804035848831326,0.29362539744232036,0.3095892014030333,0.31622214882160904,43.0,0.3712079653731146,0.37184266965734736,59.0,0.0006347042842327344,0.33329779288122235,0.3657141147275513,0.37184266965734736,59.0,0.3224882152502636,0.3693784453938658,1.0,0.04689023014360216,0.33104471425901855,0.32016710699576645,0.3693784453938658,1.0,0.6357336652947774,0.6654566150644924,6.0,0.029722949769715012,0.6515891278711661,0.6396383017098025,0.6654566150644924,6.0,0.2060384660925528,0.22716233181578488,14.0,0.021123865723232077,0.21723901530238948,0.208721350134365,0.22716233181578488,14.0,0.2592515157850721,0.2842402653236703,4.0,0.0249887495385982,0.2719004945376618,0.2610380085026077,0.2842402653236703,4.0,219.6576,219.6576,0.0035011586183825148,0.0007550757448403046,0.006152548553305575,0.002675312092909176,0.004759699551779766,0.0016450666711586544,1.6360114799458947,1.6823656898027366,0.004856284759847298,0.005314350913969298
diabetes_mlp_fedavg_R60_C20_s44_comp_none_summary.json,diabetes,mlp,fedavg,44,60.0,20,weighted_ce,none,_comp_none,,,,,1.0,inf,0.7375145865099939,0.7375145865099939,60.0,0.0,0.7044919893805479,0.7339753378665052,0.7375145865099939,60.0,0.32979193993187517,0.3306557355320711,58.0,0.000863795600195949,0.2842829476402148,0.3245057607230427,0.3306557355320711,58.0,0.312205570947207,0.3198626045447962,50.0,0.00765703359758918,0.294713728558461,0.3110860161500271,0.3198626045447962,50.0,0.36258806140153665,0.36258806140153665,60.0,0.0,0.3305411758860053,0.3570090467114541,0.36258806140153665,60.0,0.313817501386017,0.3708066190831272,1.0,0.05698911769711018,0.3285729249047037,0.3178719288065427,0.3708066190831272,1.0,0.6356342485380767,0.6661776689132362,7.0,0.030543420375159447,0.6505128032267552,0.6380206798901411,0.6661776689132362,7.0,0.2075350857949914,0.2279761073464821,11.0,0.020441021551490718,0.2179740613898848,0.2090540848192127,0.2279761073464821,11.0,0.2621448212648946,0.28584961515689755,7.0,0.023704793892002973,0.2712879530441558,0.26233110139998533,0.28584961515689755,7.0,219.6576,219.6576,0.0035408253510916376,0.000710382560334059,0.006062772669561848,0.002584979327464923,0.004778994999452789,0.0016282931450028683,1.681191341124251,1.7408397444914954,0.004673478929898499,0.004628949267179074
diabetes_mlp_fedavg_R60_C20_s44_comp_quant4_summary.json,diabetes,mlp,fedavg,44,60.0,20,weighted_ce,quant4,_comp_quant4,,,,,1.0,inf,0.701944150027125,0.7028549189160735,57.0,0.0009107688889485877,0.6863125191871996,0.7009968019861772,0.7028549189160735,57.0,0.28649898156026055,0.2876186726396461,57.0,0.001119691079385532,0.2634633108820503,0.2851730974403717,0.2876186726396461,57.0,0.29306773549612464,0.2960861111732942,54.0,0.0030183756771695602,0.2841717468238499,0.2928643575276769,0.2960861111732942,54.0,0.3305840968539976,0.332313568949476,55.0,0.0017294720954784126,0.31430606296374175,0.33021697947169587,0.332313568949476,55.0,0.32075205485349195,0.3722977337444733,1.0,0.05154567889098133,0.3322604068100027,0.3287193313578409,0.3722977337444733,1.0,0.6397778265142708,0.6648416417313244,6.0,0.025063815217053587,0.6502582834036663,0.6404224328678374,0.6648416417313244,6.0,0.2123677163434991,0.22599458846629128,12.0,0.013626872122792177,0.21716241847624385,0.2118524062122583,0.22599458846629128,12.0,0.26851098454027666,0.2854419823683583,6.0,0.016930997828081662,0.272359896776864,0.2654744507275172,0.2854419823683583,6.0,27.534,219.6576,0.009091095055524741,0.00031694765236961323,0.017285697266691723,0.008395097298784477,0.012274559382970784,0.0033836886898962223,5.244403107536717,5.4716803767987585,0.012584431169880209,0.01614271200305545
diabetes_mlp_fedavg_R60_C20_s44_comp_quant8_summary.json,diabetes,mlp,fedavg,44,60.0,20,weighted_ce,quant8,_comp_quant8,,,,,1.0,inf,0.7354693350500967,0.7367940581459602,59.0,0.0013247230958635114,0.704138470440779,0.734772086490608,0.7367940581459602,59.0,0.3325002156839117,0.33629948795412246,59.0,0.003799272270210763,0.28542840699388017,0.3295477509071609,0.33629948795412246,59.0,0.3168492136380108,0.3169613752366814,50.0,0.0001121615986706126,0.29286528563125175,0.3125759340537602,0.3169613752366814,50.0,0.36154628920120924,0.3620696591857329,58.0,0.0005233699845236806,0.32932294240508586,0.3594763298823194,0.3620696591857329,58.0,0.32401073205509473,0.3715222774285132,1.0,0.04751154537341845,0.33287327169078357,0.3262123204576527,0.3715222774285132,1.0,0.63447546981257,0.6655216463234197,7.0,0.031046176510849732,0.6501113299512393,0.635344060035774,0.6655216463234197,7.0,0.207967577239416,0.22823449686257397,11.0,0.020266919623157964,0.21913312228119666,0.20976357056484002,0.22823449686257397,11.0,0.255866280938605,0.287135749822317,6.0,0.031269468883712015,0.2694847306890668,0.2570092995656232,0.287135749822317,6.0,54.9912,219.6576,0.0036980984269789244,0.000809938212901165,0.006142798142954745,0.0024031215061786006,0.0048867287955992105,0.0015804914247854315,1.744072957110158,1.694231179464623,0.004743134164854077,0.0037240496660769905
diabetes_mlp_fedavg_R60_C20_s44_comp_stc_summary.json,diabetes,mlp,fedavg,44,60.0,20,weighted_ce,stc,_comp_stc,,,,,1.0,inf,0.6486678100508545,0.6486954641346983,49.0,2.765408384375334e-05,0.6479818832823765,0.6485763807974858,0.6486954641346983,49.0,0.2183654517629722,0.2183874676738527,51.0,2.201591088049626e-05,0.2170795301182164,0.21805658807252679,0.2183874676738527,51.0,0.2567503065078106,0.2614470246592647,13.0,0.004696718151454116,0.2544705522576351,0.25641840975184943,0.2614470246592647,13.0,0.27799590909233707,0.27921060047729446,15.0,0.0012146913849573893,0.2779259572515125,0.2780690365008012,0.27921060047729446,15.0,0.36850048872446683,0.4066118518173751,1.0,0.038111363092908246,0.3641153456091994,0.36817833777996667,0.4066118518173751,1.0,0.6622467664957147,0.6622730073993074,18.0,2.6240903592711362e-05,0.6619232462312699,0.6622071290523873,0.6622730073993074,18.0,0.2163366292484158,0.2163366292484158,60.0,0.0,0.21529029645155306,0.21607738782625327,0.2163366292484158,60.0,0.28203062046736505,0.28328173374613,17.0,0.0012511132787649815,0.276828713934681,0.28105389921110036,0.28091603053435116,5.0,5.2515,219.6576,0.016556686506032963,1.6773781875029033e-05,0.035598438668210816,0.001070693608735353,0.02585564223635382,0.0002251714417138079,0.4058585268745863,0.05296503136287356,0.021670996333836838,0.03396177918391624
diabetes_mlp_fedavg_R60_C20_s44_comp_topk_summary.json,diabetes,mlp,fedavg,44,60.0,20,weighted_ce,topk,_comp_topk,,,,,1.0,inf,0.6669699583148274,0.667452231921541,57.0,0.0004822736067136013,0.6615459535931077,0.667026329428398,0.667452231921541,57.0,0.23721527329647082,0.23755123366736197,57.0,0.0003359603708911474,0.2308752528461725,0.237055824306523,0.23755123366736197,57.0,0.2722554728233541,0.2750689722286565,39.0,0.0028134994053024,0.2683711406221401,0.2725511118577175,0.2750689722286565,39.0,0.29661574871948015,0.2974911500810333,58.0,0.0008754013615531187,0.2904716387675431,0.2966804531147538,0.2974911500810333,58.0,0.3519771627844937,0.40518554181920535,1.0,0.05320837903471165,0.3498157362832677,0.34941252015838276,0.40518554181920535,1.0,0.6650796797319678,0.66603628678991,50.0,0.0009566070579422048,0.6648883238093871,0.6655047196229101,0.6651653171906557,8.0,0.22643075112287164,0.22687147577262332,50.0,0.0004407246497516726,0.2238397467895249,0.22652152836977751,0.22687147577262332,50.0,0.28174209107674847,0.2847193202395877,39.0,0.0029772291628392122,0.2799942700414354,0.2820799367360305,0.28250359336208025,14.0,31.69485,219.6576,0.009363447109903666,0.0004067014880443104,0.01664203300133913,0.0023943847656726905,0.012781321408292025,0.0008793895864709514,0.6068475757525713,0.346103755268814,0.007615463633140179,0.004070742099166753
diabetes_mlp_fedavg_R60_C20_s44_dp0.5_summary.json,diabetes,mlp,fedavg,44,60.0,20,weighted_ce,none,_dp0.5,,,,,0.5,342.8612600716533,0.7285412040720104,0.7291573952312084,58.0,0.0006161911591979763,0.7011356660176128,0.7277188208115473,0.7291573952312084,58.0,0.3261457286088779,0.3261457286088779,60.0,0.0,0.28230954831770533,0.32181430458216187,0.3261457286088779,60.0,0.3141284326025629,0.3164004956544084,59.0,0.0022720630518455187,0.2922482716927414,0.3097817637612986,0.3164004956544084,59.0,0.3641971500211223,0.3641971500211223,60.0,0.0,0.3310546918589036,0.3588725356374388,0.3641971500211223,60.0,0.3153479680118256,0.37065473942588556,1.0,0.055306771414059985,0.32964835225274114,0.3190804929533566,0.37065473942588556,1.0,0.6403157713126462,0.6654998228268403,6.0,0.025184051514194117,0.650434017559561,0.63918581365801,0.6654998228268403,6.0,0.2066384565579331,0.22835651434096713,11.0,0.02171805778303404,0.21782801317547432,0.20822342313023565,0.22835651434096713,11.0,0.26889419252187746,0.28506189159956735,6.0,0.01616769907768989,0.2710002254878224,0.26268008616712446,0.28506189159956735,6.0,219.6576,219.6576,0.003533755642561941,0.0007567405689944527,0.006066030566585925,0.0024454364175505584,0.004755994308684049,0.0015690915949541275,1.6662337461850485,1.671261614670584,0.004714616534946708,0.0034398966077278073
diabetes_mlp_fedavg_R60_C20_s44_dp0_summary.json,diabetes,mlp,fedavg,44,60.0,20,weighted_ce,none,_dp0,,,,,1.0,inf,0.7339779964444121,0.738516084094082,57.0,0.004538087649669897,0.7055260057169307,0.7341166218856102,0.738516084094082,57.0,0.32884463189340707,0.331943798044602,57.0,0.003099166151194932,0.2852986018306227,0.32729487081622766,0.331943798044602,57.0,0.3092696839239628,0.31327579456204213,57.0,0.004006110638079319,0.2934520253578805,0.3096577011418964,0.30759268235434767,40.0,0.3630392447415856,0.36385571695396457,57.0,0.0008164722123789603,0.33094243393614137,0.3594816220653462,0.36385571695396457,57.0,0.32185454104010885,0.37117149925359516,1.0,0.049316958213486306,0.3285777010163366,0.31708447828784125,0.37117149925359516,1.0,0.6301526103687887,0.6654326456116652,6.0,0.035280035242876484,0.649098370207722,0.6327092675040632,0.6654326456116652,6.0,0.20654859849587243,0.22828973433451505,11.0,0.021741135838642622,0.2165901220479964,0.2077859622312991,0.22828973433451505,11.0,0.25951519140068,0.2845953002610966,6.0,0.02508010886041656,0.27207382168422434,0.263543435757466,0.2845953002610966,6.0,219.6576,219.6576,0.0035422050163052923,0.0007086341525463841,0.006023202316005635,0.002274956052708322,0.004773456186074654,0.0014751316047964945,1.6675076004910883,1.5900059325167604,0.004446883031016042,0.0030772814462480032
diabetes_mlp_fedavg_R60_C20_s44_dp1.0_summary.json,diabetes,mlp,fedavg,44,60.0,20,weighted_ce,none,_dp1.0,,,,,1.0,110.68837010237718,0.7418227524179377,0.7426405942111551,58.0,0.000817841793217422,0.7062363267635661,0.7388110910286729,0.7426405942111551,58.0,0.34114339592986376,0.34327941522780514,59.0,0.002136019297941383,0.28962326113979037,0.3392707887744287,0.34327941522780514,59.0,0.3105997888653811,0.31908229823704654,57.0,0.008482509371665448,0.2950091982850392,0.3114652759164499,0.31908229823704654,57.0,0.3714553081867535,0.37509509099285165,55.0,0.0036397828060981685,0.33430394343422404,0.3696650041933345,0.37509509099285165,55.0,0.31686401391549507,0.3710231117156079,1.0,0.054159097800112854,0.3285911097906812,0.3176393170895253,0.3710231117156079,1.0,0.6310748821267647,0.6656849272400358,7.0,0.03461004511327115,0.6483462780091422,0.6324127678824792,0.6656849272400358,7.0,0.20564240867958616,0.22921988629104073,13.0,0.023577477611454567,0.2173077878067836,0.20765459872604355,0.22921988629104073,13.0,0.25276360544217685,0.28527205619716633,8.0,0.03250845075498948,0.26803552613639786,0.2551150937360364,0.28527205619716633,8.0,219.6576,219.6576,0.0035494141768465165,0.0007168486055701465,0.006186711949702331,0.002425217467786203,0.004839556902134311,0.0015542105489155464,1.7047467206873839,1.659498001636166,0.004624288231674217,0.003258313763592004
diabetes_mlp_fedavg_R60_C20_s44_dp2.0_summary.json,diabetes,mlp,fedavg,44,60.0,20,weighted_ce,none,_dp2.0,,,,,2.0,39.83175401905626,0.7385970067794876,0.7406253252778615,58.0,0.0020283184983739266,0.7071212314581221,0.7373429013396777,0.7406253252778615,58.0,0.3333310911703467,0.3344299512509665,59.0,0.001098860080619768,0.2863490261788197,0.3290648641064758,0.3344299512509665,59.0,0.31217381067287225,0.323936872285566,57.0,0.011763061612693748,0.2960238459280589,0.3161330286457026,0.323936872285566,57.0,0.371620984374446,0.371620984374446,60.0,0.0,0.335030410820972,0.3664847392358218,0.371620984374446,60.0,0.31980823217882637,0.3712455372390861,1.0,0.05143730506025973,0.3286916171637947,0.31719231422759225,0.3712455372390861,1.0,0.635739714130517,0.6661307465131725,7.0,0.030391032382655503,0.6500387315820689,0.6378002475153467,0.6661307465131725,7.0,0.20910224354298657,0.22669743842497014,10.0,0.017595194881983578,0.21826296074660814,0.2105903056482223,0.22669743842497014,10.0,0.2568265682656827,0.2868929750117869,7.0,0.030066406746104224,0.26960945001972986,0.2600250390913152,0.2868929750117869,7.0,219.6576,219.6576,0.0035471206481479532,0.0007249367302294568,0.0060502877037098505,0.002423639836035617,0.004785196428249699,0.001559080337182216,1.6860113618085582,1.6813850587886918,0.004470277294982237,0.0039874228604143795
diabetes_mlp_fedavg_R60_C20_s44_loss_cb_summary.json,diabetes,mlp,fedavg,44,60.0,20,cb,none,_loss_cb,,,,,1.0,inf,0.7388456970587198,0.7388456970587198,60.0,0.0,0.7004265603369805,0.7338516990565147,0.7388456970587198,60.0,0.3623169259925561,0.3628775702738768,59.0,0.000560644281320688,0.2991227590095482,0.3544206734063529,0.3628775702738768,59.0,0.195236418274172,0.19546406207388645,46.0,0.00022764379971443316,0.11892711429141754,0.17991523864090928,0.19546406207388645,46.0,0.37554544233286685,0.37554544233286685,60.0,0.0,0.33173448092816443,0.3667784191521828,0.37554544233286685,60.0,0.058184459799846856,0.142393814844833,1.0,0.08420935504498614,0.06252390096618625,0.0586423617618807,0.142393814844833,1.0,0.6327396672959631,0.6659995796435645,6.0,0.033259912347601395,0.6495195193503093,0.6354364578841153,0.6659995796435645,6.0,0.19915073588491175,0.22573544803343032,11.0,0.02658471214851857,0.2124154556751214,0.20036316699947387,0.22573544803343032,11.0,0.09923664122137404,0.1111111111111111,48.0,0.01187446988973706,0.07446196878273921,0.0896164925708292,0.10078740157480315,22.0,219.6576,219.6576,0.0034560123849916463,0.000764805046223634,0.006040692153019399,0.002518796347742183,0.004752456714293365,0.0016613635301368317,1.59592148330424,1.6448827703206916,0.0038559253881203,0.002151708280195742
diabetes_mlp_fedavg_R60_C20_s44_loss_focal_summary.json,diabetes,mlp,fedavg,44,60.0,20,focal,none,_loss_focal,,,,,1.0,inf,0.7329557797691355,0.7336385989716465,59.0,0.0006828192025110091,0.7007644001969187,0.7313377297600315,0.7336385989716465,59.0,0.336133939056127,0.3366061449324717,58.0,0.00047220587634472233,0.2857762951880669,0.33358035213526077,0.3366061449324717,58.0,0.30576180838196165,0.3099422887536375,59.0,0.004180480371675843,0.287679941679233,0.3061940515747722,0.3099422887536375,59.0,0.3674206830430068,0.3674206830430068,60.0,0.0,0.33091140130772495,0.36445248511811973,0.3674206830430068,60.0,0.3557903343509839,0.38623311808546795,1.0,0.030442783734484058,0.3678625365294424,0.3603904693921069,0.38623311808546795,1.0,0.6332793815670339,0.6647097469935153,7.0,0.031430365426481366,0.649059173668466,0.6350853731672341,0.6647097469935153,7.0,0.2034350281738861,0.22763808711784606,14.0,0.024203058943959965,0.21634405819142974,0.20597267800609664,0.22763808711784606,14.0,0.2583010796496231,0.27854042003989204,10.0,0.020239340390268923,0.2669431314949697,0.25896308263420387,0.27854042003989204,10.0,219.6576,219.6576,0.003403540226279054,0.0007134383077394028,0.005849573243588728,0.0025716853385311968,0.004568967596996483,0.001572858502837284,1.553619029160033,1.6237003071801155,0.006050145537553574,0.007183644572743103
diabetes_mlp_fedavg_R60_C20_s44_loss_ldam_summary.json,diabetes,mlp,fedavg,44,60.0,20,ldam,none,_loss_ldam,,,,,1.0,inf,0.7054444163298866,0.7054444163298866,60.0,0.0,0.6796533286396413,0.700225624101635,0.7054444163298866,60.0,0.27496449671093864,0.27496449671093864,60.0,0.0,0.2490184331292298,0.2683647010147556,0.27496449671093864,60.0,0.304562112553018,0.3075825396685371,50.0,0.0030204271155190865,0.2866672537575974,0.3000046566595941,0.3075825396685371,50.0,0.350292967419879,0.350292967419879,60.0,0.0,0.32015742726966595,0.3429365560038169,0.350292967419879,60.0,0.371981389347322,0.38227515568664183,56.0,0.010293766339319832,0.37548516764647444,0.37391050891584293,0.3822616887666686,3.0,0.6408254421962464,0.6620544712466712,4.0,0.021229029050424786,0.6540387417387588,0.6459253649468413,0.6620544712466712,4.0,0.21231815608397908,0.2244157019716982,9.0,0.012097545887719108,0.2150624569103399,0.21026467977449145,0.2244157019716982,9.0,0.26794706640121796,0.28104575163398693,9.0,0.01309868523276897,0.2731157162909026,0.27077599763474125,0.28104575163398693,9.0,219.6576,219.6576,0.00358669001259098,0.0009699841720238867,0.0052797194273710235,0.0021981358710690163,0.004478106044663564,0.0016374401020585077,1.2937964684801424,1.2949876745387883,0.0031421126539659997,0.002304074247439058
diabetes_mlp_fedavg_R60_C20_s44_loss_weighted_ce_summary.json,diabetes,mlp,fedavg,44,60.0,20,weighted_ce,none,_loss_weighted_ce,,,,,1.0,inf,0.731681779138768,0.7364051358522655,58.0,0.004723356713497551,0.7021345743134334,0.7323710729868124,0.7364051358522655,58.0,0.33283397964705264,0.33653266157170253,58.0,0.0036986819246498936,0.2848538421568577,0.32938125599136486,0.33653266157170253,58.0,0.3159982415703093,0.3214772439083653,57.0,0.005479002338055983,0.29256495366295976,0.31322526437131837,0.3214772439083653,57.0,0.3663717391865279,0.3707290862621979,58.0,0.004357347075670037,0.3320659647403564,0.3645209440693275,0.3707290862621979,58.0,0.32086056363630744,0.3705797211756901,1.0,0.04971915753938266,0.3314152668582908,0.3231746479213462,0.3705797211756901,1.0,0.634411241718554,0.6652001293697881,7.0,0.03078888765123411,0.6485994422822853,0.6352551045020455,0.6652001293697881,7.0,0.21066804596355904,0.22712945295730186,14.0,0.016461406993742822,0.21823449612076062,0.2101838610473668,0.22712945295730186,14.0,0.2631578947368421,0.28427111476565253,7.0,0.021113220028810442,0.268869492149502,0.2602777450876927,0.28427111476565253,7.0,219.6576,219.6576,0.0035630793302251548,0.0007231179362707276,0.006089123542950042,0.0022613428996304127,0.004807316580313839,0.0014716728920831721,1.6740342146872915,1.556614311210069,0.004546729069896337,0.004390975755059263
diabetes_mlp_fedavg_R60_C20_s44_summary.json,diabetes,mlp,fedavg,44,60.0,20,weighted_ce,none,,,,,,1.0,inf,0.7324744433539329,0.7361059028447405,57.0,0.003631459490807676,0.7030777715411646,0.7330058571913328,0.7361059028447405,57.0,0.33117163507478453,0.3327172886977904,59.0,0.0015456536230058493,0.28133159597878005,0.32583316937621626,0.3327172886977904,59.0,0.3067522794628251,0.31645519865388577,54.0,0.0097029191910607,0.2911802605616488,0.3084547027276803,0.31645519865388577,54.0,0.36736424396591044,0.36879238259068886,59.0,0.001428138624778419,0.33095901625906543,0.3638294678153597,0.36879238259068886,59.0,0.32099012039777824,0.37139298717743735,1.0,0.050402866779659106,0.3304904789311509,0.320253106441098,0.37139298717743735,1.0,0.633532328316347,0.6656187414315481,7.0,0.03208641311520111,0.6482834514797285,0.6346121396167669,0.6656187414315481,7.0,0.20638430954236198,0.22776480422667672,14.0,0.021380494684314744,0.21729478189967733,0.20788625969099664,0.22776480422667672,14.0,0.25303935709870184,0.28826045627376423,7.0,0.03522109917506239,0.2687333207950325,0.25602005522432675,0.28826045627376423,7.0,219.6576,219.6576,0.003557835473199213,0.0006896205397573288,0.006037909208365704,0.002303519979251194,0.0047511836604941645,0.0014574391092261115,1.6407101546620348,1.5494554552046793,0.004558908100063961,0.004477758189774683
diabetes_mlp_fedavg_R60_C20_s45_comp_none_summary.json,diabetes,mlp,fedavg,45,60.0,20,weighted_ce,none,_comp_none,,,,,1.0,inf,0.7324434433629364,0.7324434433629364,60.0,0.0,0.7004224853327033,0.7291633886514517,0.7324434433629364,60.0,0.3220276346006219,0.3220276346006219,60.0,0.0,0.2755202957037276,0.3165865839291713,0.3220276346006219,60.0,0.3193463134234839,0.3226027492746897,58.0,0.0032564358512057745,0.30092070804187193,0.3168745227673514,0.3226027492746897,58.0,0.3628143134087987,0.3659484067366588,58.0,0.003134093327860077,0.3332845481801295,0.36166123867445676,0.3659484067366588,58.0,0.3116867798077829,0.35951607903269855,2.0,0.04782929922491563,0.32570150743521775,0.3148390571259929,0.35951607903269855,2.0,0.6244757529282012,0.6614456596943085,4.0,0.03696990676610723,0.6444523333086861,0.6265682058435368,0.6614456596943085,4.0,0.19500151673566485,0.21257843856167674,7.0,0.017576921826011893,0.2044488430988704,0.196434756784077,0.21257843856167674,7.0,0.25311673592746503,0.27654202236383313,8.0,0.023425286436368098,0.2637324990065688,0.25262674179410116,0.27654202236383313,8.0,219.6576,219.6576,0.0034314915733516527,0.0006784881794986017,0.0063667420680689245,0.002557861676954324,0.00481411118415223,0.001550084241973761,1.7073912177095432,1.678669585924581,0.004396229005502939,0.0030809321495012323
diabetes_mlp_fedavg_R60_C20_s45_comp_quant4_summary.json,diabetes,mlp,fedavg,45,60.0,20,weighted_ce,quant4,_comp_quant4,,,,,1.0,inf,0.6946223466549997,0.6951079431132696,56.0,0.00048559645826995457,0.6812119116456101,0.693967276878181,0.6951079431132696,56.0,0.2704177663873327,0.2704177663873327,60.0,0.0,0.2492654458062078,0.2680742956612455,0.2704177663873327,60.0,0.30417590388879717,0.30417590388879717,60.0,0.0,0.28988726490931077,0.29803263163590843,0.29364516126623275,20.0,0.3275999693778779,0.3275999693778779,60.0,0.0,0.3119758812816473,0.3237366718295547,0.3275999693778779,60.0,0.32070272064760735,0.3635504912474831,2.0,0.04284777059987577,0.33285881659035554,0.3310405452310362,0.3635504912474831,2.0,0.6407890613356462,0.6612105080675655,5.0,0.020421446731919368,0.6494878840648851,0.6405429289386291,0.6612105080675655,5.0,0.19956900748641704,0.21225239624882986,7.0,0.012683388762412817,0.20496317366350963,0.19909023752534902,0.21225239624882986,7.0,0.2634081902245707,0.2751971954425942,4.0,0.011789005218023507,0.2676986205884534,0.2638686269662132,0.2751971954425942,4.0,27.534,219.6576,0.00887730093254183,0.00021323090188599586,0.018443436326844587,0.014120808146189585,0.012581505523983075,0.005074368497723269,5.279115862049851,8.27548034344909,0.012351650317094908,0.020654084996117504
diabetes_mlp_fedavg_R60_C20_s45_comp_quant8_summary.json,diabetes,mlp,fedavg,45,60.0,20,weighted_ce,quant8,_comp_quant8,,,,,1.0,inf,0.7311024440995564,0.7312842520363547,59.0,0.0001818079367983394,0.7006242140735518,0.7271477393192386,0.7312842520363547,59.0,0.32480356850774217,0.3263460308839075,59.0,0.0015424623761653433,0.27608746299877873,0.3191166749089354,0.3263460308839075,59.0,0.3218318220897791,0.3218318220897791,60.0,0.0,0.2983100902815009,0.31480513044637803,0.3218318220897791,60.0,0.3584431437944065,0.3593854298531253,58.0,0.000942286058718822,0.3302726387178432,0.3561469810734216,0.3593854298531253,58.0,0.2988305740357714,0.35771581452923645,2.0,0.05888524049346505,0.323897094037077,0.31219737180141355,0.35771581452923645,2.0,0.6291605762085787,0.6611585156889983,4.0,0.031997939480419624,0.6458966670697551,0.632423390993379,0.6611585156889983,4.0,0.1932220825725355,0.21211158385322196,7.0,0.01888950128068645,0.20308617742782253,0.19485103428352885,0.21211158385322196,7.0,0.2553245759469455,0.275259982025934,4.0,0.01993540607898847,0.2660779969253929,0.25756807689634686,0.275259982025934,4.0,54.9912,219.6576,0.003583437107801822,0.0007832013051924097,0.006246565400965288,0.0023919095512241156,0.004852725457755838,0.0015326455943239388,1.751529697631804,1.6971645920984884,0.0037997534215787254,0.0034811153138747785
diabetes_mlp_fedavg_R60_C20_s45_comp_stc_summary.json,diabetes,mlp,fedavg,45,60.0,20,weighted_ce,stc,_comp_stc,,,,,1.0,inf,0.6523063458995834,0.6533618470942928,57.0,0.0010555011947094295,0.6523908199816171,0.6529405810113426,0.6527334394608503,20.0,0.2168378619767373,0.21704106724332686,57.0,0.00020320526658956783,0.21534209325695208,0.2164488853649859,0.21704106724332686,57.0,0.25430208846921776,0.2663308548954016,57.0,0.012028766426183835,0.2220601327472913,0.25737140887065824,0.2640459202109291,32.0,0.28469822574524434,0.2858025977039833,57.0,0.00110437195873897,0.284075490918863,0.2852852558598865,0.2850220832569154,23.0,0.37837921940282565,0.38180777028981344,57.0,0.003428550886987791,0.3533427802198696,0.3745211940315475,0.36568780833629033,1.0,0.6573024707511183,0.6579473117794324,56.0,0.0006448410283141914,0.6573649795702455,0.6576768196416389,0.6576574696419977,20.0,0.2094912595973642,0.2094912595973642,60.0,0.0,0.20831007938829912,0.20918675288874794,0.2094912595973642,60.0,0.25938816633082984,0.2661175352447331,57.0,0.006729368913903244,0.22620438885330507,0.26291007532073235,0.26436213991769547,33.0,5.2515,219.6576,0.015652750690668432,2.5532148606893693e-05,0.03755291910572005,0.0018565979367789816,0.02615452255108537,0.00036365516664811404,0.4228626981563328,0.09471683177980594,0.06216461829935076,0.3271620021194692
diabetes_mlp_fedavg_R60_C20_s45_comp_topk_summary.json,diabetes,mlp,fedavg,45,60.0,20,weighted_ce,topk,_comp_topk,,,,,1.0,inf,0.6650903835800513,0.6650903835800513,60.0,0.0,0.6604846711575294,0.6647164245492434,0.6650903835800513,60.0,0.22984989637307268,0.22984989637307268,60.0,0.0,0.22532634463731643,0.22901371224871236,0.22984989637307268,60.0,0.2800829780627329,0.283054538539811,55.0,0.0029715604770780835,0.2657753104505746,0.2810799165359482,0.283054538539811,55.0,0.2986116740701534,0.2987265041544703,54.0,0.00011483008431689701,0.2935370306047262,0.29805458587274963,0.2927696481606594,15.0,0.33736385442808864,0.36250903790030103,1.0,0.025145183472212396,0.3388002357743242,0.3403431498951379,0.36250903790030103,1.0,0.6620223070018562,0.6632660078673016,32.0,0.0012437008654454518,0.6617692284832998,0.6619049570786161,0.6632660078673016,32.0,0.21240023042124512,0.2146696283276613,26.0,0.0022693979064161707,0.21244933479647887,0.2122420591524537,0.2146696283276613,26.0,0.2689973995954926,0.27385772122614227,30.0,0.004860321630649644,0.261419235404805,0.269798246301043,0.27385772122614227,30.0,31.69485,219.6576,0.008860790858128739,0.0003648878222532126,0.016188944445421176,0.0024026789052755382,0.012236638028977264,0.0007886205212601286,0.5904464898470185,0.3483939692232525,0.009854096568473624,0.0009032575022372781
diabetes_mlp_fedavg_R60_C20_s45_dp0.5_summary.json,diabetes,mlp,fedavg,45,60.0,20,weighted_ce,none,_dp0.5,,,,,0.5,342.8612600716533,0.7315290040639626,0.7315290040639626,60.0,0.0,0.6985077272342625,0.7258270273024384,0.7315290040639626,60.0,0.3214396539193323,0.3214396539193323,60.0,0.0,0.27273082617718797,0.3148427663393235,0.3214396539193323,60.0,0.314051627995488,0.3165586249756822,58.0,0.002506996980194187,0.29700846764906136,0.3092581768337539,0.3165586249756822,58.0,0.35930281390927366,0.36340019050275246,57.0,0.0040973765934788076,0.3292921265739445,0.35757661403473295,0.36340019050275246,57.0,0.3075182996757057,0.360638380189449,2.0,0.053120080513743284,0.32587521044365036,0.31759825721489754,0.360638380189449,2.0,0.63247699472155,0.6611953483298613,5.0,0.02871835360831132,0.6476737029016356,0.6339289838573391,0.6611953483298613,5.0,0.19336091221830398,0.21283545878185406,7.0,0.019474546563550077,0.20373948001831402,0.19473905413288456,0.21283545878185406,7.0,0.2652056143806944,0.2755126658624849,8.0,0.010307051481790508,0.26726869004809223,0.26238395746292903,0.2755126658624849,8.0,219.6576,219.6576,0.00343029142314562,0.0006762984069972721,0.006264914881991447,0.0024916028148387888,0.004765146335001364,0.0015154961463835696,1.6770957827922,1.6421034221602895,0.004319534996875364,0.003595954370004666
diabetes_mlp_fedavg_R60_C20_s45_dp0_summary.json,diabetes,mlp,fedavg,45,60.0,20,weighted_ce,none,_dp0,,,,,1.0,inf,0.7318468019275571,0.7318468019275571,60.0,0.0,0.7007701761701409,0.7261129092836272,0.7318468019275571,60.0,0.3231937587436685,0.3231937587436685,60.0,0.0,0.27525822043635356,0.3172101476269543,0.3231937587436685,60.0,0.3297989859684315,0.3297989859684315,60.0,0.0,0.2991833172800175,0.3159107568974978,0.3297989859684315,60.0,0.3655282719574887,0.3661008293103097,58.0,0.0005725573528209682,0.3324333891291413,0.36180619251715224,0.3661008293103097,58.0,0.31351231376020416,0.36169371472881445,2.0,0.04818140096861029,0.3258914782887362,0.3160646915025767,0.36169371472881445,2.0,0.6228059479783059,0.6608188522281476,5.0,0.03801290424984172,0.6426726646018301,0.6260523129417627,0.6608188522281476,5.0,0.1974660708098478,0.2125624183138757,16.0,0.015096347504027913,0.2040773860747778,0.19626270637708393,0.2125624183138757,16.0,0.2540994189799871,0.27581395348837207,7.0,0.021714534508384953,0.26430816143372715,0.2549789135025518,0.27581395348837207,7.0,219.6576,219.6576,0.0034401853279757448,0.0006724814481737774,0.006291648185155694,0.002501042617461975,0.004801530777552149,0.0015364201685647925,1.7037931291609463,1.7034963694695762,0.004466962748603269,0.003491928693016114
diabetes_mlp_fedavg_R60_C20_s45_dp1.0_summary.json,diabetes,mlp,fedavg,45,60.0,20,weighted_ce,none,_dp1.0,,,,,1.0,110.68837010237718,0.7346542804790384,0.7346542804790384,60.0,0.0,0.7019804337717807,0.7303015822825738,0.7346542804790384,60.0,0.3241047368650205,0.3241047368650205,60.0,0.0,0.2735102919996623,0.31680691643668846,0.3241047368650205,60.0,0.32240512393903226,0.32240512393903226,60.0,0.0,0.29852745854579454,0.3135842172855475,0.32240512393903226,60.0,0.36045259999389007,0.36228213394555925,58.0,0.0018295339516691822,0.32972503759284677,0.3577452149310953,0.36228213394555925,58.0,0.30974715677910747,0.35932551135125596,2.0,0.049578354572148486,0.3251708950834586,0.3146334895871005,0.35932551135125596,2.0,0.6277364644248895,0.6611066362554966,4.0,0.03337017183060709,0.6451393896468731,0.6302920586216013,0.6611066362554966,4.0,0.19391480257671354,0.21267990622729913,7.0,0.01876510365058559,0.2033710935748396,0.19518370917469485,0.21267990622729913,7.0,0.2564466524722025,0.2751201647974365,7.0,0.01867351232523401,0.26486384608159536,0.2574581091089481,0.2751201647974365,7.0,219.6576,219.6576,0.0034235112999845565,0.0006933458128642618,0.006210569522552434,0.002573856728590645,0.004724764413599384,0.0015763137694004632,1.6945539689038165,1.7657651772333338,0.004231001841834359,0.004638705671626603
diabetes_mlp_fedavg_R60_C20_s45_dp2.0_summary.json,diabetes,mlp,fedavg,45,60.0,20,weighted_ce,none,_dp2.0,,,,,2.0,39.83175401905626,0.7323196571520458,0.7324131785258172,57.0,9.352137377138803e-05,0.7012711639332134,0.7290180688681626,0.7324131785258172,57.0,0.32419694780774183,0.32542863284376095,59.0,0.0012316850360191145,0.27539734148896183,0.3189643638683835,0.32542863284376095,59.0,0.3131823930865839,0.3131823930865839,60.0,0.0,0.297546023593422,0.3083324512751636,0.3122692702493768,47.0,0.36288940455208313,0.3643339615952986,57.0,0.0014445570432154997,0.33252177637261815,0.3603027518922886,0.3643339615952986,57.0,0.31235719965332553,0.35980555417591703,2.0,0.047448354522591496,0.32633883383334605,0.3178277569891084,0.35980555417591703,2.0,0.6265047482858579,0.6620242270679727,5.0,0.03551947878211481,0.6452310903731701,0.6283113447696319,0.6620242270679727,5.0,0.19375316589582753,0.2128149582196303,7.0,0.019061792323802784,0.2019861258818237,0.19280660004672048,0.2128149582196303,7.0,0.25486725663716814,0.27747353048557866,10.0,0.02260627384841052,0.26601156159207295,0.2563496951458294,0.27747353048557866,10.0,219.6576,219.6576,0.0034446485571591728,0.0006922938239730825,0.006271289676355435,0.0025450965514798004,0.004772010999651532,0.0015507339122080388,1.6819651792752361,1.6750529581313458,0.004144191277631329,0.003584859594471249
diabetes_mlp_fedavg_R60_C20_s45_loss_cb_summary.json,diabetes,mlp,fedavg,45,60.0,20,cb,none,_loss_cb,,,,,1.0,inf,0.7147804109332042,0.716851669564799,58.0,0.0020712586315947412,0.6909725519375456,0.7119422877337741,0.716851669564799,58.0,0.33832950704997855,0.33832950704997855,60.0,0.0,0.2815037622178102,0.32823773708350157,0.33832950704997855,60.0,0.18268511246968566,0.2044599254585471,57.0,0.02177481298886144,0.12036267980368115,0.189382174281234,0.2044599254585471,57.0,0.3530855685086999,0.35549513802799426,58.0,0.0024095695192943856,0.3228206386300414,0.3493920051250633,0.35549513802799426,58.0,0.051865560743535176,0.13191419749739333,1.0,0.08004863675385815,0.059413300237332364,0.0558031826540618,0.13191419749739333,1.0,0.6284027650156825,0.6608531498797587,7.0,0.032450384864076254,0.646224563955495,0.6327400023663245,0.6608531498797587,7.0,0.19736591742855314,0.2123210301768938,7.0,0.01495511274834066,0.2057744686998367,0.19959809633003683,0.2123210301768938,7.0,0.10161836657884833,0.1324314702741189,47.0,0.030813103695270558,0.08715986039877606,0.11677619453492183,0.12313296903460838,32.0,219.6576,219.6576,0.0032802716145632982,0.0007119230391663109,0.006204407015007951,0.00279059156723096,0.004638159199246992,0.001696403608356739,1.6067234810747322,1.6823514256830094,0.003264198535943283,0.002424714356614714
diabetes_mlp_fedavg_R60_C20_s45_loss_focal_summary.json,diabetes,mlp,fedavg,45,60.0,20,focal,none,_loss_focal,,,,,1.0,inf,0.7227869753614965,0.7243759213578015,59.0,0.0015889459963049912,0.6962463679129137,0.7207973581897249,0.7243759213578015,59.0,0.32356462396366664,0.32450961256648475,58.0,0.0009449886028181087,0.27479302148917406,0.31811869461695785,0.32450961256648475,58.0,0.30029928478805423,0.3071296207118506,46.0,0.006830335923796393,0.2893947384738459,0.29550852842766817,0.29915459494059005,29.0,0.3536852026298941,0.3536852026298941,60.0,0.0,0.3262867253304336,0.35094386447651277,0.3536852026298941,60.0,0.3639531674170867,0.37919834338133246,16.0,0.015245175964245739,0.368956213071534,0.36507130492884377,0.37919834338133246,16.0,0.6275200114812424,0.6604907342628997,4.0,0.03297072278165736,0.6417564956422365,0.6271376987086464,0.6604907342628997,4.0,0.19143018735051923,0.21277751827922864,7.0,0.021347330928709413,0.20135961670086303,0.19254030075857298,0.21277751827922864,7.0,0.25,0.2740609024227606,5.0,0.0240609024227606,0.2620408461584721,0.2512189836217571,0.2740609024227606,5.0,219.6576,219.6576,0.003305215733614765,0.0006711472858989384,0.006004390784895319,0.0023675330986946915,0.0046032387859204415,0.0014669591448898056,1.5605655862265697,1.53525147799337,0.0063404656615969335,0.006532962329308686
diabetes_mlp_fedavg_R60_C20_s45_loss_ldam_summary.json,diabetes,mlp,fedavg,45,60.0,20,ldam,none,_loss_ldam,,,,,1.0,inf,0.6929492778619085,0.6963176048729168,59.0,0.0033683270110083097,0.6788513160983651,0.6921648148868723,0.6963176048729168,59.0,0.2654730440989269,0.27209475451230125,55.0,0.006621710413374338,0.24526822980711224,0.26773061073041304,0.2603924189281444,40.0,0.30607308754498136,0.30916571473243437,50.0,0.003092627187453012,0.2915942002024451,0.3025951013880034,0.30916571473243437,50.0,0.34390838964315906,0.3457058732823949,59.0,0.0017974836392358196,0.3227849862554427,0.34229946120269605,0.3457058732823949,59.0,0.36839744561006615,0.37994401285376755,5.0,0.0115465672437014,0.3724068257681523,0.3699229008597048,0.37994401285376755,5.0,0.6272625469293023,0.6608860796411298,6.0,0.0336235327118275,0.6463290868749517,0.6312249346662993,0.6608860796411298,6.0,0.19879689104107234,0.21228566123188441,6.0,0.013488770190812072,0.20319380649756752,0.19754545104992172,0.21228566123188441,6.0,0.2614226375908619,0.2752232142857143,7.0,0.013800576694852407,0.26776619200329993,0.26455110870866816,0.2752232142857143,7.0,219.6576,219.6576,0.003430662013598756,0.000910261067398804,0.005545855514561184,0.0026749536054350106,0.004447424189252113,0.0017161704507987112,1.2254015103593323,1.2484517173170389,0.0029517718789102147,0.003481377652848378
diabetes_mlp_fedavg_R60_C20_s45_loss_weighted_ce_summary.json,diabetes,mlp,fedavg,45,60.0,20,weighted_ce,none,_loss_weighted_ce,,,,,1.0,inf,0.7312275518437169,0.7312275518437169,60.0,0.0,0.7009062218828743,0.7283264322690763,0.7312275518437169,60.0,0.3193411982118068,0.3193411982118068,60.0,0.0,0.2741664148138126,0.3153563754217495,0.3193411982118068,60.0,0.32848441202256695,0.32848441202256695,60.0,0.0,0.3015801691833514,0.3192438985456281,0.32848441202256695,60.0,0.35939755524816996,0.35939755524816996,60.0,0.0,0.3311731535639889,0.35560294955371496,0.35939755524816996,60.0,0.30761873222216957,0.35767657965365424,2.0,0.05005784743148467,0.32436891376986193,0.31545647095592755,0.35767657965365424,2.0,0.6248162697517703,0.6608485442309694,5.0,0.0360322744791991,0.64363836875734,0.6261790360505088,0.6608485442309694,5.0,0.18973514609556263,0.21259421449453358,7.0,0.02285906839897095,0.2014063454398735,0.19069780725272617,0.21259421449453358,7.0,0.25621954347268533,0.27419156522808313,9.0,0.017972021755397805,0.26449693527911255,0.25566227380247336,0.27419156522808313,9.0,219.6576,219.6576,0.0034639234952461755,0.0006936938705580076,0.006233601230162408,0.0023375052125776054,0.004778394188835644,0.0014692741878590196,1.7045151406187717,1.6183773586199095,0.004161534595440559,0.003605632847302183
diabetes_mlp_fedavg_R60_C20_s45_summary.json,diabetes,mlp,fedavg,45,60.0,20,weighted_ce,none,,,,,,1.0,inf,0.7248726183310997,0.7265853340992793,55.0,0.0017127157681795513,0.7003532318871729,0.7240136033607272,0.7265853340992793,55.0,0.324291700026002,0.324291700026002,60.0,0.0,0.2779334255281627,0.3166881957172657,0.324291700026002,60.0,0.3143150193105331,0.3166420783964945,58.0,0.002327059085961425,0.29891997990079827,0.31082389394704457,0.3166420783964945,58.0,0.36031819491679407,0.36038698520145146,59.0,6.879028465739401e-05,0.33128248486967266,0.35382539818988207,0.3435080451691339,31.0,0.30707010688720165,0.3578803734032143,2.0,0.05081026651601267,0.325475585408381,0.3156208512230746,0.3578803734032143,2.0,0.6321832120562683,0.6611274432464849,4.0,0.028944231190216607,0.6446569550475459,0.6324945928177279,0.6611274432464849,4.0,0.19513280686311907,0.21238475250086591,6.0,0.017251945637746846,0.20278601666651364,0.1956495980529513,0.21238475250086591,6.0,0.26459336048377147,0.27533316570279104,4.0,0.010739805219019571,0.2657042476889494,0.26286379125660425,0.27533316570279104,4.0,219.6576,219.6576,0.003482970663066557,0.0007171257310904064,0.00625548021268839,0.0025242713065673637,0.004808260364514597,0.0015714965796727422,1.7004302949004038,1.715182334297424,0.004171215787724047,0.0035728456720718863
diabetes_mlp_fedavg_R60_C20_s46_comp_none_summary.json,diabetes,mlp,fedavg,46,60.0,20,weighted_ce,none,_comp_none,,,,,1.0,inf,0.7423998161019679,0.7423998161019679,60.0,0.0,0.7107815653643649,0.741013534517971,0.7423998161019679,60.0,0.3276676396943341,0.32824206093145014,59.0,0.0005744212371160407,0.28195381135107006,0.3256417227729469,0.32824206093145014,59.0,0.3171134310748921,0.3238099990786654,58.0,0.006696568003773329,0.3006654467351092,0.3154359198885831,0.3109146490285514,29.0,0.3691992496640586,0.3757827820320416,53.0,0.0065835323679829805,0.34043601296175574,0.37224926280450876,0.3757827820320416,53.0,0.31352884436791845,0.36436311980987623,1.0,0.05083427544195779,0.3312497700377041,0.31926075652061464,0.36436311980987623,1.0,0.631032050847969,0.6645099220734264,7.0,0.03347787122545742,0.6502560496012563,0.6335428447569068,0.6645099220734264,7.0,0.1997209662186844,0.22538031829982225,13.0,0.025659352081137843,0.21387096426135122,0.2015924892546829,0.22538031829982225,13.0,0.258412962193602,0.28319018404907975,5.0,0.02477722185547776,0.2679821404353951,0.2582073433587936,0.28319018404907975,5.0,219.6576,219.6576,0.0034111538736430512,0.0006700855096379327,0.006261653849687274,0.002500070680568586,0.004721382934015793,0.0015022938740428906,1.675082345422902,1.5975740928479354,0.00440769826282857,0.0034269637054011376
diabetes_mlp_fedavg_R60_C20_s46_comp_quant4_summary.json,diabetes,mlp,fedavg,46,60.0,20,weighted_ce,quant4,_comp_quant4,,,,,1.0,inf,0.6968383633106624,0.6968383633106624,60.0,0.0,0.6861294707213818,0.6943542035994573,0.6961326524653821,41.0,0.2700541568555285,0.2704613925170351,41.0,0.00040723566150657753,0.255280766180221,0.26571185905795286,0.2704613925170351,41.0,0.3026899421054796,0.3026899421054796,60.0,0.0,0.2900138558803527,0.29737512992470083,0.30096497190926785,39.0,0.32753660193810935,0.32788702356592164,48.0,0.0003504216278122918,0.31664757028595575,0.3262317547070731,0.3250623607198384,28.0,0.304348672502323,0.36360894381320985,1.0,0.05926027131088685,0.33017215262593785,0.3187682101475774,0.36360894381320985,1.0,0.6408529882428202,0.6647293366876846,8.0,0.023876348444864415,0.6513593455273512,0.6413161608978258,0.6647293366876846,8.0,0.20912775418596075,0.22666644965835914,12.0,0.01753869547239839,0.21610013635788625,0.20785842851064942,0.22666644965835914,12.0,0.2667155604449334,0.2816970289766475,5.0,0.014981468531714115,0.27098968111558897,0.2675725491487997,0.2816970289766475,5.0,27.534,219.6576,0.008524269693694514,0.0001213841121086536,0.01699286637085432,0.0063939800021187215,0.010935438528207534,0.0017628167321998866,5.2573216711085475,4.147582004483411,0.012630287958197435,0.016939615738229205
diabetes_mlp_fedavg_R60_C20_s46_comp_quant8_summary.json,diabetes,mlp,fedavg,46,60.0,20,weighted_ce,quant8,_comp_quant8,,,,,1.0,inf,0.7407426151273973,0.7407426151273973,60.0,0.0,0.7089368785559564,0.7378379282946383,0.7407426151273973,60.0,0.333905039368646,0.333905039368646,60.0,0.0,0.28337944028407047,0.3273707998539588,0.333905039368646,60.0,0.3183277315577366,0.326519508271777,56.0,0.008191776714040422,0.30288441929128873,0.3177825677656788,0.3191995006502526,34.0,0.3797153159803499,0.3797153159803499,60.0,0.0,0.340300408999059,0.37351459730557873,0.3797153159803499,60.0,0.3224394120915301,0.3635474880332577,1.0,0.041108075941727606,0.3312142112080207,0.32347802475463405,0.3635474880332577,1.0,0.6374195460923542,0.6646144715558896,7.0,0.027194925463535413,0.6510212530487011,0.6381176106004516,0.6646144715558896,7.0,0.20552865323498737,0.22750918122823086,13.0,0.021980527993243487,0.21612478077274477,0.20614769944055228,0.22750918122823086,13.0,0.25520285894471306,0.283109648012155,5.0,0.02790678906744193,0.26789789303166245,0.25797104524614606,0.283109648012155,5.0,54.9912,219.6576,0.0035961011382965365,0.0008735175969869688,0.006401977426021472,0.0027761873438288667,0.0049070433119307744,0.0017374075759583794,1.751696872224314,1.8550078357238817,0.004568528544461715,0.004290018120109349
diabetes_mlp_fedavg_R60_C20_s46_comp_stc_summary.json,diabetes,mlp,fedavg,46,60.0,20,weighted_ce,stc,_comp_stc,,,,,1.0,inf,0.6496994651499134,0.6557428044843465,8.0,0.006043339334433129,0.6533815007798517,0.6489987668818501,0.6557428044843465,8.0,0.21640031646820168,0.21926787321216226,17.0,0.002867556743960581,0.2180236074197345,0.21597189756747653,0.21926787321216226,17.0,0.2705777169129117,0.2715244088258993,49.0,0.0009466919129875739,0.2627311195624072,0.27014754649685835,0.2688010786603738,5.0,0.2876938060874774,0.28824960585943915,41.0,0.0005557997719617402,0.2872376743580943,0.2872797683609963,0.2882463417220111,28.0,0.3969560629531176,0.41180837444365087,1.0,0.014852311490533288,0.3722666937055476,0.39623410596658626,0.41180837444365087,1.0,0.6560991038235718,0.6596101894319661,45.0,0.0035110856083943043,0.6582031386279203,0.6558907553158599,0.659508363180531,4.0,0.2141991286965374,0.2167151332393046,45.0,0.0025160045427672084,0.21531964110139012,0.21385980487028786,0.2167151332393046,45.0,0.2751883239171375,0.2795820389720418,38.0,0.004393715054904324,0.2712814688518339,0.27558397292009607,0.27850078084331076,5.0,5.2515,219.6576,0.01652983045070689,2.5217024038966655e-05,0.03343190008149805,0.0011549186774710844,0.02488279900613908,0.00022397726162410683,0.39549802415327423,0.05335761172682396,0.027961594695138082,0.0031812028002753106
diabetes_mlp_fedavg_R60_C20_s46_comp_topk_summary.json,diabetes,mlp,fedavg,46,60.0,20,weighted_ce,topk,_comp_topk,,,,,1.0,inf,0.6702021289561103,0.6703320776984197,59.0,0.000129948742309427,0.6647551308800117,0.6698422956242608,0.6703320776984197,59.0,0.23695043025699528,0.23739136617196305,58.0,0.0004409359149677716,0.22893324644902827,0.23704982583152767,0.23739136617196305,58.0,0.28299496155549053,0.28571624240385485,50.0,0.002721280848364316,0.2768944122080226,0.28406188450798897,0.28571624240385485,50.0,0.2990461206414779,0.3005763481120083,58.0,0.0015302274705303875,0.2959843235082146,0.2994078704610088,0.29963263021257086,38.0,0.3672685985696032,0.4105143428216445,1.0,0.04324574425204131,0.3679150215579449,0.3677333547621244,0.4105143428216445,1.0,0.6627064905613816,0.6631146238309371,47.0,0.00040813326955546625,0.6623821907668261,0.6628467143703121,0.6630450245715755,27.0,0.22344393283998204,0.22398511502407265,58.0,0.000541182184090605,0.2220268476295935,0.22359241502288013,0.22336970497748218,27.0,0.28347870702924577,0.28490718321226793,16.0,0.0014284761830221648,0.27876257104762886,0.28259693949560094,0.28490718321226793,16.0,31.69485,219.6576,0.009087705158526437,0.00044982446368361546,0.016387771664675664,0.0029114206961120175,0.012455881211646943,0.0009901724759986247,0.6048915876229065,0.4074787457784623,0.010781386472655615,0.0010383383389296
diabetes_mlp_fedavg_R60_C20_s46_dp0.5_summary.json,diabetes,mlp,fedavg,46,60.0,20,weighted_ce,none,_dp0.5,,,,,0.5,342.8612600716533,0.737842162355198,0.7393837892343016,57.0,0.0015416268791036414,0.707363865465732,0.7354863358916734,0.7393837892343016,57.0,0.32904552910812523,0.32943364239240996,57.0,0.00038811328428473013,0.2808874941758289,0.32366577479730285,0.32943364239240996,57.0,0.31337254908828266,0.3261703853921541,56.0,0.012797836303871435,0.30151105079791046,0.3193171285998529,0.3261703853921541,56.0,0.367424965750563,0.37073788700679017,55.0,0.003312921256227175,0.33789035741690754,0.36732249817089524,0.37073788700679017,55.0,0.3210109666792369,0.3643508358324023,1.0,0.0433398691531654,0.3300102602425271,0.31634551522780857,0.3643508358324023,1.0,0.6411015050356683,0.6649798111950045,12.0,0.02387830615933617,0.6527919534990273,0.640651626014893,0.6649798111950045,12.0,0.20682551450762354,0.22722475640877926,13.0,0.020399241901155718,0.2175227013777566,0.2078949796422754,0.22722475640877926,13.0,0.2589213300892133,0.2831038798498123,6.0,0.02418254976059897,0.2682897330436583,0.2589675492179842,0.2831038798498123,6.0,219.6576,219.6576,0.00340812376051751,0.0006602969791243471,0.006230979240323628,0.0023511865462185733,0.004697191502508539,0.0014176364264524655,1.6599255169880356,1.5284884728116594,0.004169396124360029,0.0034095736547697882
diabetes_mlp_fedavg_R60_C20_s46_dp0_summary.json,diabetes,mlp,fedavg,46,60.0,20,weighted_ce,none,_dp0,,,,,1.0,inf,0.7449394200282442,0.745308241917009,57.0,0.00036882188876474764,0.7083054652736006,0.7407606181713927,0.745308241917009,57.0,0.3318200546077342,0.3318200546077342,60.0,0.0,0.28050441776669577,0.32327594077131133,0.3318200546077342,60.0,0.3197356588246121,0.32355207622405674,58.0,0.0038164173994446604,0.29921269202200534,0.3158433091683204,0.32355207622405674,58.0,0.37628746697885623,0.37628746697885623,60.0,0.0,0.3368865088328882,0.3688980758282877,0.37628746697885623,60.0,0.31445856214376283,0.3636800940322324,1.0,0.04922153188846956,0.3318685764750047,0.3226976130162563,0.3636800940322324,1.0,0.638044458591302,0.6642477640265347,7.0,0.02620330543523275,0.6506479286117578,0.6359708311085247,0.6642477640265347,7.0,0.1989600558114936,0.22600139546707426,13.0,0.02704133965558067,0.21298206651646207,0.1990503530499332,0.22600139546707426,13.0,0.25755973778811586,0.28313253012048195,5.0,0.02557279233236609,0.2667452599443215,0.2570667731660313,0.28313253012048195,5.0,219.6576,219.6576,0.0034433107619877253,0.0007093359302778354,0.006308717052585089,0.0029732149989615524,0.004776985391041101,0.0017654901759942762,1.7061856859049764,1.8877636086162966,0.004182991805568966,0.0056658833623678476
diabetes_mlp_fedavg_R60_C20_s46_dp1.0_summary.json,diabetes,mlp,fedavg,46,60.0,20,weighted_ce,none,_dp1.0,,,,,1.0,110.68837010237718,0.745563671033371,0.7464781794981697,57.0,0.0009145084647987911,0.712729365961971,0.7437460299486748,0.7464781794981697,57.0,0.34138453122803497,0.34138453122803497,60.0,0.0,0.2868499668853689,0.3327052346800561,0.34138453122803497,60.0,0.3185620466762646,0.32831808193430934,56.0,0.009756035258044748,0.30414728745058406,0.3228933965810583,0.31964469716767524,39.0,0.3762249089198322,0.3826846675643091,57.0,0.006459758644476898,0.3409214687189444,0.3764450660468272,0.3826846675643091,57.0,0.31428508490267276,0.3638898248777974,1.0,0.049604739975124656,0.3301381614832753,0.31505440443379196,0.3638898248777974,1.0,0.6319146788878917,0.6644030885907463,7.0,0.032488409702854604,0.6477074611359793,0.6310457611239972,0.6644030885907463,7.0,0.20302536922136794,0.22669735466512292,13.0,0.023671985443754984,0.2153954981712025,0.20390078010636287,0.22669735466512292,13.0,0.2534303534303534,0.282064128256513,6.0,0.028633774826159586,0.26519118179370516,0.2548323760214821,0.282064128256513,6.0,219.6576,219.6576,0.0034590411794126513,0.0006575184912957689,0.006354211466951812,0.0024786243807200046,0.004807356920688022,0.001483422659276852,1.6913149945056907,1.564054515947646,0.0047051046867165845,0.0054587746538232035
diabetes_mlp_fedavg_R60_C20_s46_dp2.0_summary.json,diabetes,mlp,fedavg,46,60.0,20,weighted_ce,none,_dp2.0,,,,,2.0,39.83175401905626,0.7453563782112324,0.7453563782112324,60.0,0.0,0.7115398249540044,0.7430458568666036,0.7453563782112324,60.0,0.3435632946126325,0.34380546360572345,58.0,0.00024216899309092987,0.291425536491655,0.3390047284793281,0.34380546360572345,58.0,0.32137069301275295,0.334969884816631,56.0,0.01359919180387803,0.30803029691425104,0.3279001158692364,0.3235548941584371,34.0,0.3803113933328204,0.38371501798160546,54.0,0.003403624648785075,0.3472691926131467,0.38021487713211644,0.38371501798160546,54.0,0.3146160255760941,0.363758089322712,1.0,0.04914206374661789,0.33073643227873817,0.3190806319736932,0.363758089322712,1.0,0.6347856922596337,0.6647331266221108,8.0,0.029947434362477154,0.651619257222381,0.6376950805998577,0.6647331266221108,8.0,0.20290271121288095,0.22681863831602406,13.0,0.02391592710314311,0.21387915960052045,0.2034139665488806,0.22681863831602406,13.0,0.25668561802484735,0.28273697426239797,5.0,0.026051356237550616,0.2681642375415114,0.25938356942745927,0.28273697426239797,5.0,219.6576,219.6576,0.003456510637945764,0.0006759930066705212,0.006366202228555975,0.002477162917201207,0.00483911742554459,0.0015249647090904656,1.731436722022166,1.6468846466923424,0.0051119368283207185,0.0044021120829336605
diabetes_mlp_fedavg_R60_C20_s46_loss_cb_summary.json,diabetes,mlp,fedavg,46,60.0,20,cb,none,_loss_cb,,,,,1.0,inf,0.7361734696693817,0.7361734696693817,60.0,0.0,0.7035349534221927,0.7313892792057766,0.7361734696693817,60.0,0.3547307830308883,0.3547307830308883,60.0,0.0,0.2945377848667271,0.348523482209595,0.3547307830308883,60.0,0.19832992044461376,0.19848563631530458,50.0,0.0001557158706908257,0.11802146919560268,0.18264408911988764,0.19848563631530458,50.0,0.3805672480953566,0.3858437311208385,55.0,0.005276483025481893,0.34221782654022487,0.3817914357818868,0.3858437311208385,55.0,0.057620510757872966,0.12002435288687953,1.0,0.06240384212900656,0.06227322035132427,0.05780344679514778,0.12002435288687953,1.0,0.6376051775825229,0.6635619992360897,8.0,0.02595682165356683,0.65243547649189,0.6417092636890298,0.6635619992360897,8.0,0.20454371304567714,0.2267423529933274,14.0,0.022198639947650256,0.2161098177011022,0.20615413358709303,0.2267423529933274,14.0,0.1072365954255718,0.12343864805290228,46.0,0.016202052627330474,0.08166065309078976,0.10340631029571343,0.12313432835820895,30.0,219.6576,219.6576,0.003409163583876805,0.0007479508758141442,0.006300663299876509,0.0028210494989359086,0.004757946938013137,0.0017070422499118826,1.6070140469220253,1.620998736922047,0.003618381015444831,0.002545963439176522
diabetes_mlp_fedavg_R60_C20_s46_loss_focal_summary.json,diabetes,mlp,fedavg,46,60.0,20,focal,none,_loss_focal,,,,,1.0,inf,0.7423028979738068,0.7441788587210645,58.0,0.00187596074725771,0.7095192373630262,0.7413468066737702,0.7441788587210645,58.0,0.33679219320904474,0.3382022583565403,58.0,0.0014100651474955317,0.28581067004171445,0.3299596781878132,0.3382022583565403,58.0,0.3089153823688181,0.3146098201404092,55.0,0.005694437771591121,0.29531360644749843,0.30961662005495005,0.30438589061499016,29.0,0.37325871971766766,0.37679477024921276,58.0,0.0035360505315450985,0.33911192863476747,0.371406183793935,0.37679477024921276,58.0,0.3622220173493718,0.38915411009235723,1.0,0.026932092742985414,0.3695426733277286,0.3632582858518219,0.38915411009235723,1.0,0.6384171396596859,0.664318881769557,7.0,0.025901742109871062,0.6513351024964759,0.6379341639698313,0.664318881769557,7.0,0.20669981934670859,0.2249181776656095,13.0,0.018218358318900923,0.21450052371325226,0.20637270519323486,0.2249181776656095,13.0,0.2573318850597413,0.28023952095808385,5.0,0.02290763589834255,0.26376541645601015,0.25579776982408786,0.28023952095808385,5.0,219.6576,219.6576,0.003341869650088721,0.0006837662597878044,0.006287112777296496,0.0029425852207067256,0.004709659151256329,0.0017091934542405127,1.6198896508907334,1.739977214638202,0.006915022712086933,0.009817887586447114
diabetes_mlp_fedavg_R60_C20_s46_loss_ldam_summary.json,diabetes,mlp,fedavg,46,60.0,20,ldam,none,_loss_ldam,,,,,1.0,inf,0.7040246250182006,0.7040246250182006,60.0,0.0,0.6872642419425188,0.7004809944689537,0.7040246250182006,60.0,0.28272174046926046,0.28272174046926046,60.0,0.0,0.2557863867854371,0.27839771345509534,0.28272174046926046,60.0,0.31782033550702365,0.31782033550702365,60.0,0.0,0.297232643824978,0.31204609173990916,0.31782033550702365,60.0,0.352744720163562,0.3578253012318406,58.0,0.005080581068278578,0.3326253118104529,0.35342710857525717,0.35756797590283257,45.0,0.3687643192268181,0.38801931557814995,7.0,0.01925499635133182,0.3751861724460854,0.37099632791533815,0.38801931557814995,7.0,0.6430848203889838,0.6622946426541106,18.0,0.019209822265126797,0.6534064919936924,0.6443043761092774,0.6621700893455706,5.0,0.20639548350484482,0.22606757190185758,13.0,0.01967208839701276,0.2154982520886621,0.20786469758294784,0.22606757190185758,13.0,0.2726934061840308,0.2791327913279133,5.0,0.006439385143882481,0.2719577775698927,0.2705004822883203,0.2791327913279133,5.0,219.6576,219.6576,0.0033511181345447,0.0008799718508671269,0.005361395463827201,0.002574040350319983,0.004334301796602562,0.00167149370110859,1.204962831121126,1.1948438176368654,0.0028895722239229834,0.002562701334501442
diabetes_mlp_fedavg_R60_C20_s46_loss_weighted_ce_summary.json,diabetes,mlp,fedavg,46,60.0,20,weighted_ce,none,_loss_weighted_ce,,,,,1.0,inf,0.7434232240442842,0.7434232240442842,60.0,0.0,0.7089366713394988,0.7399854512492905,0.7434232240442842,60.0,0.3349028533096348,0.3349028533096348,60.0,0.0,0.28363143336555646,0.32861769740631736,0.3349028533096348,60.0,0.31349850836280146,0.31991174905055564,53.0,0.006413240687754174,0.3005832952547524,0.313862388998339,0.3147466539850156,29.0,0.3777915381678795,0.3834907883592316,57.0,0.00569925019135209,0.33928476108999805,0.37513019041841406,0.3834907883592316,57.0,0.32347840527457056,0.3643797891346607,1.0,0.040901383860090124,0.33429471498648855,0.32725275848662616,0.3643797891346607,1.0,0.6360431347747367,0.6648342124558931,8.0,0.028791077681156407,0.6513584584902705,0.6371947088599984,0.6648342124558931,8.0,0.20650256216391444,0.22650450751449994,13.0,0.0200019453505855,0.21565669054325737,0.20687823316996523,0.22650450751449994,13.0,0.2558970693352395,0.281889178133135,5.0,0.02599210879789554,0.2663214077590332,0.25560647414710014,0.281889178133135,5.0,219.6576,219.6576,0.003440939078461277,0.0006932805969527221,0.0062652361298667835,0.0025542136358934404,0.004771930389564516,0.0015668285599289536,1.698689431534573,1.7015936479110678,0.004554213128431938,0.0034711616803395034
diabetes_mlp_fedavg_R60_C20_s46_summary.json,diabetes,mlp,fedavg,46,60.0,20,weighted_ce,none,,,,,,1.0,inf,0.7428905323826385,0.7428905323826385,60.0,0.0,0.7077786963200826,0.7387924094700884,0.7428905323826385,60.0,0.3380479977327681,0.3380479977327681,60.0,0.0,0.2828811768119472,0.3286751961326455,0.3380479977327681,60.0,0.32242446788327805,0.32459200666578863,56.0,0.0021675387825105807,0.30140044047953196,0.3189754014624317,0.3109910443525908,29.0,0.38216658879803106,0.3824509245920204,59.0,0.00028433579398934317,0.3394057495419113,0.3762748527306426,0.3824509245920204,59.0,0.311325139593536,0.3641475667020315,1.0,0.052822427108495495,0.33182599273300967,0.3221348714556548,0.3641475667020315,1.0,0.6373134404778751,0.6646457573390825,7.0,0.027332316861207406,0.6525320819622429,0.6391693337179823,0.6646457573390825,7.0,0.20249885934493198,0.22576154396350973,12.0,0.02326268461857775,0.21507657993486703,0.20367574904389238,0.22576154396350973,12.0,0.2580313014827018,0.2828460283598946,5.0,0.024814726877192772,0.26880497397296804,0.2595209310841833,0.2828460283598946,5.0,219.6576,219.6576,0.0034370286289951,0.0006705799053528262,0.006201456695007075,0.002356115395568026,0.004735035734380471,0.0014562180037428275,1.6681481757509193,1.5598792298223998,0.004395039037260473,0.004526433352552658
diabetes_mlp_fedavg_R60_C20_s47_loss_cb_summary.json,diabetes,mlp,fedavg,47,60.0,20,cb,none,_loss_cb,,,,,1.0,inf,0.7384246792675229,0.7384246792675229,60.0,0.0,0.7079270508770187,0.7335235029593677,0.7384246792675229,60.0,0.3634230949504723,0.3640116959178027,59.0,0.0005886009673303771,0.30721282935495114,0.3568565096264983,0.3640116959178027,59.0,0.20013497500887134,0.2074375311801029,56.0,0.007302556171231572,0.12216513060604091,0.19378106931824232,0.1694077460709664,31.0,0.38901996617037293,0.38901996617037293,60.0,0.0,0.348455689409651,0.38342329754943927,0.38901996617037293,60.0,0.05223952866632187,0.10833760217879784,1.0,0.05609807351247597,0.061712322462040545,0.05747629386947169,0.10833760217879784,1.0,0.6377033770424043,0.6695589304433587,8.0,0.03185555340095436,0.6530233783569178,0.6363675995945824,0.6695589304433587,8.0,0.1964458750905286,0.22671794046390636,4.0,0.03027206537337776,0.20983021828825946,0.196097931781749,0.22671794046390636,4.0,0.0962485790071997,0.1124676285608583,51.0,0.016219049553658604,0.07706984336158433,0.10019898906194906,0.10643840714551545,31.0,219.6576,219.6576,0.0034592162205503486,0.0007564840847031375,0.006007536724535955,0.0025029599652487207,0.004732360280687936,0.0016286721289128483,1.5891907632135067,1.5775993737624958,0.003594844854476501,0.002210743730787795
diabetes_mlp_fedavg_R60_C20_s47_loss_focal_summary.json,diabetes,mlp,fedavg,47,60.0,20,focal,none,_loss_focal,,,,,1.0,inf,0.736635374370245,0.7367363871666913,59.0,0.00010101279644636474,0.7096650674646333,0.7345633586020809,0.7367363871666913,59.0,0.3428920399685539,0.34598278527472603,58.0,0.003090745306172149,0.2977000358743043,0.3409553542066143,0.34598278527472603,58.0,0.31266544542983404,0.3211961903138617,59.0,0.008530744884027663,0.2982657182164962,0.3109689322185809,0.31829198802121916,45.0,0.3754314694619176,0.3846676856539574,58.0,0.009236216192039848,0.34620565420445204,0.37741443273204095,0.3846676856539574,58.0,0.3593448836478532,0.3811972707168603,8.0,0.021852387069007106,0.36767007613058006,0.3606078340647729,0.3811972707168603,8.0,0.6312352641200282,0.6697408974936184,8.0,0.03850563337359025,0.6513049871588152,0.6343118538255925,0.6697408974936184,8.0,0.20160454991124552,0.22505960663660465,8.0,0.023455056725359136,0.21423104317514283,0.20378486059379147,0.22505960663660465,8.0,0.259958071278826,0.2823065980960718,5.0,0.022348526817245806,0.2676430080347774,0.25792934693228803,0.2823065980960718,5.0,219.6576,219.6576,0.0034818910881224147,0.0007843305147124484,0.006162262917428505,0.0028694693193125186,0.004783285682527931,0.0017555172659822526,1.625782277946602,1.779676228417884,0.006854510850899238,0.005769660495011392
diabetes_mlp_fedavg_R60_C20_s47_loss_ldam_summary.json,diabetes,mlp,fedavg,47,60.0,20,ldam,none,_loss_ldam,,,,,1.0,inf,0.7130706422250159,0.7130706422250159,60.0,0.0,0.6873887420170485,0.7086567223262271,0.7130706422250159,60.0,0.2880344264556306,0.2880344264556306,60.0,0.0,0.25639890759974443,0.2789909773869531,0.2880344264556306,60.0,0.31936755611442263,0.31936755611442263,60.0,0.0,0.2968801754595194,0.31255086085001177,0.31936755611442263,60.0,0.3619356315040121,0.3619356315040121,60.0,0.0,0.3322900448901362,0.3557797046610162,0.3619356315040121,60.0,0.3683979347824661,0.3833724934934129,6.0,0.014974558710946828,0.3748877453461124,0.372623654538231,0.3833724934934129,6.0,0.6353113009469465,0.6698951930027872,9.0,0.03458389205584067,0.654346950417133,0.6407018401361484,0.6698951930027872,9.0,0.2078359863216238,0.2219048315600055,20.0,0.0140688452383817,0.2120926846228665,0.20809050266912005,0.2219048315600055,20.0,0.2692931055978058,0.28501285948094457,5.0,0.015719753883138787,0.27455924637498946,0.27061449484848044,0.28501285948094457,5.0,219.6576,219.6576,0.0035864951560771624,0.0009067567288962731,0.005648749040083312,0.0025353618469232354,0.004631132220557549,0.001733939154639098,1.3245504031295392,1.3417934388362482,0.0031523149583364027,0.0030953981398163465
diabetes_mlp_fedavg_R60_C20_s47_loss_weighted_ce_summary.json,diabetes,mlp,fedavg,47,60.0,20,weighted_ce,none,_loss_weighted_ce,,,,,1.0,inf,0.7453659136635068,0.7470474541655078,59.0,0.0016815405020009777,0.7124002686888741,0.7424459041027757,0.7470474541655078,59.0,0.35094987299892777,0.35427502763446583,59.0,0.0033251546355380635,0.2966480995269911,0.3439644555778333,0.35427502763446583,59.0,0.32438794758286227,0.3358473106503752,59.0,0.01145936306751294,0.304762965136152,0.32193895541137185,0.3358473106503752,59.0,0.3860096285843016,0.3890194974271788,59.0,0.0030098688428771836,0.3484129333270655,0.3817778528662246,0.3890194974271788,59.0,0.32239938180373356,0.35885256308263164,16.0,0.03645318127889807,0.3312749102758191,0.32060793285578887,0.35885256308263164,16.0,0.6321706375056227,0.6694927195359675,5.0,0.037322082030344705,0.6509570835187933,0.6330333596051922,0.6694927195359675,5.0,0.1993893671720487,0.22530241759054798,8.0,0.025913050418499284,0.21129385330033268,0.1980856113758771,0.22530241759054798,8.0,0.25965896827109863,0.2846441947565543,5.0,0.024985226485455647,0.267307116014502,0.25689346082322084,0.2846441947565543,5.0,219.6576,219.6576,0.0035972874489970334,0.0007334019953376926,0.006396025676196607,0.002583178338986685,0.004975748027233117,0.001606987938998796,1.7211565767617534,1.6592833010108734,0.004983216962683115,0.00446520091899043
diabetes_mlp_fedavg_R60_C20_s47_summary.json,diabetes,mlp,fedavg,47,60.0,20,weighted_ce,none,,,,,,1.0,inf,0.7452797736235502,0.7452797736235502,60.0,0.0,0.7099114325657038,0.7405023310896257,0.7452797736235502,60.0,0.35409753673584543,0.3541280034106664,59.0,3.046667482098364e-05,0.29881859775380737,0.345514533396391,0.3541280034106664,59.0,0.3240500279646733,0.32870882581730054,55.0,0.004658797852627239,0.3055551494955535,0.32162260793317765,0.3215107456225375,34.0,0.3893386839227413,0.391503177634417,59.0,0.002164493711675708,0.3488367629183011,0.38300475006859536,0.391503177634417,59.0,0.3178361544159131,0.3609531138351137,6.0,0.04311695941920057,0.3313303498138229,0.3220414949634563,0.3609531138351137,6.0,0.6370836349175744,0.6689832745424984,8.0,0.03189963962492404,0.652532857309203,0.6379682407510917,0.6689832745424984,8.0,0.20807426263336887,0.22460451829925693,8.0,0.01653025566588806,0.21568180198593562,0.20845624924196032,0.22460451829925693,8.0,0.26454911345589033,0.28646222887060585,5.0,0.021913115414715523,0.27026504136814516,0.26249114251958383,0.28646222887060585,5.0,219.6576,219.6576,0.0036100593560840872,0.0007331854179047765,0.00625943441005238,0.002435096617927705,0.004936322486474734,0.0015583869490267367,1.7010900459813607,1.5978255480258667,0.004801093993426522,0.005229942307592985
diabetes_mlp_fedavg_R60_C20_s48_loss_cb_summary.json,diabetes,mlp,fedavg,48,60.0,20,cb,none,_loss_cb,,,,,1.0,inf,0.7395678041123609,0.7395678041123609,60.0,0.0,0.7068895241554392,0.7362033029484486,0.7395678041123609,60.0,0.3605593939087896,0.3605593939087896,60.0,0.0,0.2995421678369284,0.35102972772113933,0.3605593939087896,60.0,0.1828868211833564,0.1828868211833564,60.0,0.0,0.10349927854981031,0.16380574059295078,0.1828868211833564,60.0,0.38185877252570294,0.384342734388167,58.0,0.002483961862464079,0.34496315718049425,0.378219741343948,0.384342734388167,58.0,0.05150963156699705,0.10810627782196518,1.0,0.05659664625496813,0.05871567830970783,0.05391353897137054,0.10810627782196518,1.0,0.6403961631005057,0.663586069084531,3.0,0.02318990598402526,0.6539239581783997,0.6439139488611849,0.663586069084531,3.0,0.20873467428672426,0.22552784740775064,9.0,0.016793173121026378,0.21762422827752637,0.2103333773800149,0.22552784740775064,9.0,0.11467370803470389,0.11980531636091352,52.0,0.005131608326209625,0.0829860628730923,0.10933587907871992,0.11933534743202417,14.0,219.6576,219.6576,0.00347720464359411,0.0007810096720192502,0.006212891550088239,0.0025430728882467543,0.004831036782162109,0.001664456656927135,1.6170185631415128,1.612964840780478,0.003421864449470802,0.0018467195587170688
diabetes_mlp_fedavg_R60_C20_s48_loss_focal_summary.json,diabetes,mlp,fedavg,48,60.0,20,focal,none,_loss_focal,,,,,1.0,inf,0.7505227955780202,0.7505227955780202,60.0,0.0,0.7136778466772193,0.7444778285011233,0.7505227955780202,60.0,0.3385848634517352,0.3385848634517352,60.0,0.0,0.28615667005363227,0.3267717292034347,0.3385848634517352,60.0,0.3289860256104576,0.3289860256104576,60.0,0.0,0.3019083456043309,0.31947194411406177,0.3289860256104576,60.0,0.37758014498641457,0.3782901357468828,59.0,0.0007099907604682376,0.345084598274066,0.37507561265049066,0.3782901357468828,59.0,0.3506214872114898,0.3836351221324844,1.0,0.03301363492099463,0.36557997343612836,0.35665383852650134,0.3836351221324844,1.0,0.639271531433189,0.6636931912046012,8.0,0.024421659771412196,0.6527533348620238,0.6420900341340067,0.6636931912046012,8.0,0.20811664693433685,0.22974283991152866,16.0,0.021626192977191816,0.22150586878891118,0.21324836831695473,0.22974283991152866,16.0,0.26396495071193865,0.27759088442756374,8.0,0.013625933715625094,0.2676525275561878,0.26448684730107286,0.27759088442756374,8.0,219.6576,219.6576,0.0033846689931855164,0.0006948465163220817,0.005903232932285725,0.0024313515104215358,0.004590043696701795,0.001523534588040163,1.5540261884207818,1.581562006034801,0.00567257965086455,0.005362771816810575
diabetes_mlp_fedavg_R60_C20_s48_loss_ldam_summary.json,diabetes,mlp,fedavg,48,60.0,20,ldam,none,_loss_ldam,,,,,1.0,inf,0.7069085411652574,0.7080470717010156,54.0,0.0011385305357581865,0.6906302906686135,0.7054229763998094,0.7080470717010156,54.0,0.2723632505216141,0.27789337546843296,50.0,0.005530124946818871,0.25425812543702997,0.27353483922525607,0.27789337546843296,50.0,0.3139607464985148,0.318224645703855,50.0,0.004263899205340205,0.3005738319018337,0.31188754154277454,0.31294097559360606,35.0,0.3546852362682231,0.3561723485498683,55.0,0.0014871122816451643,0.3332370496620192,0.35324482128161605,0.3561723485498683,55.0,0.3676449767377565,0.3870945604163724,5.0,0.019449583678615934,0.37376488547565345,0.37187200808696175,0.3870945604163724,5.0,0.6474773920371922,0.6655408093362299,17.0,0.01806341729903771,0.6572987607148683,0.6463029352816241,0.6655408093362299,17.0,0.21054476388612173,0.23094940561515043,31.0,0.0204046417290287,0.22018127798708534,0.2168122384165776,0.22692187091926505,13.0,0.27432368296155674,0.28106212424849697,49.0,0.006738441286940233,0.2762607306882001,0.2748459699952148,0.2802191397598788,7.0,219.6576,219.6576,0.0034952748446708815,0.0008395207437823045,0.005433844088942522,0.0026445636738337114,0.004464692922238268,0.001726650135847799,1.2719383277207954,1.292489246952755,0.0031100986076339422,0.0033038986087505526
diabetes_mlp_fedavg_R60_C20_s48_loss_weighted_ce_summary.json,diabetes,mlp,fedavg,48,60.0,20,weighted_ce,none,_loss_weighted_ce,,,,,1.0,inf,0.7439006177287064,0.7439006177287064,60.0,0.0,0.7120317511724676,0.7399639999214609,0.7439006177287064,60.0,0.33072722613184025,0.33072722613184025,60.0,0.0,0.2840048346027865,0.32320509214776594,0.33072722613184025,60.0,0.31965936773603704,0.32643666438989544,49.0,0.0067772966538584,0.3039468270811273,0.3177873670192806,0.32643666438989544,49.0,0.3707380376099275,0.37171220661038584,57.0,0.0009741690004583248,0.3427725787178736,0.3672755755298736,0.37171220661038584,57.0,0.3047538820486725,0.3680877692150437,1.0,0.06333388716637123,0.32640767115199504,0.3108620084223837,0.3680877692150437,1.0,0.6394158626776746,0.6637065312718031,6.0,0.02429066859412854,0.6528061555044062,0.6407139955351059,0.6637065312718031,6.0,0.21454579118998562,0.2282625945054819,23.0,0.013716803315496268,0.22260479265115066,0.2159945222957645,0.2282625945054819,23.0,0.26129177958446254,0.2798334324806663,7.0,0.018541652896203742,0.2694793242642715,0.26099747863915235,0.2798334324806663,7.0,219.6576,219.6576,0.003571783760262231,0.0007654890181660065,0.0061414970456691335,0.0025047955059417587,0.004846265204106545,0.0016283660072654949,1.6968415766264948,1.7386809543713753,0.004021543216690977,0.00342429195334686
diabetes_mlp_fedavg_R60_C20_s48_summary.json,diabetes,mlp,fedavg,48,60.0,20,weighted_ce,none,,,,,,1.0,inf,0.7494612127361711,0.7494612127361711,60.0,0.0,0.7128748893891228,0.7453635516017445,0.7494612127361711,60.0,0.34154841981925405,0.34154841981925405,60.0,0.0,0.28841837160323053,0.3345716767292112,0.34154841981925405,60.0,0.33399475156179476,0.33399475156179476,60.0,0.0,0.306418922720396,0.3250175795407507,0.33399475156179476,60.0,0.3775209116637483,0.3775209116637483,60.0,0.0,0.34459487285472773,0.3728575222453617,0.3775209116637483,60.0,0.314252710375165,0.3677679295468117,1.0,0.0535152191716467,0.32770552862327335,0.31627287532967774,0.3677679295468117,1.0,0.6381142837407948,0.6643432026070332,12.0,0.02622891886623835,0.6520060099910034,0.6387118572591225,0.6643432026070332,12.0,0.206130182332438,0.22925584981929376,16.0,0.023125667486855767,0.21758181202124,0.20799449763329445,0.22925584981929376,16.0,0.26211312700106726,0.27964809384164224,7.0,0.017534966840574984,0.268785434012165,0.2597430492145009,0.27964809384164224,7.0,219.6576,219.6576,0.003563296935303553,0.0007374928796365497,0.006334665645007142,0.002551202558475373,0.004903174026679569,0.0016080056485117983,1.716876591518811,1.708233828907396,0.004116758014617901,0.004041029588268703
diabetes_mlp_fedavg_R60_C20_s49_loss_cb_summary.json,diabetes,mlp,fedavg,49,60.0,20,cb,none,_loss_cb,,,,,1.0,inf,0.7391147632951868,0.7391147632951868,60.0,0.0,0.7057118645762934,0.7350544568144246,0.7391147632951868,60.0,0.3799166499589042,0.3799166499589042,60.0,0.0,0.3102163413116203,0.3709793038548793,0.3799166499589042,60.0,0.21094727631656565,0.24048740867761303,56.0,0.029540132361047383,0.1315475746712972,0.20798877992319972,0.24048740867761303,56.0,0.39784531180804067,0.39823857864742285,59.0,0.0003932668393821781,0.34887463398908714,0.3900606360714264,0.39823857864742285,59.0,0.05956528440351539,0.1171932682096733,1.0,0.057627983806157905,0.06383826682869306,0.06153604834173108,0.1171932682096733,1.0,0.6516656084132328,0.6739968181618075,8.0,0.02233120974857461,0.6625225356779657,0.6527383782162802,0.6739968181618075,8.0,0.21309266638646496,0.2295965387129072,19.0,0.016503872326442237,0.22135832385752433,0.21423319048025596,0.22892024391930482,8.0,0.10917361637604246,0.1324454310025897,28.0,0.023271814626547246,0.09117947379336885,0.11571750598584954,0.1324454310025897,28.0,219.6576,219.6576,0.003409934866196139,0.0007900312709132687,0.006149192940088099,0.00245914609587849,0.0047583933140662405,0.0016303748145359812,1.5858285613464735,1.568950237458921,0.004048136113143227,0.0025377026807483685
diabetes_mlp_fedavg_R60_C20_s49_loss_focal_summary.json,diabetes,mlp,fedavg,49,60.0,20,focal,none,_loss_focal,,,,,1.0,inf,0.7377048182396371,0.7378249646879457,58.0,0.0001201464483086001,0.7087698445507419,0.7350648794571686,0.7378249646879457,58.0,0.3473218732711253,0.3473218732711253,60.0,0.0,0.2991837693466995,0.342914920090784,0.3473218732711253,60.0,0.3192360682980562,0.31993364156180865,57.0,0.0006975732637524712,0.2991292840914534,0.3122999455988796,0.3128747722140742,41.0,0.37839740654504234,0.37839740654504234,60.0,0.0,0.34532520184463517,0.37390704219933063,0.37839740654504234,60.0,0.3553710464956715,0.3843649966100163,3.0,0.028993950114344746,0.3672367716344816,0.3596965158329481,0.3843649966100163,3.0,0.6480784605778299,0.6747748214225566,13.0,0.026696360844726708,0.6637547077804108,0.6515560278555663,0.6747748214225566,13.0,0.2114307692496965,0.23032324066116505,16.0,0.018892471411468548,0.22189503192689103,0.21313046341821623,0.23032324066116505,16.0,0.27284856571047367,0.28324299388767155,5.0,0.010394428177197879,0.2746874830470445,0.27217728387816703,0.28324299388767155,5.0,219.6576,219.6576,0.0033728918594694837,0.0007590129444627228,0.005992857295067169,0.002572844247558684,0.00462996448479398,0.0016279093637909337,1.557100559799043,1.6339099817178067,0.0068882033053072915,0.010480158093348964
diabetes_mlp_fedavg_R60_C20_s49_loss_ldam_summary.json,diabetes,mlp,fedavg,49,60.0,20,ldam,none,_loss_ldam,,,,,1.0,inf,0.7059990147540453,0.7092020477280991,57.0,0.0032030329740538876,0.687760759476488,0.7041477503767313,0.7092020477280991,57.0,0.28394139303199983,0.2938131049259171,57.0,0.009871711893917279,0.2554673353123441,0.28200333390375965,0.2938131049259171,57.0,0.30096373641652524,0.3128787969898195,56.0,0.011915060573294278,0.2922818178818706,0.3061782926768805,0.3072149220140922,39.0,0.34984697810622556,0.35294785600640977,56.0,0.003100877900184207,0.33059305803874733,0.35027566368323176,0.35294785600640977,56.0,0.3751369744036553,0.39204739067001954,3.0,0.016910416266364248,0.37722881240063677,0.3746191887449462,0.39204739067001954,3.0,0.6554991898324944,0.6733225110208031,12.0,0.01782332118830865,0.6624934859979157,0.653100072239664,0.6733225110208031,12.0,0.21114696377136946,0.22778035080641904,11.0,0.016633387035049574,0.21753505726964484,0.207629987622958,0.22778035080641904,11.0,0.27566048341765037,0.2833333333333333,39.0,0.0076728499156829555,0.27871403782333765,0.2784386485296314,0.28302967801077117,9.0,219.6576,219.6576,0.003406227773692356,0.000919212371424136,0.005321442966390073,0.0027006706053916956,0.004360567185446045,0.0017994717276630593,1.2025678517394303,1.2943648936434329,0.003510615691637659,0.0037533012532704724
diabetes_mlp_fedavg_R60_C20_s49_loss_weighted_ce_summary.json,diabetes,mlp,fedavg,49,60.0,20,weighted_ce,none,_loss_weighted_ce,,,,,1.0,inf,0.7460988439623826,0.7460988439623826,60.0,0.0,0.7106467888872177,0.7409805279015156,0.7460988439623826,60.0,0.3579767495742131,0.3579767495742131,60.0,0.0,0.2978200874070745,0.34946192536476606,0.3579767495742131,60.0,0.3286113368090881,0.3287753786205569,59.0,0.00016404181146878472,0.30256848366854516,0.32289653001437824,0.3287753786205569,59.0,0.3821702865821896,0.3821702865821896,60.0,0.0,0.3461527389227923,0.37889850245558077,0.3821702865821896,60.0,0.3039058643836028,0.3604434582912189,3.0,0.05653759390761609,0.32768067927580097,0.31614660043203274,0.3604434582912189,3.0,0.64669000178654,0.6746777137649765,13.0,0.027987711978436525,0.6612604239301846,0.6492483719219772,0.6746777137649765,13.0,0.2148492928768581,0.22978353262280551,12.0,0.014934239745947403,0.22146990808122952,0.21557456815565587,0.22978353262280551,12.0,0.2728212194281778,0.2881395897194058,10.0,0.015318370291228012,0.27603837736766756,0.27174365729569916,0.2881395897194058,10.0,219.6576,219.6576,0.0034606726677530817,0.000687067516616062,0.006214400792980553,0.002472865610664381,0.004770852326206899,0.0015192924919679605,1.676401782000054,1.6503429246549786,0.00485377370324356,0.004674397261523083
diabetes_mlp_fedavg_R60_C20_s49_summary.json,diabetes,mlp,fedavg,49,60.0,20,weighted_ce,none,,,,,,1.0,inf,0.7460476132298101,0.7460476132298101,60.0,0.0,0.7103342827436314,0.7401215895843689,0.7460476132298101,60.0,0.3582047904888074,0.3582047904888074,60.0,0.0,0.2976704045168004,0.3488507314209017,0.3582047904888074,60.0,0.32592444897101186,0.3260008689289925,50.0,7.64199579806335e-05,0.30415263430183437,0.32157919784306943,0.3260008689289925,50.0,0.3833053119793854,0.3835449668634596,59.0,0.0002396548840742363,0.3462720411873903,0.3780177127665784,0.3835449668634596,59.0,0.31217808767683547,0.3636047291313368,3.0,0.05142664145450132,0.32791594960986303,0.3176055050254739,0.3636047291313368,3.0,0.6448157537183146,0.6740154164492892,5.0,0.02919966273097463,0.6609719961159614,0.6474137951805989,0.6740154164492892,5.0,0.2103532208935191,0.22873306149115755,12.0,0.018379840597638447,0.22092824322563206,0.21104118208411612,0.22873306149115755,12.0,0.26645004061738425,0.2866249846757386,8.0,0.02017494405835435,0.2740690357183235,0.2676764284455384,0.2866249846757386,8.0,219.6576,219.6576,0.0034805066929083106,0.0006672986328705063,0.006309384042227639,0.0024803458831113767,0.004818086087411402,0.001514015594438257,1.6956857338402642,1.6331844981523318,0.004872243707430349,0.0045030909436197435
diabetes_mlp_fedavg_R60_C20_s50_loss_cb_summary.json,diabetes,mlp,fedavg,50,60.0,20,cb,none,_loss_cb,,,,,1.0,inf,0.722218314125002,0.7234379394426608,58.0,0.0012196253176587346,0.6949499635616565,0.7204013160367637,0.7234379394426608,58.0,0.3484479300786803,0.34987016525013337,56.0,0.0014222351714530679,0.2980483631958822,0.3473043546653094,0.34987016525013337,56.0,0.20229015153163687,0.2260458199911912,59.0,0.02375566845955432,0.14276141696650904,0.20810133431927466,0.21231528842067732,36.0,0.3637834044717463,0.36889951960935685,54.0,0.005116115137610566,0.3359337910363957,0.36636476831798825,0.36889951960935685,54.0,0.056401253461091094,0.14969561109703297,1.0,0.09329435763594188,0.06521339748963625,0.059286688288914015,0.14969561109703297,1.0,0.6332500158499574,0.6588848687696303,7.0,0.025634852919672824,0.6454572777173759,0.6327692676877871,0.6588848687696303,7.0,0.1946065550165344,0.21753594568154527,7.0,0.022929390665010874,0.2036560484332931,0.19496417555393408,0.21753594568154527,7.0,0.08885484488701646,0.11500184297825286,40.0,0.026146998091236398,0.07608690786444158,0.09334193683539985,0.11500184297825286,40.0,219.6576,219.6576,0.0035138402128366063,0.0007987509486029007,0.006173895769138457,0.002426653814248102,0.004819294705527805,0.0016325495958995654,1.600542922911821,1.5931831975321984,0.0036468071230980714,0.0024402275877808254
diabetes_mlp_fedavg_R60_C20_s50_loss_focal_summary.json,diabetes,mlp,fedavg,50,60.0,20,focal,none,_loss_focal,,,,,1.0,inf,0.7352231556939156,0.7352231556939156,60.0,0.0,0.7035497468514471,0.7330398869795376,0.7352231556939156,60.0,0.3392218684901656,0.3392218684901656,60.0,0.0,0.29067784960522897,0.33411319732934613,0.3392218684901656,60.0,0.3225861800082421,0.32505674855808375,48.0,0.0024705685498416785,0.29675512659702324,0.3161538010685946,0.32505674855808375,48.0,0.3654613406030429,0.3659805507417471,54.0,0.000519210138704207,0.3376327844503734,0.36291040177200873,0.3659805507417471,54.0,0.35349260508054375,0.39123558321473056,1.0,0.03774297813418681,0.36711322156940174,0.3586183476707729,0.39123558321473056,1.0,0.6330621254584754,0.660888551883123,7.0,0.02782642642464761,0.6457462949375158,0.6321021413430694,0.660888551883123,7.0,0.1896663246753552,0.2158299310373567,3.0,0.02616360636200149,0.20103344550467867,0.18901150133943656,0.2158299310373567,3.0,0.2562762694535954,0.2740031187346848,8.0,0.01772684928108942,0.26324390967499234,0.2558153901371914,0.2740031187346848,8.0,219.6576,219.6576,0.003409447700266229,0.000697611292740837,0.006039999383843223,0.002695566692498772,0.004669092747310479,0.0016207344061132064,1.5983260517467897,1.6673548116668826,0.00619832521733452,0.009769594301641336
diabetes_mlp_fedavg_R60_C20_s50_loss_ldam_summary.json,diabetes,mlp,fedavg,50,60.0,20,ldam,none,_loss_ldam,,,,,1.0,inf,0.6972542760729228,0.6972542760729228,60.0,0.0,0.6780511912634821,0.6924483311213279,0.6972542760729228,60.0,0.2708498162298029,0.272964890276566,52.0,0.002115074046763088,0.2546171643614778,0.27068411591432695,0.272964890276566,52.0,0.30908717568005534,0.3091889763549308,56.0,0.00010180067487547406,0.29118342172185085,0.30477672215601836,0.3065968118205968,33.0,0.34602666877969696,0.3473888719908169,50.0,0.0013622032111199611,0.3276411171331392,0.3442535653011298,0.3473888719908169,50.0,0.3662090928699953,0.4000760338946781,1.0,0.033866941024682795,0.3751143530778417,0.37117297292569806,0.4000760338946781,1.0,0.6409351369539237,0.6595060164330553,7.0,0.018570879479131608,0.6490152989027579,0.6380459168375943,0.6595060164330553,7.0,0.19954570270229854,0.21384458765532927,11.0,0.014298884953030722,0.20458333765782713,0.1965895499818528,0.21384458765532927,11.0,0.26993865030674846,0.2735683335285162,10.0,0.0036296832217677655,0.2677390471018341,0.2672373189424734,0.2735683335285162,10.0,219.6576,219.6576,0.0035261541164379683,0.0009596965489569124,0.005455475944012051,0.0028943627908830432,0.00448035750502639,0.0018961768699525257,1.240593345720625,1.3666131524078082,0.002823359657438641,0.004382479730225319
diabetes_mlp_fedavg_R60_C20_s50_loss_weighted_ce_summary.json,diabetes,mlp,fedavg,50,60.0,20,weighted_ce,none,_loss_weighted_ce,,,,,1.0,inf,0.7334362889459483,0.733823088888616,55.0,0.0003867999426677704,0.7030470660764627,0.7318855929248831,0.733823088888616,55.0,0.3328622064062809,0.3328622064062809,60.0,0.0,0.2890211790680944,0.3278053303827789,0.3328622064062809,60.0,0.3258554734150005,0.3258554734150005,60.0,0.0,0.2991428648057001,0.3168347673699107,0.3221529098231127,48.0,0.36055871968663183,0.36070095136895075,55.0,0.00014223168231891625,0.33412398005339583,0.3583105715609257,0.36070095136895075,55.0,0.29473904916233323,0.38144993012364287,1.0,0.08671088096130963,0.3252282500671206,0.31413989973303125,0.38144993012364287,1.0,0.6299186634894132,0.660477293800084,7.0,0.030558630310670853,0.6451683481342404,0.6314248047644144,0.660477293800084,7.0,0.1912602279937483,0.21548388987454636,3.0,0.024223661880798053,0.20417253401377689,0.1942686939644183,0.21548388987454636,3.0,0.25939625343037825,0.27655547669742137,10.0,0.01715922326704311,0.2657471359644773,0.25875322977990345,0.27655547669742137,10.0,219.6576,219.6576,0.0035969722377322978,0.0007212304207458017,0.006287629457939287,0.00254380959132802,0.004920752870144139,0.0016030475461581341,1.7291014765942236,1.7512347193896858,0.00463084175688786,0.004367317319920293
diabetes_mlp_fedavg_R60_C20_s50_summary.json,diabetes,mlp,fedavg,50,60.0,20,weighted_ce,none,,,,,,1.0,inf,0.7412546862215882,0.7412546862215882,60.0,0.0,0.70362678244943,0.73427154844329,0.7412546862215882,60.0,0.34380051924877414,0.34380051924877414,60.0,0.0,0.2921089390944584,0.3349500924922385,0.34380051924877414,60.0,0.3314947316568715,0.3314947316568715,60.0,0.0,0.3012789065874869,0.32084918084663955,0.3314947316568715,60.0,0.36989855023793833,0.3705320144493893,59.0,0.0006334642114509959,0.3376759514273069,0.36286692758775635,0.3705320144493893,59.0,0.2947888640434491,0.38148292042973897,1.0,0.08669405638628985,0.326443108030634,0.3132703307871504,0.38148292042973897,1.0,0.6306395541952843,0.6601177771065773,7.0,0.029478222911292984,0.6447882290058088,0.6313077309291127,0.6601177771065773,7.0,0.19369428454225907,0.21603169400697864,3.0,0.02233740946471957,0.2038052972234215,0.19460131051510404,0.21603169400697864,3.0,0.2565597667638484,0.27591953338888225,10.0,0.01935976662503386,0.2653247088502692,0.2561769537062932,0.27591953338888225,10.0,219.6576,219.6576,0.00356158161310962,0.0007372488608532525,0.006093005195701725,0.0023336162421941265,0.004823919825044573,0.001534440159300387,1.7000184416325284,1.686152082611443,0.004679187800051876,0.0042141781780681
diabetes_mlp_fedavg_R60_C20_s51_loss_cb_summary.json,diabetes,mlp,fedavg,51,60.0,20,cb,none,_loss_cb,,,,,1.0,inf,0.7426903987088191,0.744452847119098,57.0,0.0017624484102788385,0.7088539532575684,0.739290166303862,0.744452847119098,57.0,0.36736640189152503,0.36767893993445433,58.0,0.0003125380429293001,0.30202426407659677,0.3604007001515277,0.36767893993445433,58.0,0.2019357851980287,0.21581083285425787,55.0,0.013875047656229156,0.13299773752166225,0.20384822106514014,0.20411611319814874,43.0,0.3821424481702355,0.3821424481702355,60.0,0.0,0.3387665576313363,0.37501084774751525,0.3821424481702355,60.0,0.05590495975607111,0.11293572057385565,1.0,0.057030760817784534,0.06028712979480771,0.05480332854617601,0.11293572057385565,1.0,0.6368659019298497,0.663575514995616,6.0,0.026709613065766247,0.6506519492469385,0.6370138637307242,0.663575514995616,6.0,0.19993496870007027,0.21898679186889036,17.0,0.019051823168820092,0.21063490952895872,0.2007083853861551,0.21898679186889036,17.0,0.10262172284644194,0.12481962481962482,55.0,0.022197901973182874,0.08187287029134568,0.11072891537167091,0.11962616822429907,26.0,219.6576,219.6576,0.003428743134361625,0.0007787949765903371,0.00611702312216811,0.0025108957650856814,0.004729524999649363,0.0016345745150698283,1.586153648231266,1.5657207086042035,0.0035570666006864895,0.001757227732344202
diabetes_mlp_fedavg_R60_C20_s51_loss_focal_summary.json,diabetes,mlp,fedavg,51,60.0,20,focal,none,_loss_focal,,,,,1.0,inf,0.7384885345920638,0.7384885345920638,60.0,0.0,0.7078751777568631,0.7348869047332766,0.7384885345920638,60.0,0.3472844724077319,0.35011292975919106,59.0,0.002828457351459146,0.29320413536723583,0.3428379928141633,0.35011292975919106,59.0,0.3203012067708809,0.3284903090457648,58.0,0.008189102274883897,0.30058318482366786,0.32159929716544994,0.3284903090457648,58.0,0.37825778506526386,0.37908470243943726,58.0,0.0008269173741733971,0.3371432621965679,0.37249976410886493,0.37908470243943726,58.0,0.3655792464750835,0.38296008020196737,4.0,0.01738083372688387,0.3675310485389842,0.35793697492146254,0.38296008020196737,4.0,0.6328537418122984,0.6640681688226541,6.0,0.031214427010355705,0.6501628226524699,0.6354913830695547,0.6640681688226541,6.0,0.20331680763707424,0.22389914884341525,11.0,0.020582341206341004,0.21272838924090537,0.2016409920069943,0.22389914884341525,11.0,0.26119887470244535,0.2771917060749363,11.0,0.015992831372490968,0.2663871112935595,0.2626177009865523,0.2771917060749363,11.0,219.6576,219.6576,0.0033499712615140866,0.0007516069009893269,0.006027987161154008,0.0025735166358677904,0.00463512525557358,0.0016190017963284683,1.5766601142617067,1.6151886225998169,0.006875782031095841,0.0063754376023239774
diabetes_mlp_fedavg_R60_C20_s51_loss_ldam_summary.json,diabetes,mlp,fedavg,51,60.0,20,ldam,none,_loss_ldam,,,,,1.0,inf,0.7120935726557495,0.7144584367076597,53.0,0.002364864051910276,0.6935301611921183,0.7118832618677498,0.7144584367076597,53.0,0.28517631320049547,0.2882684577854382,53.0,0.0030921445849427243,0.25920874892338885,0.2847557821909007,0.2882684577854382,53.0,0.3176812581528187,0.3176812581528187,60.0,0.0,0.29973651586154365,0.312620421374807,0.3118563942143953,31.0,0.360676568050306,0.360676568050306,60.0,0.0,0.3314818738973445,0.3544425015012418,0.360676568050306,60.0,0.3701812415791096,0.3875999596787753,8.0,0.01741871809966572,0.3747785856171266,0.37215834850988816,0.3875999596787753,8.0,0.6376459758501363,0.6631026767528786,10.0,0.025456700902742324,0.6547689861784854,0.647487188139222,0.6631026767528786,10.0,0.20910723111541832,0.21940544681368318,18.0,0.010298215698264862,0.21192375535393074,0.20864321416352846,0.21808398973432275,6.0,0.27017334130304843,0.275280191411661,31.0,0.0051068501086125595,0.27139336377530127,0.2705125207168263,0.27526514689747655,9.0,219.6576,219.6576,0.00345707775791266,0.0009834130466133606,0.005476801770970753,0.0026396897667780366,0.004492753538799428,0.0018315908675598555,1.2624365246838047,1.3523479171008148,0.0033648938569891124,0.0034940987061291146
diabetes_mlp_fedavg_R60_C20_s51_loss_weighted_ce_summary.json,diabetes,mlp,fedavg,51,60.0,20,weighted_ce,none,_loss_weighted_ce,,,,,1.0,inf,0.7416332212572952,0.7416332212572952,60.0,0.0,0.7109148562117104,0.7381360300701181,0.7416332212572952,60.0,0.3411685730283749,0.3411685730283749,60.0,0.0,0.2915592862371116,0.3359509132027109,0.3411685730283749,60.0,0.318061986825474,0.32642928306351837,57.0,0.008367296238044386,0.30431612846876727,0.320655583013561,0.32642928306351837,57.0,0.3682274036577559,0.3697761800927296,59.0,0.0015487764349736977,0.33715439118811713,0.36619494992193324,0.3697761800927296,59.0,0.3206243058614902,0.36133881888098174,4.0,0.04071451301949153,0.32837436180029234,0.31513962333618106,0.36133881888098174,4.0,0.637319476764163,0.6639120034451759,6.0,0.026592526681012862,0.650385450763004,0.6396460371918564,0.6639120034451759,6.0,0.20558298212744996,0.22163470983298506,10.0,0.01605172770553509,0.2127058150605029,0.2063833148643396,0.22163470983298506,10.0,0.26347436317918443,0.2758960463111221,7.0,0.012421683131937644,0.2689869007425346,0.26571686720579646,0.2758960463111221,7.0,219.6576,219.6576,0.003555041140782599,0.0007767224551691272,0.0061645046815368715,0.002287612059979847,0.004853960609071812,0.0015414733572376709,1.712483558494235,1.6370945040016522,0.0046906963780236925,0.004180155330307387
diabetes_mlp_fedavg_R60_C20_s51_summary.json,diabetes,mlp,fedavg,51,60.0,20,weighted_ce,none,,,,,,1.0,inf,0.7412102766026435,0.7412102766026435,60.0,0.0,0.7104295436991137,0.7381665178961601,0.7412102766026435,60.0,0.3488854803310263,0.3488854803310263,60.0,0.0,0.2931900251134979,0.34113877460306374,0.3488854803310263,60.0,0.3308136278077974,0.33163749002488463,54.0,0.0008238622170872456,0.30881939743291603,0.32887733065543995,0.33163749002488463,54.0,0.37577643703802166,0.37577643703802166,60.0,0.0,0.33932875828383036,0.36994095116450865,0.37577643703802166,60.0,0.3153912857163045,0.35929385082062787,4.0,0.04390256510432339,0.32696186842615105,0.3111471116176737,0.35929385082062787,4.0,0.6337603518545002,0.6640826006921575,6.0,0.03032224883765733,0.6502588349520704,0.637006911334459,0.6640826006921575,6.0,0.20439755251937444,0.22290631241428469,11.0,0.018508759894910243,0.2131657753077519,0.2052063833179935,0.22290631241428469,11.0,0.2631761844086644,0.27808676307007785,7.0,0.014910578661413432,0.2687181966787074,0.2625460320804543,0.27808676307007785,7.0,219.6576,219.6576,0.003501453288578613,0.000716501524811574,0.006223148795513554,0.002366253942442683,0.004834057843435293,0.001533521240017942,1.7095405032832482,1.6350018205885135,0.004875302436924076,0.00395805654612321
diabetes_mlp_fedlama_R30_C10_s42_scale10_summary.json,diabetes,mlp,fedlama,42,30.0,10,weighted_ce,none,_scale10,,,,,1.0,inf,0.7243613783429594,0.7315269016253941,27.0,0.007165523282434694,0.6890140114066073,0.7119951296926614,0.7315269016253941,27.0,0.2953776754561616,0.3097522101811893,27.0,0.014374534725027699,0.2536140681117521,0.28243240738850073,0.3097522101811893,27.0,0.3155632444865605,0.3198756202501727,23.0,0.004312375763612208,0.289942321710395,0.3046041606664891,0.3198756202501727,23.0,0.34656626520656286,0.3503875512228721,27.0,0.003821286016309211,0.3148263142529094,0.33400980854649676,0.3503875512228721,27.0,0.31653409194756055,0.3665465180519686,1.0,0.050012426104408036,0.3370784331880157,0.32882008288207254,0.3665465180519686,1.0,0.6615488914843386,0.668003325504316,8.0,0.006454434019977362,0.6651014258402616,0.6634077125115374,0.668003325504316,8.0,0.21590581757682728,0.22409167125800702,6.0,0.008185853681179744,0.22098943364921375,0.21849416511205244,0.22409167125800702,6.0,0.27261292166952544,0.27918720692557414,7.0,0.006574285256048695,0.2758172403721596,0.274871451681553,0.27918720692557414,7.0,33.4396,33.4396,0.01519846281583432,0.007060530544874715,0.017253157497943122,0.01173883547356683,0.016237088210656517,0.011708222222092628,1.8790858251984446,1.4394079113276348,0.0068843933901672144,0.0005442417838486567
diabetes_mlp_fedlama_R30_C10_s43_scale10_summary.json,diabetes,mlp,fedlama,43,30.0,10,weighted_ce,none,_scale10,,,,,1.0,inf,0.7315017230189336,0.7424647654911564,27.0,0.010963042472222795,0.7038833020445104,0.7228012095135996,0.7424647654911564,27.0,0.29796734349447096,0.30889498361751305,27.0,0.010927640123042093,0.25531011510587237,0.2817854087989114,0.30889498361751305,27.0,0.31854705918016346,0.32512233148271485,27.0,0.006575272302551394,0.2968322512644177,0.3120270749539654,0.32512233148271485,27.0,0.3532241532766568,0.36291883210785675,27.0,0.009694678831199954,0.32204300535216207,0.3430440515333774,0.36291883210785675,27.0,0.3264930780502764,0.37088487673834264,2.0,0.04439179868806625,0.345097304926813,0.3360438224584728,0.37088487673834264,2.0,0.6721726047576778,0.6735285604689559,13.0,0.0013559557112781118,0.6713451131522991,0.6724785378021363,0.6735285604689559,13.0,0.22167971961310828,0.22516719407796118,13.0,0.0034874744648528966,0.22297764913259038,0.22329407460613587,0.22516719407796118,13.0,0.2839929119905493,0.2839929119905493,30.0,0.0,0.28003927905028037,0.2820058847874184,0.2839929119905493,30.0,32.2724,32.2724,0.015987007236426046,0.008667700883120482,0.018373051883185974,0.015743173263156468,0.016949943659040186,0.015709705407774454,1.7727128351475585,2.339243544265628,0.00899234703356756,0.005867799028904418
diabetes_mlp_fedlama_R30_C10_s44_scale10_summary.json,diabetes,mlp,fedlama,44,30.0,10,weighted_ce,none,_scale10,,,,,1.0,inf,0.727643558316257,0.7357581413625502,27.0,0.0081145830462932,0.6947248628669751,0.7141321935961861,0.7357581413625502,27.0,0.3028942579871747,0.31567531614893146,27.0,0.012781058161756786,0.26301121305950276,0.2869042844745018,0.31567531614893146,27.0,0.30670833473013265,0.318176391257527,27.0,0.011468056527394355,0.2886342375876606,0.3000491225062124,0.318176391257527,27.0,0.34093447586948,0.3601966681472925,27.0,0.019262192277812507,0.3134966579831575,0.3328253298361298,0.3601966681472925,27.0,0.33797749800538995,0.3678738312893052,1.0,0.029896333283915222,0.342050960351729,0.3344832345742739,0.3678738312893052,1.0,0.6620439673555628,0.6657495318176038,7.0,0.0037055644620409556,0.6628614938596286,0.6626528629892523,0.6657495318176038,7.0,0.22673393598657265,0.2275025021082842,16.0,0.0007685661217115558,0.22456990037486857,0.22683322596764627,0.2275025021082842,16.0,0.2774674115456238,0.28480938416422286,6.0,0.007341972618599035,0.2794815345808085,0.2798020080999604,0.28480938416422286,6.0,31.79328,31.79328,0.015958692611220918,0.007611388014025943,0.017415063166126097,0.017975501965235764,0.016481854103517716,0.01779016768932489,1.7664680654692952,0.7288235290907323,0.009949262822834582,0.009640669113869411
diabetes_mlp_fedlama_R30_C20_s42_scale20_summary.json,diabetes,mlp,fedlama,42,30.0,20,weighted_ce,none,_scale20,,,,,1.0,inf,0.7186139526711731,0.7294684080316057,27.0,0.010854455360432613,0.685364320323798,0.7076533267536906,0.7294684080316057,27.0,0.2967804324972015,0.3152230653342499,27.0,0.01844263283704839,0.2557061190312946,0.2830911740223496,0.3152230653342499,27.0,0.3098586824762982,0.3220792088174487,23.0,0.012220526341150506,0.28936128782518916,0.30377287121949537,0.3220792088174487,23.0,0.3471842904957185,0.3566152236620383,27.0,0.009430933166319821,0.31688110297838196,0.3366724700995133,0.3566152236620383,27.0,0.32471718922658843,0.36567457871322123,1.0,0.0409573894866328,0.3342279880022849,0.32794231152163594,0.36567457871322123,1.0,0.6616788787054829,0.667686012617018,6.0,0.0060071339115350675,0.6644333465738416,0.6622912103790591,0.667686012617018,6.0,0.21550219683631083,0.22433034881882105,3.0,0.008828151982510218,0.21983131480998,0.21741245995957587,0.22433034881882105,3.0,0.2760126121756003,0.28090567865359,11.0,0.004893066477989705,0.2776108711023965,0.2767968490260216,0.28090567865359,11.0,64.94848,64.94848,0.007905784931340257,0.004490562539466115,0.009300724666681495,0.00610329783970408,0.008479550091009397,0.00609541147636767,0.9056296939182176,0.922069275053218,0.0048502123553744066,0.0037451852936250933
diabetes_mlp_fedlama_R30_C20_s43_scale20_summary.json,diabetes,mlp,fedlama,43,30.0,20,weighted_ce,none,_scale20,,,,,1.0,inf,0.7213368031627474,0.7315964841958003,27.0,0.010259681033052859,0.6941682221840525,0.706129363738822,0.7315964841958003,27.0,0.27474891044161076,0.28801512281830477,27.0,0.013266212376694009,0.24152713006827406,0.2572996573798881,0.28801512281830477,27.0,0.3142755610989778,0.31606538749149116,27.0,0.0017898263925133495,0.29003572288508894,0.2996373691701757,0.31606538749149116,27.0,0.34512277700588584,0.35062883906073083,27.0,0.005506062054844996,0.3162299355370465,0.32760097751340533,0.35062883906073083,27.0,0.3280708886333559,0.364493928934592,1.0,0.03642304030123611,0.3431927004118739,0.3375053884576552,0.364493928934592,1.0,0.6687954970960821,0.6720411241517763,23.0,0.0032456270556942,0.6700241821242029,0.670967433218971,0.6720411241517763,23.0,0.22301985873730878,0.22541369349039178,24.0,0.002393834753082996,0.222561953055846,0.2238639618638268,0.22541369349039178,24.0,0.27938591351224656,0.2841258575822096,22.0,0.004739944069963031,0.2797770858480552,0.28197303105237104,0.2841258575822096,22.0,62.58352,62.58352,0.008026781382947675,0.0039005231070514713,0.009303318223969369,0.00707014041636348,0.00895335961695101,0.007053419100712423,0.9086244395380163,1.0818715277127922,0.005203801289265757,0.003604515520105653
diabetes_mlp_fedlama_R30_C20_s44_scale20_summary.json,diabetes,mlp,fedlama,44,30.0,20,weighted_ce,none,_scale20,,,,,1.0,inf,0.7632944995248292,0.7632944995248292,30.0,0.0,0.6892547410292104,0.7185848315956582,0.7632944995248292,30.0,0.3614753841037754,0.3614753841037754,30.0,0.0,0.2672304383682344,0.30366900408601905,0.3614753841037754,30.0,0.34834767536746214,0.34834767536746214,30.0,0.0,0.2939428320675812,0.31378602782221143,0.34834767536746214,30.0,0.3950809079710266,0.3950809079710266,30.0,0.0,0.32075633635092654,0.3490959284535154,0.3950809079710266,30.0,0.31590660434175827,0.36800576940549407,1.0,0.0520991650637358,0.33746734452110777,0.32851169963133714,0.36800576940549407,1.0,0.6607348963959931,0.6650604665213506,7.0,0.004325570125357503,0.6631426835684022,0.6623672864104648,0.6650604665213506,7.0,0.22407609446438864,0.22759866520982386,18.0,0.003522570745435216,0.22350980853820374,0.22501640884814847,0.22759866520982386,18.0,0.27991602519244224,0.28383067314365024,8.0,0.003914647951207995,0.27999710999001776,0.27891625967982425,0.28383067314365024,8.0,60.9344,60.9344,0.00867109580138839,0.0045475636259261565,0.009629398566582157,0.009072080673409342,0.00935832137771262,0.009050489844201376,0.9245699927815015,1.4163098125718534,0.005818870435818516,0.0043416238683032906
diabetes_mlp_fedlama_R30_C50_s42_scale50_summary.json,diabetes,mlp,fedlama,42,30.0,50,weighted_ce,none,_scale50,,,,,1.0,inf,0.7107729877305557,0.7170586161662132,27.0,0.006285628435657498,0.6804654459295929,0.6988312171804332,0.7170586161662132,27.0,0.2862105506175815,0.29893430222564793,27.0,0.012723751608066436,0.25107688135022316,0.2729233977472746,0.29893430222564793,27.0,0.30426555667807653,0.315823617740058,27.0,0.011558061061981484,0.28625960533418976,0.29961700883245795,0.315823617740058,27.0,0.3405017209747969,0.34891550041591574,27.0,0.008413779441118818,0.3149816535671892,0.33076904672499696,0.34891550041591574,27.0,0.32498492892192254,0.36666792434221807,1.0,0.04168299542029552,0.33568912157693204,0.3288690300964033,0.36666792434221807,1.0,0.6637877513234778,0.6672106644839322,6.0,0.0034229131604543994,0.6650815115336072,0.6643413114046556,0.6672106644839322,6.0,0.2163856590669642,0.22304659308108532,3.0,0.006660934014121128,0.21977677567468806,0.2182994588654375,0.22304659308108532,3.0,0.27585397347106466,0.2809422909136233,26.0,0.005088317442558665,0.27725069727069523,0.2774544355070404,0.2809422909136233,26.0,154.8324,154.8324,0.0035551279556581936,0.0018595116688512505,0.0035517292142986322,0.0026051558052112298,0.0035789704804484825,0.002601546467239936,0.3582967064262372,0.392459525144659,0.0018970824666069478,0.0006134388462731504
diabetes_mlp_fedlama_R30_C50_s43_scale50_summary.json,diabetes,mlp,fedlama,43,30.0,50,weighted_ce,none,_scale50,,,,,1.0,inf,0.7487007540023364,0.7487007540023364,30.0,0.0,0.6955850358190148,0.7079832934531753,0.7260484240254317,15.0,0.318841842480834,0.318841842480834,30.0,0.0,0.2472279641205007,0.2652468697194069,0.28268076567633027,15.0,0.33064771453088887,0.33393921031433277,29.0,0.0032914957834438985,0.29346272781582944,0.3014275207094812,0.3149670587330485,15.0,0.3766138399612772,0.3766138399612772,30.0,0.0,0.32220390744741023,0.33533059752648575,0.3529815900176755,15.0,0.31371481662446904,0.36631459556875495,2.0,0.05259977894428591,0.3417572037532181,0.33582355332382374,0.36631459556875495,2.0,0.6688773948181508,0.6712836894424323,22.0,0.0024062946242815464,0.669742479142853,0.6702580892636478,0.6712836894424323,22.0,0.22291328773891825,0.22410560671139929,27.0,0.001192318972481038,0.22250660719159718,0.22340030009861528,0.22337688203011272,6.0,0.27755280726715553,0.28200192492781523,22.0,0.004449117660659696,0.27888552403929656,0.27915114109504263,0.28200192492781523,22.0,150.7256,150.7256,0.0033313318301142003,0.0018149997881572086,0.004142539163801366,0.0037438453329063006,0.003727539777628742,0.0037342438031467817,0.34779962768517786,0.5334853515960276,0.0019756935492664957,0.0011423456032779332
diabetes_mlp_fedlama_R30_C50_s44_scale50_summary.json,diabetes,mlp,fedlama,44,30.0,50,weighted_ce,none,_scale50,,,,,1.0,inf,0.7634836646968945,0.7634836646968945,30.0,0.0,0.6869253564257798,0.7166668366649173,0.7634836646968945,30.0,0.3640523219402678,0.3640523219402678,30.0,0.0,0.2657411982457918,0.30262522118339225,0.3640523219402678,30.0,0.3395581088932085,0.3395581088932085,30.0,0.0,0.29071295901798017,0.31114314853557234,0.3395581088932085,30.0,0.40515305205882723,0.40515305205882723,30.0,0.0,0.32240530175017496,0.35168686200034444,0.40515305205882723,30.0,0.31678762651499714,0.3685646651173169,1.0,0.05177703860231975,0.33967036862000627,0.3297129035046801,0.3685646651173169,1.0,0.6625181483896367,0.6656947032629428,16.0,0.0031765548733060367,0.6636579130224941,0.6631816943757725,0.6656947032629428,16.0,0.22491476185841885,0.227291762379693,16.0,0.002377000521274153,0.2236985002194206,0.22506425377149314,0.227291762379693,16.0,0.2802647817794233,0.2847762645914397,6.0,0.004511482812016354,0.2796938879287849,0.28054139513873366,0.2847762645914397,6.0,142.57,142.57,0.00364341889965867,0.0024347905969837698,0.003982476732849505,0.0040710346285180235,0.0038658424636543367,0.004042990425184226,0.33961768429170053,0.16038663417566568,0.00248151255576527,0.0026273343101928153
diabetes_mlp_fedlama_R30_C71_s42_scale100_summary.json,diabetes,mlp,fedlama,42,30.0,100,weighted_ce,none,_scale100,,,,,1.0,inf,0.710084865384038,0.7197555201341094,27.0,0.009670654750071339,0.6802155312520561,0.6980509511932212,0.6983896121108161,11.0,0.28445044224265886,0.3027337977232586,27.0,0.018283355480599728,0.25033416090250243,0.2716610654002326,0.26906296184281675,11.0,0.3046071688987796,0.32197617688170854,27.0,0.017369007982928952,0.2858284405905451,0.29845878750847427,0.302009480035035,11.0,0.3369433290366114,0.34791754522128865,27.0,0.010974216184677255,0.312896057499329,0.3271325481698914,0.3282390488988973,11.0,0.33567580505561545,0.36660086014938426,1.0,0.030925055093768805,0.3381976054873227,0.3309827896122477,0.36660086014938426,1.0,0.663212220917135,0.6659558448042434,14.0,0.0027436238871083596,0.6644900558730037,0.6638720911688554,0.6659558448042434,14.0,0.21677902161290258,0.22295422581351432,3.0,0.006175204200611739,0.2203308109535986,0.21892821981071137,0.22295422581351432,3.0,0.27608426270136305,0.28155589902112316,25.0,0.005471636319760109,0.27672258039353714,0.2774728228685871,0.28155589902112316,25.0,206.941144,206.941144,0.0026172976176073383,0.0014200079142142395,0.00271945434967758,0.002438873017902676,0.0026824542928346544,0.002433971482566798,0.24614259348018094,0.34097970474977046,0.0012561734820361542,0.0007808508155146194
diabetes_mlp_fedlama_R30_C71_s43_scale100_summary.json,diabetes,mlp,fedlama,43,30.0,100,weighted_ce,none,_scale100,,,,,1.0,inf,0.7119977058869232,0.7216882861554438,27.0,0.009690580268520543,0.6917233323529622,0.7032419791644463,0.7216882861554438,27.0,0.2719144051064674,0.28042829780663897,27.0,0.008513892700171555,0.24359763520284997,0.2593222750938776,0.28042829780663897,27.0,0.3082591775094017,0.30981865304820333,19.0,0.0015594755388016468,0.2902466314092953,0.29937168346167653,0.30981865304820333,19.0,0.34454708771309595,0.34672473935505327,23.0,0.0021776516419573233,0.31805308770619667,0.33070782281145034,0.34672473935505327,23.0,0.3278177546463256,0.36422069753209435,1.0,0.03640294288576873,0.3437674305884503,0.33778855914675215,0.36422069753209435,1.0,0.6707157891027489,0.6711932329942756,27.0,0.00047744389152670763,0.6695510744865681,0.6704347278166981,0.6711932329942756,27.0,0.22266246497644132,0.22425748750712898,27.0,0.001595022530687662,0.22245000664423656,0.22276965548618452,0.22425748750712898,27.0,0.28086997193638913,0.2830145719489982,27.0,0.002144600012609077,0.27949506734455387,0.28109158787230787,0.28114313629702004,9.0,180.153128,180.153128,0.002437976757221484,0.001349174358974238,0.002759644666194593,0.002420248511678158,0.0026304946290244737,0.00241177516236338,0.20997480727496623,0.2258360289556549,0.001489623405425859,0.0009485405796133203
diabetes_mlp_fedlama_R30_C73_s44_scale100_summary.json,diabetes,mlp,fedlama,44,30.0,100,weighted_ce,none,_scale100,,,,,1.0,inf,0.7527402443668082,0.7527402443668082,30.0,0.0,0.6837229807590962,0.7058774715252497,0.6994837666878289,15.0,0.3567372029578708,0.3567372029578708,30.0,0.0,0.26026044180799274,0.2897637564531115,0.28026287785499665,15.0,0.34828533208770973,0.34828533208770973,30.0,0.0,0.2896452992427538,0.3076187325294133,0.30841748705250804,11.0,0.38674822956289545,0.38674822956289545,30.0,0.0,0.3164476578891204,0.3387427872861615,0.3329777933040632,15.0,0.31262793044780857,0.36854687712588124,1.0,0.05591894667807268,0.339282638772788,0.32974239979236053,0.36854687712588124,1.0,0.6638469094389897,0.6653079040613489,20.0,0.0014609946223591574,0.6636749530863846,0.6643213188730853,0.6645021665122498,9.0,0.22424533226734022,0.22597114878006702,21.0,0.0017258165127267966,0.22270999738629038,0.22495251033405067,0.22597114878006702,21.0,0.2781442146450531,0.28047122791119167,20.0,0.0023270132661385445,0.27792434936163607,0.2783573493102823,0.280294320533456,4.0,183.055384,183.055384,0.002691505516158088,0.0015666053777242909,0.0026236422502547664,0.003134057446179258,0.002693289437997562,0.003105311273513659,0.20265452759986904,0.1151713327590187,0.0014264744335870459,0.0007876386877126891
diabetes_mlp_fedlama_R60_C20_s42_summary.json,diabetes,mlp,fedlama,42,60.0,20,weighted_ce,none,,,,,,1.0,inf,0.6985875888445435,0.7785296380433453,47.0,0.07994204919880177,0.7050474762878812,0.7207793240216414,0.7785296380433453,47.0,0.2697994925710864,0.3896526187129564,47.0,0.11985312614187005,0.27900803127465507,0.29829289926578695,0.3896526187129564,47.0,0.29530971621218005,0.3518833791525527,47.0,0.05657366294037264,0.3037527620666708,0.31501839762931877,0.3518833791525527,47.0,0.32603536151907814,0.4021219556970453,47.0,0.07608659417796715,0.3328438385442374,0.3447941961361975,0.4021219556970453,47.0,0.33813383521393503,0.3695492703253769,1.0,0.03141543511144185,0.33097730629880107,0.32689822048948214,0.3695492703253769,1.0,0.6587696522531863,0.6678344098838679,9.0,0.009064757630681597,0.6636943495189969,0.6599763410206088,0.6678344098838679,9.0,0.21486433768942842,0.22576963168644748,9.0,0.010905293997019061,0.22012531656883755,0.21769586686024858,0.22576963168644748,9.0,0.2729906642343599,0.2799532437171245,2.0,0.006962579482764575,0.275116659914257,0.2728069704936389,0.2799532437171245,2.0,110.292,110.292,0.006322057814469166,0.0025696116223683924,0.0071609664967910835,0.004161061939935448,0.0067564077992112006,0.0035123838295273214,0.8101391570767494,1.5016191743779927,0.003814848861867621,0.0029073886826763607
diabetes_mlp_fedlama_R60_C20_s43_summary.json,diabetes,mlp,fedlama,43,60.0,20,weighted_ce,none,,,,,,1.0,inf,0.767139251436845,0.7895393267327715,47.0,0.02240007529592647,0.7125197676905584,0.7316994552491127,0.735139142636972,27.0,0.3490941127635375,0.3881716522714162,47.0,0.03907753950787868,0.2713423397537863,0.29990185917422824,0.2988885252894753,27.0,0.33436333762467624,0.36311326501998337,47.0,0.02874992739530713,0.3030568680536875,0.3144969795521567,0.320289982097535,27.0,0.3954892601559355,0.4283192367878825,47.0,0.03282997663194698,0.3357948328594792,0.3556975197485063,0.4283192367878825,47.0,0.3220361199885264,0.37473259683784016,2.0,0.05269647684931378,0.33438396294227235,0.3296098384355459,0.37473259683784016,2.0,0.6655380610062983,0.6717989573815096,24.0,0.006260896375211322,0.6685006556753883,0.6661536053395206,0.6717989573815096,24.0,0.21809411285855218,0.22410113433515372,28.0,0.006007021476601537,0.2207137200734577,0.21803914450499726,0.22410113433515372,28.0,0.27956204379562044,0.28375343149488397,50.0,0.004191387699263527,0.279740840187955,0.2809021429440078,0.2809255784865541,8.0,110.90704,110.90704,0.006284427734527306,0.001965060928017243,0.007564883662670625,0.004446508059335782,0.0069748521792623985,0.004426047284234199,0.8243843701043639,1.1096467168536037,0.004269336460631566,0.0020555005207809974
diabetes_mlp_fedlama_R60_C20_s44_summary.json,diabetes,mlp,fedlama,44,60.0,20,weighted_ce,none,,,,,,1.0,inf,0.7031568089422263,0.7617048553894701,45.0,0.05854804644724376,0.6995233898765669,0.7220669545120628,0.7617048553894701,45.0,0.27718979938804905,0.3498339510075694,45.0,0.07264415161952037,0.2732228522409858,0.29980872936975084,0.3498339510075694,45.0,0.2902861713739359,0.3434184113418858,45.0,0.05313223996794986,0.2933206357338397,0.3074450937784086,0.3078531259782182,15.0,0.32431259022997105,0.3806141526394725,45.0,0.05630156240950146,0.32287501187395296,0.34067405020327846,0.3806141526394725,45.0,0.34226364675386894,0.371270607247231,1.0,0.029006960493362044,0.3362160593994647,0.3324597627895654,0.371270607247231,1.0,0.652250212073185,0.6646636152089115,7.0,0.012413403135726475,0.6591539039160765,0.6526390932288229,0.6646636152089115,7.0,0.21876199168642368,0.22653916422212414,21.0,0.007777172535700455,0.2228676293184265,0.22018308289287764,0.22653916422212414,21.0,0.2683618787433015,0.2827763496143959,6.0,0.014414470871094431,0.2756563488074463,0.26961476966170533,0.2827763496143959,6.0,115.1712,115.1712,0.006437933120586236,0.002746925757387531,0.007151298480214047,0.0036841671448313703,0.0068627748049028495,0.0033269257621470487,0.8225830555545144,1.4200123292393982,0.004480379316400885,0.0036972545747721653
diabetes_mlp_fedlama_R60_C20_s45_summary.json,diabetes,mlp,fedlama,45,60.0,20,weighted_ce,none,,,,,,1.0,inf,0.6985362271260143,0.7829726200109501,55.0,0.08443639288493587,0.701195424981852,0.7373012073783286,0.7829726200109501,55.0,0.26557424689531295,0.3824058132614259,55.0,0.11683156636611297,0.26909034115362446,0.3115430933809267,0.3824058132614259,55.0,0.3033455908023933,0.35518128569402535,55.0,0.051835694891632034,0.3022774585151532,0.3222955135036466,0.3274047661064869,31.0,0.3266972108018221,0.4086225371639924,55.0,0.08192532636217026,0.33061087111898135,0.3607709474529882,0.4086225371639924,55.0,0.3204358608832627,0.3585115899767344,2.0,0.03807572909347168,0.3303968325093105,0.3205359874782114,0.3585115899767344,2.0,0.6499249743577054,0.6611941184835904,4.0,0.011269144125885089,0.6548472828353769,0.6503562764250669,0.6611941184835904,4.0,0.20466927230517806,0.21190063693140598,16.0,0.007231364626227921,0.2080333803128761,0.20412612976198535,0.21190063693140598,16.0,0.27012313674659755,0.2768077129084092,2.0,0.006684576161811673,0.2698546616676023,0.2701337577465245,0.2768077129084092,2.0,112.79552,112.79552,0.0063404401261968335,0.0030237339510228857,0.007136399552546402,0.004570183637761048,0.0069754044322859424,0.004010794742886237,0.8530594967371599,1.734824321232736,0.00444776951733328,0.00625597269754623
diabetes_mlp_fedlama_R60_C20_s46_summary.json,diabetes,mlp,fedlama,46,60.0,20,weighted_ce,none,,,,,,1.0,inf,0.7587016401393151,0.7745512042122416,55.0,0.01584956407292648,0.7085179051058076,0.7424373756157748,0.714723733008511,15.0,0.3461808140113217,0.37029446934382965,55.0,0.02411365533250792,0.2804139064783485,0.32369913000227213,0.37029446934382965,55.0,0.3380150004259348,0.3545320803702638,55.0,0.016517079944328994,0.30597233918407524,0.3287318153088764,0.3545320803702638,55.0,0.3885281592260087,0.4031391844101257,55.0,0.014611025184116999,0.3361981919079063,0.3698738596841865,0.3419991751508912,15.0,0.31177423454521547,0.3639734721714963,1.0,0.052199237626280814,0.33475023442905977,0.3218759261928491,0.3639734721714963,1.0,0.6568115361989688,0.6643753041045893,14.0,0.007563767905620522,0.6610335137375586,0.6570998008703196,0.6643753041045893,14.0,0.21791826423784605,0.2240978707531036,22.0,0.006179606515257563,0.22172755183159282,0.21862263744909205,0.2240978707531036,22.0,0.2731142113974935,0.28140466650954515,2.0,0.008290455112051676,0.2732883571987277,0.2706602397028658,0.28140466650954515,2.0,111.53088,111.53088,0.006735314067259518,0.0022510740746354294,0.00712081745862422,0.004149449919151211,0.006981042811764719,0.004141231994082461,0.846255184209546,1.1571208463283256,0.0046726307137664284,0.0038500147871875306
diabetes_mlp_fedlama_R60_C20_s47_summary.json,diabetes,mlp,fedlama,47,60.0,20,weighted_ce,none,,,,,,1.0,inf,0.7050960219875506,0.788601344969542,39.0,0.08350532298199143,0.7127567196867851,0.7370820088253875,0.788601344969542,39.0,0.2837437826254322,0.39296344716463233,39.0,0.10921966453920012,0.2923437048652801,0.32024248536854316,0.39296344716463233,39.0,0.30257692595380364,0.35790855256537013,39.0,0.05533162661156649,0.3075427876663445,0.32381248101021576,0.35790855256537013,39.0,0.3331032114615848,0.4216761914776972,39.0,0.08857298001611241,0.34152242380151493,0.3621056170818987,0.4216761914776972,39.0,0.3325898159136729,0.3629428768898141,16.0,0.030353060976141155,0.3326001631511755,0.32607528332878144,0.3629428768898141,16.0,0.658721060776041,0.6685846161090083,9.0,0.009863555332967344,0.6632989520605421,0.6590540592230715,0.6685846161090083,9.0,0.22144635186454692,0.22514088258509019,8.0,0.0036945307205432654,0.22199484694361626,0.22072007519294198,0.22514088258509019,8.0,0.27574601750056094,0.28281897742975587,5.0,0.007072959929194933,0.27613068566950716,0.27434035312010546,0.28281897742975587,5.0,108.62784,108.62784,0.006367021169987728,0.0027480431425371964,0.007245027718863172,0.0034032437154382774,0.006902819603502542,0.0031711826837684492,0.812433743692615,1.3427590171340853,0.004861938863092912,0.004694557761067834
diabetes_mlp_fedlama_R60_C20_s48_summary.json,diabetes,mlp,fedlama,48,60.0,20,weighted_ce,none,,,,,,1.0,inf,0.7064388508279437,0.7836022631102189,47.0,0.07716341228227519,0.71314993046361,0.7282196622086902,0.774725886091342,31.0,0.2792140907872491,0.3952537071744765,47.0,0.11603961638722737,0.28784014766034266,0.30555434770776585,0.3831782257802513,31.0,0.3044689171934955,0.3690992476368502,47.0,0.0646303304433547,0.31304168951432065,0.3189544224938786,0.3620526710146307,31.0,0.3438065309546727,0.42626833182248075,47.0,0.08246180086780808,0.35113861484501285,0.36272322631679055,0.4236815148035772,31.0,0.328863830685118,0.3681941726102526,1.0,0.039330341925134626,0.3314672696780831,0.32826763541910736,0.3681941726102526,1.0,0.659743602653436,0.6658534412780281,33.0,0.006109838624592134,0.6625455806545147,0.6602244650156173,0.664980513964302,14.0,0.22429970534878352,0.22896347970397568,36.0,0.004663774355192163,0.22490895011588463,0.22511021305053092,0.2278342663408831,17.0,0.276504769213902,0.2831281679942071,33.0,0.006623398780305101,0.275411600391548,0.2748222947452297,0.2781128059595601,3.0,97.60832,97.60832,0.007170291985122278,0.0032460787582201103,0.007993298883763197,0.004402905516676564,0.007628503993652927,0.00397662091548075,0.6953003070876927,1.4376005814237942,0.007609479106338125,0.0024299770897109724
diabetes_mlp_fedlama_R60_C20_s49_summary.json,diabetes,mlp,fedlama,49,60.0,20,weighted_ce,none,,,,,,1.0,inf,0.7586428182148187,0.7778977824594184,47.0,0.019254964244599715,0.7100974170420958,0.7230163829337478,0.7653701845702057,31.0,0.354678696901326,0.3864899667221254,47.0,0.031811269820799404,0.28613076352776573,0.30725799196724546,0.3592585451601199,31.0,0.3537113510256926,0.361527083517096,47.0,0.007815732491403382,0.3093542418457929,0.31642360351764826,0.3546455373091573,30.0,0.39035087433812965,0.41869793087008556,47.0,0.028347056531955905,0.3446176039017426,0.3567903150235375,0.40218027549206276,30.0,0.31316424732048476,0.3634372248247731,3.0,0.05027297750428833,0.33203680682702874,0.32916246624550183,0.3634372248247731,3.0,0.6645074498314333,0.6737418133024089,20.0,0.009234363470975615,0.6705910483890629,0.6663339760995189,0.6737418133024089,20.0,0.22273609334714026,0.22812930898278488,33.0,0.005393215635644627,0.2256880376666902,0.22437012053788852,0.22790622631782145,20.0,0.27501656726308815,0.2860335195530726,16.0,0.01101695228998445,0.27934152632330705,0.2753564183683573,0.2860335195530726,16.0,96.2128,96.2128,0.0070517953550127774,0.0027850489990063516,0.007777499998642653,0.005846451267441938,0.007623402568289033,0.005831738743067743,0.7039756634202755,1.2506725549037583,0.013784540308298263,0.0012673542634870165
diabetes_mlp_fedlama_R60_C20_s50_summary.json,diabetes,mlp,fedlama,50,60.0,20,weighted_ce,none,,,,,,1.0,inf,0.6996607083608142,0.7876909111675583,47.0,0.08803020280674412,0.702913494639626,0.7259971382972524,0.7876909111675583,47.0,0.28019880447438944,0.4003658313943961,47.0,0.12016702692000664,0.28456605034271387,0.31143466731106906,0.4003658313943961,47.0,0.2945657539748315,0.3628693741668283,47.0,0.06830362019199682,0.3025513719175819,0.3141025366096605,0.3628693741668283,47.0,0.3280230806262002,0.42195530398023273,47.0,0.0939322233540325,0.3373806569151389,0.35316098183610267,0.3592151108565822,31.0,0.32626125682567425,0.3815373579160812,1.0,0.055276101090406926,0.33132344260538293,0.3256764763772977,0.3815373579160812,1.0,0.6477368143036041,0.65993150559437,11.0,0.012194691290765891,0.6543422665434276,0.6480420696776683,0.65993150559437,11.0,0.20568151974940493,0.2156968712694559,3.0,0.010015351520050952,0.21024459148847338,0.20480108107205744,0.2156968712694559,3.0,0.2718514219384794,0.275705186533212,24.0,0.0038537645947326338,0.27170610074923846,0.27215116333137046,0.275705186533212,24.0,108.93584,108.93584,0.0067107253480311645,0.0024087892972592057,0.007390464675325817,0.003453252936911154,0.006903631414127263,0.0029674306950871047,0.80879633889737,1.1115400749258697,0.00472419209360297,0.003942242161077099
diabetes_mlp_fedlama_R60_C20_s51_summary.json,diabetes,mlp,fedlama,51,60.0,20,weighted_ce,none,,,,,,1.0,inf,0.7659888825170612,0.7756765821959547,55.0,0.009687699678893491,0.7082578342654952,0.7424331404891888,0.7294098879739649,27.0,0.36366359210985977,0.37611285540808337,55.0,0.0124492632982236,0.2807923297115705,0.32928244159392694,0.31136252377026374,27.0,0.3474311758324237,0.35182091755882894,45.0,0.004389741726405216,0.3075872590645253,0.3317828979589496,0.35182091755882894,45.0,0.3875352142232112,0.4034683766279758,55.0,0.01593316240476461,0.3348426621979732,0.36733911914404055,0.4034683766279758,55.0,0.3172576184289441,0.3623221816789558,5.0,0.04506456325001168,0.33212977843869856,0.3170812376140901,0.3623221816789558,5.0,0.6534809995527877,0.6640368202922023,21.0,0.010555820739414634,0.6596823224256344,0.6547779201331808,0.6638152973700516,6.0,0.21765601422043018,0.22282408643435025,21.0,0.005168072213920072,0.21961492205981806,0.21858965009332115,0.22282408643435025,21.0,0.27331548415885765,0.2779595298679268,27.0,0.004644045709069178,0.27168239015611356,0.2690389102825019,0.2779595298679268,27.0,109.93344,109.93344,0.006148189356602529,0.002103013033810345,0.007650434506323454,0.004741909668885426,0.007113101167082912,0.004726950529855675,0.7942808623049434,1.215175483492203,0.004765807824860271,0.004053081678455811
diabetes_mlp_fedper_R30_C10_s42_scale10_summary.json,diabetes,mlp,fedper,42,30.0,10,weighted_ce,none,_scale10,,,,,1.0,inf,0.707167663065065,0.707167663065065,30.0,0.0,0.6828643121792999,0.7016876010415675,0.707167663065065,30.0,0.28120040668183766,0.28120040668183766,30.0,0.0,0.2477971223297837,0.27233536887354787,0.28120040668183766,30.0,0.29879069548003473,0.30558468263983635,28.0,0.006793987159801618,0.28342126196801626,0.2985045665492449,0.30558468263983635,28.0,0.3331393925947913,0.3334560511142268,27.0,0.0003166585194355198,0.3111598873484704,0.3288894850883103,0.3334560511142268,27.0,0.3349800661693441,0.39215367785868555,1.0,0.05717361168934143,0.34371354554991224,0.33386625519622637,0.39215367785868555,1.0,0.545450035637933,0.6046542327368111,23.0,0.05920419709887803,0.5377666973927443,0.5730468171352624,0.5806677377540066,1.0,0.12892523511340345,0.19424429670718557,23.0,0.06531906159378212,0.13803069958745046,0.14999069554838557,0.1875824863152064,1.0,0.20516646460878485,0.2465478841870824,19.0,0.04138141957829755,0.20375083418946455,0.2211973633441952,0.22766471196964472,2.0,54.7584,54.7584,0.011858500864345147,0.003732727038106467,0.017808627873852945,0.010194212743624049,0.014778157857754675,0.006685494883882655,3.27698933146894,3.2953735368791968,,
diabetes_mlp_fedper_R30_C10_s43_scale10_summary.json,diabetes,mlp,fedper,43,30.0,10,weighted_ce,none,_scale10,,,,,1.0,inf,0.7280294399704466,0.7280294399704466,30.0,0.0,0.7000823653061677,0.7187557174086512,0.7280294399704466,30.0,0.2891752239974023,0.2891752239974023,30.0,0.0,0.2512219569800841,0.27646377305873643,0.2891752239974023,30.0,0.30939228589689477,0.31155379363136765,29.0,0.0021615077344728784,0.2910300544027043,0.3054043691605503,0.31155379363136765,29.0,0.3450758844980654,0.3450758844980654,30.0,0.0,0.31882821827633107,0.3360463864391988,0.3450758844980654,30.0,0.3358200663235852,0.3863268917476049,2.0,0.050506825424019686,0.3498486073889052,0.34210386692579486,0.3863268917476049,2.0,0.4260352507071742,0.4695685207343798,13.0,0.04353327002720564,0.4199025925778493,0.42223846553536537,0.4695685207343798,13.0,0.09471986712169682,0.1307103099376062,13.0,0.03599044281590939,0.09742756653244287,0.09502883423275985,0.11564361837427678,1.0,0.18003448480884715,0.20454751336171756,3.0,0.02451302855287041,0.17288966969498892,0.15991919453317938,0.20454751336171756,3.0,54.7584,54.7584,0.012312121341403666,0.0041460499211884785,0.018564397577310095,0.01064154905608604,0.015527667669237247,0.007232109706999213,3.3904177149136863,3.5156411265488714,,
diabetes_mlp_fedper_R30_C10_s44_scale10_summary.json,diabetes,mlp,fedper,44,30.0,10,weighted_ce,none,_scale10,,,,,1.0,inf,0.7183285070546549,0.7183285070546549,30.0,0.0,0.6895246812692938,0.7100600304407362,0.7183285070546549,30.0,0.29859688228618464,0.29859688228618464,30.0,0.0,0.2638015079283178,0.2915235732196604,0.29859688228618464,30.0,0.2980323218397324,0.2980323218397324,30.0,0.0,0.2814476910591377,0.29386343838828455,0.2980323218397324,30.0,0.3398010342881242,0.3398010342881242,30.0,0.0,0.3115755846734619,0.33238303236053435,0.3398010342881242,30.0,0.33723055750421616,0.38838868449513014,1.0,0.05115812699091399,0.3472977461484046,0.3376892615435048,0.38838868449513014,1.0,0.5471523436678403,0.5912119502505598,6.0,0.04405960658271957,0.5590684224889053,0.5430567045973009,0.5912119502505598,6.0,0.12770970654035316,0.1456177951263678,6.0,0.017908088586014642,0.13317692644620063,0.12604890579306957,0.1456177951263678,6.0,0.139656912209889,0.1992608561749307,7.0,0.059603943965041706,0.11363271551770643,0.1043799705489598,0.1992608561749307,7.0,54.7584,54.7584,0.011997656709547657,0.0037923202149769786,0.016883518799182165,0.009718040412199347,0.01444509133033096,0.00653640847279106,3.197086354861191,3.226820630952716,,
diabetes_mlp_fedper_R30_C20_s42_scale20_summary.json,diabetes,mlp,fedper,42,30.0,20,weighted_ce,none,_scale20,,,,,1.0,inf,0.7055699634058071,0.7055699634058071,30.0,0.0,0.6811253777378852,0.7006889113856056,0.7055699634058071,30.0,0.28771883068015297,0.28771883068015297,30.0,0.0,0.2511535582692513,0.2775112686427024,0.28771883068015297,30.0,0.29562391323485027,0.30239989404952106,28.0,0.00677598081467079,0.2804101453142323,0.29596339968409946,0.30239989404952106,28.0,0.3346647029177018,0.3346647029177018,30.0,0.0,0.31230918086151394,0.3296815095204799,0.3346647029177018,30.0,0.3355327738437664,0.3903287517287641,1.0,0.05479597788499768,0.34259618329897046,0.33519034448618695,0.3903287517287641,1.0,0.5377918456574053,0.5928222582497461,1.0,0.05503041259234076,0.5434626228886238,0.5167820429794627,0.5928222582497461,1.0,0.13976649657541484,0.1977797930327681,7.0,0.05801329645735326,0.15133673081898777,0.1250324973204974,0.1977797930327681,7.0,0.18026372989421824,0.24604293997805987,7.0,0.06577921008384163,0.2007580508560494,0.18579355566299377,0.24604293997805987,7.0,109.5168,109.5168,0.005976147452517003,0.0018762951521603113,0.009227720610677958,0.005377108797309678,0.007609548751260255,0.0034968491022447654,1.6697166978963651,1.7198312816908583,,
diabetes_mlp_fedper_R30_C20_s43_scale20_summary.json,diabetes,mlp,fedper,43,30.0,20,weighted_ce,none,_scale20,,,,,1.0,inf,0.7091310966925113,0.7091310966925113,30.0,0.0,0.6869674509741032,0.7037117141486106,0.7091310966925113,30.0,0.2743516028239215,0.2743516028239215,30.0,0.0,0.2404327940760173,0.26302836354215586,0.2743516028239215,30.0,0.30790174817299054,0.30790174817299054,30.0,0.0,0.2823793087618806,0.29614872528842684,0.30790174817299054,30.0,0.337696252017193,0.337696252017193,30.0,0.0,0.31320702240123527,0.33109780214518136,0.337696252017193,30.0,0.3283302570780809,0.3850116780410594,1.0,0.05668142096297851,0.3490729222019763,0.33801912473002255,0.3850116780410594,1.0,0.5122456546142904,0.5238776410383938,27.0,0.011631986424103458,0.47398059464891046,0.49587035944491065,0.4863408378887425,5.0,0.11367882526498008,0.13672170137762296,4.0,0.023042876112642885,0.11403390519672686,0.11105791003646434,0.13672170137762296,4.0,0.2039355992844365,0.20462541092335199,25.0,0.0006898116389154885,0.192987947498252,0.2005781322976517,0.1919836028239581,5.0,109.5168,109.5168,0.006118194576378791,0.002035085863488008,0.009449851309342068,0.005325355662898725,0.007837532432040016,0.003579643702651974,1.6652527423924766,1.6810542242601514,,
diabetes_mlp_fedper_R30_C20_s44_scale20_summary.json,diabetes,mlp,fedper,44,30.0,20,weighted_ce,none,_scale20,,,,,1.0,inf,0.7089737981460604,0.7089737981460604,30.0,0.0,0.6810439174591258,0.7018981950451726,0.7089737981460604,30.0,0.29021415744878126,0.29021415744878126,30.0,0.0,0.25552194880125767,0.2793793295360374,0.29021415744878126,30.0,0.3030027274815132,0.3030027274815132,30.0,0.0,0.281990122898902,0.2951761857238687,0.3030027274815132,30.0,0.3381850229883024,0.3381850229883024,30.0,0.0,0.31314063538596437,0.331847961502695,0.3381850229883024,30.0,0.33004253730631705,0.3850738308866481,1.0,0.05503129358033104,0.34485478057467156,0.3383331613815735,0.3850738308866481,1.0,0.5861030182485594,0.5900555684703358,27.0,0.00395255022177643,0.5648531654745439,0.5743533003978828,0.5896199393520136,16.0,0.14099070434019295,0.14421190554831187,16.0,0.003221201208118918,0.13631543436151938,0.1375693379287907,0.14421190554831187,16.0,0.18335263941750787,0.19163113006396587,1.0,0.008278490646457998,0.10751387417723429,0.15604397772830425,0.19163113006396587,1.0,109.5168,109.5168,0.0059867853862939,0.0019723700256991353,0.009110677048433364,0.005372460089942319,0.007576786957549308,0.003549579052999254,1.6573394320284327,1.7228435155702755,,
diabetes_mlp_fedper_R30_C50_s42_scale50_summary.json,diabetes,mlp,fedper,42,30.0,50,weighted_ce,none,_scale50,,,,,1.0,inf,0.7043772974061093,0.7043772974061093,30.0,0.0,0.6778969311357645,0.6982444602998259,0.7043772974061093,30.0,0.28821909629491527,0.28821909629491527,30.0,0.0,0.25078347788120625,0.27763894450201965,0.28821909629491527,30.0,0.2949545635375441,0.29822272931052207,24.0,0.003268165772977949,0.2753406826365289,0.2916625824174087,0.29822272931052207,24.0,0.3368903692457251,0.3368903692457251,30.0,0.0,0.3109905495915157,0.3285069419019238,0.3368903692457251,30.0,0.33635382924084345,0.39071194131588405,1.0,0.0543581120750406,0.34263227543789276,0.33380750484125177,0.39071194131588405,1.0,0.37961607110900863,0.5913149310515553,1.0,0.21169885994254667,0.382244795562487,0.35815012095914556,0.5913149310515553,1.0,0.08690614012565076,0.19262637209815922,1.0,0.10572023197250846,0.09165244882417861,0.08403862118422491,0.19262637209815922,1.0,0.09006707122325136,0.23547637490317583,1.0,0.14540930367992447,0.06562509225036763,0.049602993032615124,0.23547637490317583,1.0,273.792,273.792,0.0024486682324391163,0.0007608838526232445,0.0037555672361986063,0.0020680649825669016,0.003103209766920349,0.0013609729671341861,0.6787278338083221,0.6750875849975273,,
diabetes_mlp_fedper_R30_C50_s43_scale50_summary.json,diabetes,mlp,fedper,43,30.0,50,weighted_ce,none,_scale50,,,,,1.0,inf,0.7095611652922247,0.7095611652922247,30.0,0.0,0.6860848548669981,0.7034649865315064,0.7095611652922247,30.0,0.286971495797591,0.286971495797591,30.0,0.0,0.24721945565224093,0.27484864635420847,0.286971495797591,30.0,0.30699193315166756,0.30699193315166756,30.0,0.0,0.2845245577071511,0.3000146661921398,0.30699193315166756,30.0,0.33908312026413473,0.33908312026413473,30.0,0.0,0.31630733115543314,0.33341432161591533,0.33908312026413473,30.0,0.33124598610848416,0.3840015837160712,2.0,0.052755597607587024,0.3487862524697448,0.34079475297936185,0.3840015837160712,2.0,0.37644743493975186,0.43451788946934844,4.0,0.05807045452959658,0.3881278701955658,0.3682293135213967,0.43451788946934844,4.0,0.08498749247750861,0.11630056826367138,1.0,0.03131307578616277,0.08825575190431335,0.08389336922202431,0.11630056826367138,1.0,0.161877110860935,0.20266044340723455,18.0,0.04078333254629954,0.1796057622531831,0.1685640715439925,0.20266044340723455,18.0,273.792,273.792,0.002506891894709036,0.0008531495920069683,0.0038886209862069444,0.00220245857507472,0.003235109618202603,0.0015065491090813865,0.6877643247571541,0.7035391515819356,,
diabetes_mlp_fedper_R30_C50_s44_scale50_summary.json,diabetes,mlp,fedper,44,30.0,50,weighted_ce,none,_scale50,,,,,1.0,inf,0.7022728684075528,0.7022728684075528,30.0,0.0,0.6762395463937203,0.6955105187755494,0.7022728684075528,30.0,0.2858182583028564,0.2858182583028564,30.0,0.0,0.2544907475738043,0.2777420721330034,0.2858182583028564,30.0,0.2962226165661101,0.2962226165661101,30.0,0.0,0.2781539779133604,0.2914774546731031,0.2962226165661101,30.0,0.33098987248784423,0.33098987248784423,30.0,0.0,0.31059964838797544,0.3274467413482546,0.33098987248784423,30.0,0.3353862057514187,0.383965316528542,1.0,0.04857911077712329,0.3440143238907453,0.3357550740491092,0.383965316528542,1.0,0.5796683370656239,0.5913445728565699,7.0,0.01167623579094601,0.5662182379441977,0.5754258606250862,0.5913445728565699,7.0,0.1437230021848416,0.14480826672421437,25.0,0.0010852645393727711,0.1375475989063517,0.14126641339267365,0.1443679707939587,7.0,0.010199745006374841,0.18972972972972973,1.0,0.1795299847233549,0.019858069508585298,0.004421958525427359,0.18972972972972973,1.0,273.792,273.792,0.002453840927800686,0.0007764287216729729,0.003664204037523444,0.0022655675575318115,0.003075212851579281,0.0014832805488568977,0.6744680664841629,0.7320027165696956,,
diabetes_mlp_fedper_R30_C71_s42_scale100_summary.json,diabetes,mlp,fedper,42,30.0,100,weighted_ce,none,_scale100,,,,,1.0,inf,0.7012033449703392,0.7019311208982214,29.0,0.0007277759278822016,0.6766337685374654,0.6953043438327752,0.7019311208982214,29.0,0.27916358270108965,0.28092445368192315,29.0,0.0017608709808334955,0.24701055444532155,0.27013992809450493,0.28092445368192315,29.0,0.295427205444522,0.298119266915633,29.0,0.002692061471111007,0.27503517586318316,0.2902732851262571,0.298119266915633,29.0,0.3272563471282293,0.3272934185653386,26.0,3.707143710929284e-05,0.3102871228935316,0.3246013756302015,0.3272934185653386,26.0,0.3373715278607721,0.390672434796156,1.0,0.05330090693538386,0.3437437434074183,0.3371882782172086,0.390672434796156,1.0,0.4839951320174714,0.591318984524468,1.0,0.10732385250699655,0.4714022303086427,0.5019701572531641,0.591318984524468,1.0,0.10838748315955057,0.1926269752863473,1.0,0.08423949212679674,0.11075869574960248,0.1119644493395719,0.1926269752863473,1.0,0.06181150550795594,0.23547637490317583,1.0,0.17366486939521988,0.09078235945506959,0.06137928529769867,0.23547637490317583,1.0,388.78464,388.78464,0.0017445330037624853,0.00055075861992775,0.002698798313439008,0.001608410303443596,0.0022193195379251883,0.0010312253211298352,0.483531608019257,0.5057655831915326,,
diabetes_mlp_fedper_R30_C71_s43_scale100_summary.json,diabetes,mlp,fedper,43,30.0,100,weighted_ce,none,_scale100,,,,,1.0,inf,0.7140351537556334,0.7140351537556334,30.0,0.0,0.6872154020148041,0.7066492921580761,0.7140351537556334,30.0,0.2814390368574475,0.2814390368574475,30.0,0.0,0.24530840290201497,0.2707071323464621,0.2814390368574475,30.0,0.3058180308683301,0.3069589204443836,26.0,0.0011408895760535165,0.2841069318063697,0.2991922832261302,0.3069589204443836,26.0,0.3411525313683941,0.3411525313683941,30.0,0.0,0.3159159561218849,0.33294984951452966,0.3411525313683941,30.0,0.3402348792820233,0.3838257987168609,1.0,0.043590919434837616,0.3498894463830995,0.34127582203635715,0.3838257987168609,1.0,0.42606465407260574,0.4384503354694341,25.0,0.012385681396828385,0.40430837444826545,0.422072674728401,0.4324167975114337,1.0,0.094188051227412,0.11630338487241587,1.0,0.02211533364500387,0.09048026230077474,0.09306131314413857,0.11630338487241587,1.0,0.20152598950882214,0.20152598950882214,30.0,0.0,0.19341689289690303,0.20011675839647464,0.20152598950882214,30.0,388.78464,388.78464,0.0017766373350807294,0.0005896867376970711,0.002754870235613688,0.0015975387963765091,0.0022804343473929642,0.0010645506123967605,0.4853229883747796,0.5041318920266349,,
diabetes_mlp_fedper_R30_C73_s44_scale100_summary.json,diabetes,mlp,fedper,44,30.0,100,weighted_ce,none,_scale100,,,,,1.0,inf,0.7082250206699255,0.7082250206699255,30.0,0.0,0.6797348024913217,0.7005418784136349,0.7082250206699255,30.0,0.2957643576557299,0.2957643576557299,30.0,0.0,0.25887307337228893,0.2852255699029152,0.2957643576557299,30.0,0.3018644229995823,0.3018644229995823,30.0,0.0,0.2789197311985117,0.2946184156800524,0.3018644229995823,30.0,0.3370125852630536,0.3370125852630536,30.0,0.0,0.313113881397416,0.3308321597864961,0.3370125852630536,30.0,0.33329810471651944,0.38418023702160603,1.0,0.05088213230508659,0.34464087039157715,0.3353694994306543,0.38418023702160603,1.0,0.5591971066586437,0.605100478691307,10.0,0.04590337203266326,0.576680528874724,0.5715887515549399,0.605100478691307,10.0,0.13287912094606494,0.14907344155222346,10.0,0.016194320606158524,0.13879487611096544,0.136198620952415,0.14907344155222346,10.0,0.08085239736759636,0.2107324716020368,8.0,0.12988007423444045,0.11088658669468314,0.06464446231736407,0.2107324716020368,8.0,399.73632,399.73632,0.0016901025805782885,0.0005169270911540486,0.0025288156939007964,0.0014299872472556111,0.0021136067411018536,0.000940365292263304,0.4628108836807466,0.46639972465345636,,
diabetes_mlp_fedper_R60_C20_s42_architecture_mlp_fedper_summary.json,diabetes,mlp,fedper,42,60.0,20,weighted_ce,none,_architecture_mlp_fedper,,,,,1.0,inf,0.7403353169547324,0.7403353169547324,60.0,0.0,0.7036846822347183,0.734469138412718,0.7403353169547324,60.0,0.3386889103789925,0.3386889103789925,60.0,0.0,0.28254817854252307,0.32951692467449883,0.3386889103789925,60.0,0.3203372035694305,0.32116785044331037,53.0,0.0008306468738798478,0.2962961921119252,0.31768463211135267,0.32116785044331037,53.0,0.37138555375692067,0.3723839508043788,55.0,0.0009983970474581327,0.33668216573691134,0.36858312690977174,0.3723839508043788,55.0,0.33068046497092674,0.3908186093824357,1.0,0.06013814441150894,0.3359766160595521,0.32857740682035363,0.3908186093824357,1.0,0.5091705495088672,0.6409528191314284,13.0,0.13178226962256123,0.5257966389874286,0.5016609626061979,0.6409528191314284,13.0,0.12083440928371952,0.2100520575175735,10.0,0.08921764823385397,0.1387274838844801,0.11815337168967373,0.2100520575175735,10.0,0.13763537906137185,0.26666666666666666,11.0,0.1290312876052948,0.1717311421463056,0.14020128545530777,0.26666666666666666,11.0,219.0336,219.0336,0.0035252764384111385,0.0006342865772730491,0.00646904002788182,0.002356959172326218,0.0049491924143466055,0.0014309503030893878,1.6487715936789755,1.507372359978035,,
diabetes_mlp_fedper_R60_C20_s42_summary.json,diabetes,mlp,fedper,42,60.0,20,weighted_ce,none,,,,,,1.0,inf,0.7505201567266148,0.7505201567266148,60.0,0.0,0.7080767828261426,0.744544623107984,0.7505201567266148,60.0,0.3481673310443587,0.3481673310443587,60.0,0.0,0.2863787932913953,0.3369155629057262,0.3481673310443587,60.0,0.32536793042329387,0.33086556099911607,59.0,0.005497630575822199,0.3001596109754305,0.32490101546754163,0.32887622608592776,38.0,0.378358585973461,0.378358585973461,60.0,0.0,0.3378161219832739,0.37194659619024406,0.378358585973461,60.0,0.3337132846163568,0.3867540601021934,1.0,0.05304077548583658,0.33582588631323707,0.3280115754126379,0.3867540601021934,1.0,0.5778464578595184,0.6620842385462032,4.0,0.08423778068668486,0.6151904269703311,0.6105343812560585,0.6620842385462032,4.0,0.14761668661923616,0.22303011182159846,4.0,0.0754134252023623,0.17895920796141285,0.16767867642106707,0.22303011182159846,4.0,0.17446808510638298,0.28205128205128205,8.0,0.10758319694489907,0.24076964682390384,0.20714703746738636,0.28205128205128205,8.0,219.0336,219.0336,0.0035269290076093544,0.0006294835316286169,0.006305194756233031,0.002375052178972207,0.004864829649912675,0.0014722640565369655,1.657654099505938,1.595523453084752,,
diabetes_mlp_fedper_R60_C20_s43_architecture_mlp_fedper_summary.json,diabetes,mlp,fedper,43,60.0,20,weighted_ce,none,_architecture_mlp_fedper,,,,,1.0,inf,0.7452961263643741,0.7452961263643741,60.0,0.0,0.709904015883623,0.7421033484804027,0.7452961263643741,60.0,0.32196707363286176,0.32367260257263364,57.0,0.0017055289397718831,0.27591011975000224,0.32069337616973975,0.32367260257263364,57.0,0.32738528883940327,0.328522469433571,59.0,0.0011371805941677304,0.29976680855843446,0.32358295290767114,0.328522469433571,59.0,0.36285813867547523,0.36799818955312813,56.0,0.005140050877652902,0.33732381152783597,0.3645840548875607,0.36799818955312813,56.0,0.3242641308393481,0.38550975668494114,1.0,0.061245625845593066,0.33801159400804554,0.3256186116339935,0.38550975668494114,1.0,0.5226445444596706,0.555019645162746,6.0,0.03237510070307548,0.5023957685624755,0.5142076923721772,0.555019645162746,6.0,0.12297941440559837,0.18485379639342825,6.0,0.06187438198782988,0.12544915302705723,0.12014534392375564,0.18485379639342825,6.0,0.20014380024838224,0.20464722255839282,41.0,0.00450342231001058,0.19637783196180175,0.19638280905717037,0.1991268493815183,6.0,219.0336,219.0336,0.003641175952646647,0.0006988821817273438,0.006506445760734061,0.002352747867193052,0.005076034816420789,0.0015059882956132504,1.6646166392757247,1.5817407591966912,,
diabetes_mlp_fedper_R60_C20_s43_summary.json,diabetes,mlp,fedper,43,60.0,20,weighted_ce,none,,,,,,1.0,inf,0.7452089753043926,0.7464607656344232,59.0,0.0012517903300306443,0.7116326539464287,0.7410604859968015,0.7464607656344232,59.0,0.33427063416993297,0.33427063416993297,60.0,0.0,0.2796605059916447,0.32649927679128476,0.33427063416993297,60.0,0.32015728371354346,0.33120824302256163,59.0,0.011050959309018171,0.3033249195181312,0.3253965130657053,0.33120824302256163,59.0,0.3728008422930883,0.3728008422930883,60.0,0.0,0.3396047623332743,0.3680070937517236,0.3728008422930883,60.0,0.31896811638472017,0.390220414802343,2.0,0.07125229841762282,0.3337994627147153,0.3172175679431698,0.390220414802343,2.0,0.5170293173765883,0.5832251403267145,25.0,0.06619582295012616,0.5158846735168937,0.5268961907845962,0.5832251403267145,25.0,0.14304941374741093,0.1920379905711276,25.0,0.048988576823716684,0.14875009254280994,0.14575812454025933,0.1920379905711276,25.0,0.20345738517866246,0.20546175846480302,30.0,0.0020043732861405594,0.20392965265910148,0.20407506576149065,0.20546175846480302,30.0,219.0336,219.0336,0.0036671521741495233,0.0007000529004886296,0.006195291569259718,0.002160769229762002,0.00497327238671827,0.001439042973816196,1.6240896603247772,1.5561564289964736,,
diabetes_mlp_fedper_R60_C20_s44_architecture_mlp_fedper_summary.json,diabetes,mlp,fedper,44,60.0,20,weighted_ce,none,_architecture_mlp_fedper,,,,,1.0,inf,0.7428864398039747,0.7430046831159076,58.0,0.00011824331193288629,0.703202995772454,0.7385104716802262,0.7430046831159076,58.0,0.3381153087546372,0.3381153087546372,60.0,0.0,0.2862684126168352,0.3321106107836934,0.3381153087546372,60.0,0.31927961060671606,0.3251901269956998,55.0,0.005910516388983766,0.2935281883475492,0.31698540678290615,0.3251901269956998,55.0,0.37202329082132635,0.37202329082132635,60.0,0.0,0.3320651494807357,0.3644404468807808,0.37202329082132635,60.0,0.3220895453173524,0.3861615471825646,1.0,0.06407200186521222,0.3364329496624608,0.3269024549560261,0.3861615471825646,1.0,0.5963082073063009,0.613104581759653,16.0,0.016796374453352136,0.5818367628977031,0.6023118311361836,0.613104581759653,16.0,0.14909026903675981,0.15959532042274643,52.0,0.010505051385986619,0.1432855694274817,0.15403213412674402,0.15608095321782509,16.0,0.2198581560283688,0.2198581560283688,60.0,0.0,0.1633053380095446,0.2040444755985534,0.18967391304347825,1.0,219.0336,219.0336,0.0035121432486183374,0.000630861359285202,0.006370691145607083,0.0025614431273469043,0.004901635404196577,0.0015397603485072609,1.6771354495179063,1.651973947416991,,
diabetes_mlp_fedper_R60_C20_s44_summary.json,diabetes,mlp,fedper,44,60.0,20,weighted_ce,none,,,,,,1.0,inf,0.7451452602204846,0.7451452602204846,60.0,0.0,0.7056414737894556,0.7417537866919341,0.7451452602204846,60.0,0.3489578331534321,0.3489578331534321,60.0,0.0,0.2902066224299513,0.3419486691801581,0.3489578331534321,60.0,0.3248286053313574,0.3355290073451824,50.0,0.010700402013824994,0.300454542066909,0.3250652077386527,0.3355290073451824,50.0,0.38289243411876145,0.38289243411876145,60.0,0.0,0.33529644107480383,0.3746298284572707,0.38289243411876145,60.0,0.3244965097373276,0.38894924053727065,1.0,0.06445273079994307,0.33268013477621505,0.324383159424061,0.38894924053727065,1.0,0.5930343314347352,0.6414205246484033,1.0,0.048386193213668105,0.6091571395830507,0.5956709524215648,0.6414205246484033,1.0,0.14623323144809505,0.17481339535973378,1.0,0.02858016391163873,0.15262362826477688,0.14801937263466275,0.17481339535973378,1.0,0.2420969958766935,0.264699979931768,28.0,0.02260298405507452,0.23745541542816884,0.23498043944039299,0.2641318636869249,1.0,219.0336,219.0336,0.003571170589375279,0.0006221253632268158,0.006162821610693047,0.0021475906163245947,0.004877780949541041,0.0013789492896822473,1.6377609241132935,1.5175961493514478,,
diabetes_mlp_fedper_R60_C20_s45_summary.json,diabetes,mlp,fedper,45,60.0,20,weighted_ce,none,,,,,,1.0,inf,0.7376584690738248,0.7376584690738248,60.0,0.0,0.7005577763895176,0.7323539848589105,0.7376584690738248,60.0,0.32480396597150846,0.32480396597150846,60.0,0.0,0.2727100756594773,0.31704289149502846,0.32480396597150846,60.0,0.3195216683651108,0.3195216683651108,60.0,0.0,0.2939996797994467,0.30993456589573487,0.3195216683651108,60.0,0.3605032800016855,0.36251946142640706,59.0,0.0020161814247215415,0.3285356815179839,0.3572692332085456,0.36251946142640706,59.0,0.32986140248853285,0.3815124306534729,2.0,0.05165102816494005,0.3390500513008604,0.3330939983680341,0.3815124306534729,2.0,0.4674523568849229,0.4987969970065542,52.0,0.031344640121631295,0.4530123896386573,0.47401004151910814,0.4597186945016184,2.0,0.10086901902683731,0.10766682372620165,2.0,0.006797804699364335,0.09839658219711214,0.10197682127921584,0.10766682372620165,2.0,0.1580275674626286,0.17160287316737183,46.0,0.013575305704743218,0.14656919061005616,0.16021971648733677,0.1613402531184558,21.0,219.0336,219.0336,0.0034519899484568,0.00064274305259176,0.006499042985036451,0.002511453991349098,0.004907444800122799,0.0015034004168066064,1.6779898294635738,1.6297515721525997,,
diabetes_mlp_fedper_R60_C20_s46_summary.json,diabetes,mlp,fedper,46,60.0,20,weighted_ce,none,,,,,,1.0,inf,0.7486436037232019,0.7486436037232019,60.0,0.0,0.7064737931223488,0.7421604830709854,0.7486436037232019,60.0,0.3259655015600656,0.3259655015600656,60.0,0.0,0.2767024490601901,0.3208214274502156,0.3259655015600656,60.0,0.33287730031874974,0.33287730031874974,60.0,0.0,0.30461676319863784,0.3289010230506084,0.31736791746790044,34.0,0.3738771392207735,0.3738771392207735,60.0,0.0,0.33564398332672657,0.3697470387799632,0.3738771392207735,60.0,0.31483158124275623,0.38696920797833717,1.0,0.07213762673558094,0.3307041633833048,0.314699564639922,0.38696920797833717,1.0,0.39355327887306324,0.4213547444381959,40.0,0.027801465565132688,0.39783282032847883,0.39802427204520774,0.40622722117640675,3.0,0.08783894818229766,0.09236634892931522,40.0,0.00452740074701756,0.08809210171534053,0.0882750957401093,0.08950240684606373,3.0,0.20429378531073447,0.20455572629485674,53.0,0.00026194098412227196,0.20449328176628248,0.20445001819344197,0.2045002711006687,1.0,219.0336,219.0336,0.00351089704237935,0.0006116702175083799,0.0063020821929437275,0.0023130051720503812,0.0048611251595597925,0.0014102213399849995,1.6277014025962369,1.5254154014401138,,
diabetes_mlp_fedper_R60_C20_s47_summary.json,diabetes,mlp,fedper,47,60.0,20,weighted_ce,none,,,,,,1.0,inf,0.7445249005369955,0.7445249005369955,60.0,0.0,0.7076762813447303,0.7402769088364358,0.7445249005369955,60.0,0.3409867444097354,0.34283603496976156,58.0,0.00184929056002614,0.29152853742142637,0.3367680046834189,0.34283603496976156,58.0,0.3292640859697558,0.3314251389432965,59.0,0.002161052973540689,0.30084817569889366,0.3226439780553546,0.3314251389432965,59.0,0.37351168896036974,0.37375435141491686,58.0,0.00024266245454712676,0.3386828804853766,0.36787343087093716,0.37375435141491686,58.0,0.3186614701976571,0.38147714516487485,1.0,0.06281567496721774,0.3374591297990796,0.32778441305626577,0.38147714516487485,1.0,0.3726652058770187,0.5329174880073674,1.0,0.1602522821303487,0.396538837783896,0.3688621936672555,0.5329174880073674,1.0,0.0856580760100246,0.127816759286905,12.0,0.042158683276880396,0.09417209589586734,0.08624768063147012,0.12519239267932372,1.0,0.000882223202470225,0.06155015197568389,12.0,0.06066792877321367,0.012417429851237276,0.009026988305545963,0.06155015197568389,12.0,219.0336,219.0336,0.003613900927354571,0.0006698444285122175,0.0063791749382619166,0.002445704101235262,0.00500448087395888,0.0015278784532467577,1.6577955084707354,1.6039966479875147,,
diabetes_mlp_fedper_R60_C20_s48_summary.json,diabetes,mlp,fedper,48,60.0,20,weighted_ce,none,,,,,,1.0,inf,0.7460593059849,0.7460593059849,60.0,0.0,0.708922563245845,0.7419104130936227,0.7460593059849,60.0,0.3427313296005392,0.3427313296005392,60.0,0.0,0.285621660884807,0.3355579800993903,0.3427313296005392,60.0,0.3318813353189823,0.3318813353189823,60.0,0.0,0.3026224090186222,0.323966777461922,0.3318813353189823,60.0,0.3768790558545785,0.3786449138881272,59.0,0.0017658580335487284,0.34260321746044864,0.3733933738993427,0.3786449138881272,59.0,0.3095559680804128,0.39948408843122346,1.0,0.08992812035081066,0.3336104292122618,0.3192676990433713,0.39948408843122346,1.0,0.6398041050662187,0.6644678939595423,12.0,0.024663788893323657,0.6550921075795225,0.6447975105803173,0.6644678939595423,12.0,0.21837800712228173,0.2283510987990781,12.0,0.009973091676796386,0.22377382156381861,0.2212102339819379,0.2283510987990781,12.0,0.25119068618804025,0.2811492231017297,3.0,0.029958536913689437,0.2647572788277791,0.25278484555417174,0.2811492231017297,3.0,219.0336,219.0336,0.003535432264093597,0.0007039348493595188,0.0064713579530969725,0.002306625181866291,0.0049999328140403415,0.0014797717346290175,1.641958946544522,1.5263934673275799,,
diabetes_mlp_fedper_R60_C20_s49_summary.json,diabetes,mlp,fedper,49,60.0,20,weighted_ce,none,,,,,,1.0,inf,0.7526537789664622,0.7526537789664622,60.0,0.0,0.7115513042210436,0.7476502428914158,0.7526537789664622,60.0,0.3604230728782763,0.3604230728782763,60.0,0.0,0.2951449930264664,0.35127144638024366,0.3604230728782763,60.0,0.3278836199140984,0.3278836199140984,60.0,0.0,0.3035402467212535,0.3239442403145779,0.3278836199140984,60.0,0.38781532265189556,0.38784104608520487,59.0,2.5723433309310373e-05,0.34525953717834124,0.3814173794754756,0.38784104608520487,59.0,0.3232331920589728,0.38152610645455953,1.0,0.05829291439558676,0.3367740559548238,0.32936713181591043,0.38152610645455953,1.0,0.38953978851362736,0.429616462651903,40.0,0.04007667413827565,0.3804875901650917,0.38632580490050067,0.4102818109902978,10.0,0.09386512554218253,0.1056908514201662,38.0,0.011825725877983667,0.09264588105013012,0.09376783825258568,0.09888981950948011,10.0,0.12120559741657697,0.14533666509083543,1.0,0.02413106767425846,0.08979201441481775,0.11647395074427476,0.14533666509083543,1.0,219.0336,219.0336,0.003528028470109873,0.0006327633046344755,0.006345318872215925,0.0024974597604344876,0.004874715383176955,0.0015090227564320076,1.6158654766855762,1.587798822671175,,
diabetes_mlp_fedper_R60_C20_s50_summary.json,diabetes,mlp,fedper,50,60.0,20,weighted_ce,none,,,,,,1.0,inf,0.7391985599571333,0.7407413847825663,59.0,0.001542824825432998,0.7006662982074577,0.734902263976638,0.7407413847825663,59.0,0.33984501804746653,0.34146144287212443,59.0,0.0016164248246579027,0.28941218423172926,0.33443058475015175,0.34146144287212443,59.0,0.3327529806155679,0.33413926073979483,58.0,0.001386280124226924,0.30323621866499556,0.3301385878609606,0.33413926073979483,58.0,0.3712214361353697,0.37138701963837617,59.0,0.0001655835030064945,0.337849037332645,0.36504978508414404,0.37138701963837617,59.0,0.3123698004949149,0.3846371367225759,1.0,0.07226733622766096,0.33194969359066984,0.32105005637484807,0.3846371367225759,1.0,0.5559733909456911,0.657505031451687,4.0,0.10153164050599595,0.5763548593075108,0.5437645815217154,0.657505031451687,4.0,0.1308151168106342,0.21189395597857258,3.0,0.08107883916793837,0.14321341378618835,0.12649601699846674,0.21189395597857258,3.0,0.20414336786139883,0.2321532211259431,8.0,0.028009853264544277,0.21013813485252028,0.20397656418046878,0.2321532211259431,8.0,219.0336,219.0336,0.003558973539977785,0.0006401083211373784,0.0063029757007194345,0.0022746884095897623,0.004931889812576763,0.0014448521734326475,1.6217800685398591,1.5347412804840133,,
diabetes_mlp_fedper_R60_C20_s51_summary.json,diabetes,mlp,fedper,51,60.0,20,weighted_ce,none,,,,,,1.0,inf,0.7468387567557963,0.7468387567557963,60.0,0.0,0.7096060269977552,0.7413670004544849,0.7468387567557963,60.0,0.35287396191327164,0.35291365309366823,59.0,3.9691180396594916e-05,0.2945964077236735,0.3446586894410406,0.35291365309366823,59.0,0.32668145003647553,0.3330246977500972,59.0,0.006343247713621658,0.30719783185544275,0.3273687385776093,0.3330246977500972,59.0,0.3792001007670438,0.3821667387428838,59.0,0.002966637975840014,0.3398439116956916,0.37430550284243547,0.3821667387428838,59.0,0.33187772744431965,0.3869162172356701,1.0,0.05503848979135045,0.33227590486386394,0.32150420000466645,0.3869162172356701,1.0,0.44311752677011396,0.5095931899446363,7.0,0.06647566317452236,0.44532515980848336,0.460969277486399,0.5095931899446363,7.0,0.104062993936992,0.11833299989126315,7.0,0.01427000595427115,0.10400516439787731,0.10735992637660789,0.11833299989126315,7.0,0.09563717032289869,0.14835028528901018,4.0,0.05271311496611149,0.07841628195569092,0.09781371302712238,0.14835028528901018,4.0,219.0336,219.0336,0.00343419399820555,0.0007068226731053594,0.006116893652457929,0.0022812673589036525,0.004766077290910174,0.0014777926638374237,1.603656746109482,1.570283779874444,,
diabetes_mlp_fedprox_R60_C20_s42_summary.json,diabetes,mlp,fedprox,42,60.0,20,weighted_ce,none,,,,,,1.0,inf,0.7094981910696246,0.7094981910696246,60.0,0.0,0.6807244150184707,0.7050852538006949,0.7094981910696246,60.0,0.27762121837957116,0.27762121837957116,60.0,0.0,0.2441531966673396,0.2724173370846117,0.27762121837957116,60.0,0.3052786248019068,0.312416573254926,59.0,0.007137948453019183,0.2880710280747017,0.30292634086094755,0.30435287322371846,38.0,0.3479011138854495,0.3479011138854495,60.0,0.0,0.3139863419202192,0.3378008876341735,0.3479011138854495,60.0,0.31980599520572295,0.36450040224500646,1.0,0.04469440703928351,0.3298167175761686,0.32275837242668015,0.36450040224500646,1.0,0.6593006948531034,0.6675602169127555,18.0,0.00825952205965208,0.6637346868034164,0.6596525952843477,0.6675602169127555,18.0,0.21563158291762802,0.22536682671321698,18.0,0.00973524379558896,0.22005839143044076,0.21521151077447356,0.22536682671321698,18.0,0.2741210374639769,0.28226335827753707,14.0,0.008142320813560144,0.2764217510687539,0.27431568432267606,0.28226335827753707,14.0,219.6576,219.6576,0.0035117751926255817,0.0026524888064815774,0.0036397967498056185,0.003984805305706409,0.0035493730060706555,0.0032707347477272195,0.5152852922562261,0.6527286126447507,0.002220051926121713,0.0009565699498122727
diabetes_mlp_fedprox_R60_C20_s43_summary.json,diabetes,mlp,fedprox,43,60.0,20,weighted_ce,none,,,,,,1.0,inf,0.721267987797504,0.7212818381346295,59.0,1.3850337125531631e-05,0.6946448306113581,0.7166951498662691,0.7212818381346295,59.0,0.2711439568212496,0.2711439568212496,60.0,0.0,0.24065181449321651,0.26546548844618223,0.2711439568212496,60.0,0.3075928187248505,0.3155353891955742,58.0,0.00794257047072372,0.2911446544081813,0.30627951420942173,0.30885747330514657,46.0,0.34235741725203195,0.34336828176889017,57.0,0.001010864516858223,0.3169714130084963,0.3380700342062736,0.34336828176889017,57.0,0.3235822497485079,0.36467426411565984,2.0,0.04109201436715193,0.33500648930760296,0.328156709675148,0.36467426411565984,2.0,0.6666278804944825,0.673735287587503,36.0,0.00710740709302049,0.6699596365290578,0.6694853906561502,0.673735287587503,36.0,0.22134433269023018,0.22627306361789754,31.0,0.004928730927667352,0.2225621262934199,0.22295647219256143,0.22627306361789754,31.0,0.2802065404475043,0.28603407536376074,30.0,0.005827534916256427,0.27823111701102926,0.280389739254874,0.28603407536376074,30.0,219.6576,219.6576,0.0034847831774326705,0.0027145745649106074,0.003500190984332105,0.0038758611391254724,0.0034666584921769577,0.0032616822385657354,0.5049034015807441,0.655510050394696,0.002321051027424555,0.0011372134097609155
diabetes_mlp_fedprox_R60_C20_s44_summary.json,diabetes,mlp,fedprox,44,60.0,20,weighted_ce,none,,,,,,1.0,inf,0.711049969332647,0.711049969332647,60.0,0.0,0.6791948277029415,0.7060964565258403,0.711049969332647,60.0,0.27712424942282415,0.27712424942282415,60.0,0.0,0.2452640056326317,0.27157965285879193,0.27712424942282415,60.0,0.30209547889194954,0.30350811691057106,59.0,0.0014126380186215148,0.28150051896230377,0.2962138275953964,0.30350811691057106,59.0,0.3359272729987575,0.3359272729987575,60.0,0.0,0.30630107670650025,0.3296610692103325,0.3359272729987575,60.0,0.3161716378894587,0.36400658458818386,1.0,0.04783494669872518,0.3337026234235106,0.32693454875786954,0.36400658458818386,1.0,0.6520668645832335,0.6650577934881297,20.0,0.01299092890489617,0.6595826843802678,0.6549923262612488,0.6650577934881297,20.0,0.21733672001752588,0.22514281016988547,27.0,0.007806090152359585,0.22062003862577623,0.22029847988074364,0.22514281016988547,27.0,0.271585557299843,0.2811318593195097,28.0,0.009546302019666664,0.27454820287097303,0.2719109832029572,0.28066825775656323,7.0,219.6576,219.6576,0.00349602319894072,0.002527968476079747,0.0036541522271092658,0.003820549075601167,0.0035491952146987204,0.0031287755670815986,0.523880237050552,0.6483825136947416,0.0023168009386880127,0.0011322414243114883
diabetes_mlp_fedprox_R60_C20_s45_summary.json,diabetes,mlp,fedprox,45,60.0,20,weighted_ce,none,,,,,,1.0,inf,0.7058565853748893,0.7058565853748893,60.0,0.0,0.6796026750155924,0.7011429089408805,0.7058565853748893,60.0,0.2743570124143413,0.2743570124143413,60.0,0.0,0.24158053941386104,0.2678398859784526,0.2743570124143413,60.0,0.31081504251583564,0.31081504251583564,60.0,0.0,0.2893404665085097,0.30365299788748146,0.31081504251583564,60.0,0.3362377397140941,0.33720867580974495,59.0,0.0009709360956508539,0.31109689854485173,0.33380020831216645,0.33720867580974495,59.0,0.3158957037711346,0.3544101945873024,2.0,0.03851449081616781,0.33088707140932694,0.3223754642841442,0.3544101945873024,2.0,0.6536176881811623,0.6621655087956848,14.0,0.008547820614522528,0.6584742364859179,0.6557736852453937,0.6621655087956848,14.0,0.2096233570888296,0.21442096171017525,32.0,0.0047976046213456525,0.21050703736205326,0.2100395308429266,0.21442096171017525,32.0,0.27326440177252587,0.2784254877063373,40.0,0.005161085933811427,0.2736085547356541,0.27241827654957396,0.27761086407883667,18.0,219.6576,219.6576,0.0033392664358277125,0.002510774851482308,0.00335348204517815,0.003500436347072599,0.0033220206345902304,0.0029681899255800015,0.4783946438045708,0.5882367215908744,0.002237356546140238,0.001081034873671658
diabetes_mlp_fedprox_R60_C20_s46_summary.json,diabetes,mlp,fedprox,46,60.0,20,weighted_ce,none,,,,,,1.0,inf,0.7135947538674755,0.7154309667676264,59.0,0.001836212900150902,0.6861060616381767,0.7106465527433701,0.7154309667676264,59.0,0.27853752506465784,0.27853752506465784,60.0,0.0,0.24540793001196917,0.27318033439712636,0.27853752506465784,60.0,0.31264081692882456,0.3240062657909422,58.0,0.011365448862117655,0.2943067917690467,0.3141730234071034,0.3240062657909422,58.0,0.3453309425236308,0.3463164510702177,58.0,0.0009855085465869107,0.31734452920864353,0.34208987438812516,0.3463164510702177,58.0,0.3182069112357009,0.3609296747067327,3.0,0.04272276347103182,0.3332857386564841,0.31963460902951957,0.3609296747067327,3.0,0.6578321329113438,0.6639402648104991,16.0,0.006108131899155267,0.6608612986570898,0.6590072974559902,0.6639402648104991,16.0,0.22331328537280923,0.22665998047859723,47.0,0.003346695105788,0.22310221552538229,0.22455927012942922,0.22665998047859723,47.0,0.2749101032362835,0.2814924270410048,56.0,0.006582323804721291,0.2746276151292405,0.27793792734958345,0.279723669858199,5.0,219.6576,219.6576,0.0034313497588174258,0.002493479599132475,0.003362159789785259,0.003939492644958065,0.0033651096500669038,0.003171420986214468,0.4924918457684195,0.6378045794954232,0.0022243795859253805,0.0011289201892815657
diabetes_mlp_fedprox_R60_C20_s47_summary.json,diabetes,mlp,fedprox,47,60.0,20,weighted_ce,none,,,,,,1.0,inf,0.7155626663909169,0.7155626663909169,60.0,0.0,0.6857634000559406,0.7099321448423782,0.7155626663909169,60.0,0.2876837539592381,0.2876837539592381,60.0,0.0,0.25894205830876715,0.2825998768530909,0.2876837539592381,60.0,0.32004650140482127,0.32491350505557504,59.0,0.004867003650753765,0.2944225928189619,0.3126084911445512,0.32491350505557504,59.0,0.34692681953379456,0.34881883668633057,54.0,0.0018920171525360074,0.3236940912620537,0.3454795208290087,0.34881883668633057,54.0,0.31386448893333113,0.36450714202295736,9.0,0.05064265308962623,0.3340762567069736,0.32558578313405706,0.36450714202295736,9.0,0.6597847146573429,0.6717986185463126,18.0,0.012013903888969724,0.6672375976989459,0.6612309724585215,0.6717986185463126,18.0,0.22423749825335032,0.2260348838726902,34.0,0.0017973856193398696,0.22279067591192156,0.22251231887352235,0.22540087187776153,20.0,0.2798862652985536,0.2855784092260136,23.0,0.0056921439274599805,0.27953732171146245,0.27644321588258797,0.28499812006517106,11.0,219.6576,219.6576,0.003487538090480902,0.002608563630120942,0.003624419462992798,0.003915127815167004,0.0035274045182523256,0.0032138766781192062,0.5180788643599802,0.6542693494320702,0.0023558475174004223,0.001137255431042118
diabetes_mlp_fedprox_R60_C20_s48_summary.json,diabetes,mlp,fedprox,48,60.0,20,weighted_ce,none,,,,,,1.0,inf,0.7200626044479022,0.7200626044479022,60.0,0.0,0.6920537945069484,0.7161362240454283,0.7200626044479022,60.0,0.28722949111844015,0.28722949111844015,60.0,0.0,0.2521850932467115,0.28117096098365296,0.28722949111844015,60.0,0.32102875925082963,0.32102875925082963,60.0,0.0,0.295650567742655,0.3112005513939267,0.32102875925082963,60.0,0.35140812163843416,0.35414236963231915,56.0,0.0027342479938849973,0.32623030492059635,0.3491557294547181,0.35414236963231915,56.0,0.3109621026290689,0.36135443105747755,1.0,0.05039232842840863,0.3325045474523966,0.32436351719422934,0.36135443105747755,1.0,0.6581601128326225,0.666145504668421,31.0,0.007985391835798494,0.6625559607243657,0.6602496643147154,0.666145504668421,31.0,0.22223364981958776,0.22872413965038896,36.0,0.006490489830801194,0.22412771929275666,0.22362152866531648,0.22872413965038896,36.0,0.27907530981887513,0.2866573568617494,27.0,0.007582047042874296,0.27735468160443977,0.27606226931091793,0.2866573568617494,27.0,219.6576,219.6576,0.0035566891556334935,0.002472695441907381,0.0036697113187410795,0.004036375916900464,0.0035864152461627034,0.0032078271927026055,0.5274376233623191,0.6535853924833646,0.0024701539007502588,0.001596031693521974
diabetes_mlp_fedprox_R60_C20_s49_summary.json,diabetes,mlp,fedprox,49,60.0,20,weighted_ce,none,,,,,,1.0,inf,0.7181139586073265,0.7182099756958439,59.0,9.60170885173639e-05,0.6890712804081416,0.7133885635640926,0.7182099756958439,59.0,0.29182011794241247,0.2936766277553019,59.0,0.0018565098128894286,0.25560728601590704,0.2856465393421635,0.2936766277553019,59.0,0.32221347025552555,0.32221347025552555,60.0,0.0,0.29390333454971934,0.31420996295695425,0.32221347025552555,60.0,0.35872948145581574,0.3596933817719735,59.0,0.0009639003161577842,0.32487176137715557,0.35037360145704877,0.3596933817719735,59.0,0.3196549446576192,0.36497860261185644,3.0,0.04532365795423726,0.33253213795843056,0.32326822700370517,0.36497860261185644,3.0,0.6578281170867863,0.674149607736767,21.0,0.016321490649980674,0.6688106790044845,0.6622395794247019,0.674149607736767,21.0,0.2201629014527779,0.22907530875563575,30.0,0.008912407302857861,0.2241821352410147,0.2213524433239995,0.22907530875563575,30.0,0.28046540110226575,0.28623048135243256,8.0,0.00576508025016681,0.27993248512487157,0.2787379408580446,0.28623048135243256,8.0,219.6576,219.6576,0.0035088314365305942,0.0026678382549069285,0.0034258346435474115,0.004014313423338711,0.003435804761364389,0.003300245798509996,0.49765432231812007,0.6590418224341192,0.0026756950879121603,0.0012416015597211435
diabetes_mlp_fedprox_R60_C20_s50_summary.json,diabetes,mlp,fedprox,50,60.0,20,weighted_ce,none,,,,,,1.0,inf,0.7147242903035886,0.7147242903035886,60.0,0.0,0.6827640984830735,0.7100099205367052,0.7147242903035886,60.0,0.2976165981960259,0.29817085332488763,59.0,0.0005542551288617026,0.2563524528933249,0.2925433911954872,0.29817085332488763,59.0,0.31863999839124024,0.31911616083688393,58.0,0.0004761624456436908,0.2935970646616219,0.31243341270037367,0.31516969182499055,45.0,0.355348168721801,0.355348168721801,60.0,0.0,0.3231677963656665,0.3498501956481206,0.355348168721801,60.0,0.3111276580611105,0.3837619850144344,1.0,0.07263432695332395,0.32932162764948536,0.3203803467761194,0.3837619850144344,1.0,0.6478010423976199,0.6612412542243338,23.0,0.013440211826713844,0.6555372707254904,0.6500950984903562,0.6612412542243338,23.0,0.20236650890427316,0.2151043370663709,11.0,0.01273782816209773,0.2093511382905126,0.2028734416120256,0.2151043370663709,11.0,0.27409675443968157,0.27691914676203855,21.0,0.0028223923223569813,0.27158304745681233,0.2726295097367287,0.27691914676203855,21.0,219.6576,219.6576,0.0035318987494888906,0.0026862503107850768,0.0035463819207886614,0.0039104150550977905,0.0035107429503424986,0.0032520791653862,0.5130564817018315,0.6682661445011036,0.0023613734017126826,0.0013013530683935372
diabetes_mlp_fedprox_R60_C20_s51_summary.json,diabetes,mlp,fedprox,51,60.0,20,weighted_ce,none,,,,,,1.0,inf,0.7183417045027014,0.7183417045027014,60.0,0.0,0.6882196349138117,0.7126972660036973,0.7183417045027014,60.0,0.2870323330406475,0.2870323330406475,60.0,0.0,0.24958491906932725,0.2813643900398019,0.2870323330406475,60.0,0.31495607367788786,0.3177155199234147,52.0,0.00275944624552682,0.29368162120332203,0.31067218759534493,0.3177155199234147,52.0,0.35376493197696585,0.35376493197696585,60.0,0.0,0.31934885045877187,0.347672268285026,0.35376493197696585,60.0,0.32514519322581953,0.35878038131477163,4.0,0.033635188088952106,0.3332753867124049,0.32146372345109936,0.35878038131477163,4.0,0.6553310020802472,0.6666573089588177,26.0,0.011326306878570502,0.6618650791041303,0.657321327557306,0.6666573089588177,26.0,0.21709715554825937,0.22253106417921084,29.0,0.005433908630951473,0.21838667858762442,0.21612386780495568,0.22253106417921084,29.0,0.27624309392265195,0.28161543098251957,42.0,0.005372337059867616,0.27449816227199325,0.27323602563031535,0.2775131934611919,11.0,219.6576,219.6576,0.0034776122843960767,0.002580885983381326,0.0036597450467349027,0.0037555852914785987,0.0035508669264594063,0.0031312588853800176,0.5193176468386507,0.6335358057967824,0.0024501836353415813,0.0013927481830658453
diabetes_mlp_nested_R30_C10_s42_scale10_summary.json,diabetes,mlp,nested,42,30.0,10,weighted_ce,none,_scale10,,,,,1.0,inf,0.67865013064395,0.72672299137922,29.0,0.04807286073527006,0.6885753668590276,0.7015209778217586,0.72672299137922,29.0,0.24090112549838047,0.2987991778629047,29.0,0.05789805236452425,0.25417796123271374,0.26969815951104426,0.2987991778629047,29.0,0.28152292128587314,0.31307559689503306,24.0,0.03155267560915992,0.28854346155524563,0.2957365018981738,0.31307559689503306,24.0,0.3009051638271692,0.34306935553139456,19.0,0.04216419170422536,0.3130121215979131,0.32106000689597924,0.34306935553139456,19.0,0.3415896934683025,0.39215367785868555,1.0,0.050563984390383065,0.34202036236114897,0.3367073968582838,0.39215367785868555,1.0,0.5994677702219481,0.6396660359981525,17.0,0.040198265776204445,0.49916973998556674,0.5059720443895191,0.5806677377540066,1.0,0.15839768078984617,0.18806898282041926,2.0,0.029671302030573082,0.12456645880491161,0.12098935962072048,0.18806898282041926,2.0,0.0111731843575419,0.2264315262355759,2.0,0.215258341878034,0.05212508864471976,0.008919997348052006,0.2264315262355759,2.0,32.59136,32.59136,0.025739129140838583,0.01495340643046122,0.01748448077327995,0.009262934186002877,0.01829314865346193,0.010805426130375514,2.016146742509833,2.814045413164422,,
diabetes_mlp_nested_R30_C10_s43_scale10_summary.json,diabetes,mlp,nested,43,30.0,10,weighted_ce,none,_scale10,,,,,1.0,inf,0.694385883860098,0.738257895869282,29.0,0.043872012009184,0.7042361524005317,0.715356961892016,0.738257895869282,29.0,0.24354057660697487,0.3117345450038454,29.0,0.06819396839687053,0.25730467145804525,0.27353923405292446,0.3117345450038454,29.0,0.2913541357552123,0.33063907364941053,29.0,0.039284937894198235,0.29565708452614026,0.3071541742179754,0.33063907364941053,29.0,0.31122389029224196,0.3685615106508509,29.0,0.057337620358608954,0.3246933245440752,0.33553758892794844,0.3685615106508509,29.0,0.33609061546965496,0.3878447889482748,2.0,0.051754173478619825,0.3466872711040861,0.3376121756099411,0.3878447889482748,2.0,0.4087093270386622,0.4661318282759127,27.0,0.05742250123725051,0.4032565254179022,0.42656773021931577,0.4308235944149719,1.0,0.09126222112965646,0.11564361837427678,1.0,0.024381397244620323,0.0921080821489562,0.09749397185934802,0.11564361837427678,1.0,0.1882225237449118,0.20438154851000137,3.0,0.01615902476508957,0.17109412216055145,0.17156644339726496,0.20438154851000137,3.0,32.59136,32.59136,0.02607265615362085,0.015818987076693918,0.01739705918261591,0.009638034099782745,0.018247007173171244,0.011312571803852704,1.9614474026602693,2.851586601231247,,
diabetes_mlp_nested_R30_C10_s44_scale10_summary.json,diabetes,mlp,nested,44,30.0,10,weighted_ce,none,_scale10,,,,,1.0,inf,0.6827673137553215,0.7324382561908994,29.0,0.0496709424355779,0.6940169069438995,0.7071388928945124,0.7324382561908994,29.0,0.25171742368809535,0.31555991466493305,29.0,0.0638424909768377,0.2641458382468926,0.2806149792672407,0.31555991466493305,29.0,0.2788842012093003,0.3130510934726897,24.0,0.034166892263389426,0.2884086703996708,0.2974367651554344,0.3130510934726897,24.0,0.30443129738169417,0.34903123690518756,29.0,0.04459993952349339,0.31366275586396497,0.325469107655309,0.34903123690518756,29.0,0.341522171970778,0.38838868449513014,1.0,0.046866512524352144,0.345054910878113,0.33698757124895706,0.38838868449513014,1.0,0.591150395189765,0.5939421462243042,18.0,0.002791751034539214,0.5784493272464811,0.5826439978055526,0.5939421462243042,18.0,0.14353818810316737,0.1445741599839705,18.0,0.0010359718808031215,0.13876652456082264,0.13918944475103998,0.1445741599839705,18.0,0.19007323026851097,0.20354231093618216,2.0,0.01346908066767119,0.11308794987866576,0.11658865493795681,0.20354231093618216,2.0,32.59136,32.59136,0.02634968432370428,0.015809638670110215,0.01696584584396758,0.008057223387217665,0.01797620385253831,0.010136139825804533,1.979514508865153,2.6493972912430763,,
diabetes_mlp_nested_R30_C20_s42_scale20_summary.json,diabetes,mlp,nested,42,30.0,20,weighted_ce,none,_scale20,,,,,1.0,inf,0.6750631979613142,0.7250235410581495,29.0,0.04996034309683528,0.6861491563695519,0.6991436585095373,0.7250235410581495,29.0,0.24031872590028153,0.30340086891557594,29.0,0.06308214301529441,0.2562395635126124,0.2714405251584198,0.30340086891557594,29.0,0.2760104347568114,0.3140256151962301,24.0,0.038015180439418705,0.28562026586913264,0.2949508396593246,0.3140256151962301,24.0,0.30335679119453757,0.3544745938695126,24.0,0.05111780267497501,0.31712709360915753,0.3263444714564408,0.3544745938695126,24.0,0.3429333899486229,0.3903287517287641,1.0,0.0473953617801412,0.3414833082280437,0.3354923926744271,0.3903287517287641,1.0,0.5826370604686296,0.6500045880795569,15.0,0.06736752761092724,0.5753291382356747,0.5502643014932491,0.5928222582497461,1.0,0.15477689489547422,0.21893202676973128,17.0,0.06415513187425706,0.1733385779111998,0.1408026494507626,0.21893202676973128,17.0,0.21740172579098754,0.27792408985282724,17.0,0.060522364061839695,0.2204818358559293,0.1939280439890972,0.23749037721324096,1.0,65.18272,65.18272,0.012885265581423179,0.007616088167479732,0.009018146278055828,0.003907816813625175,0.009356998714455413,0.004907627504300905,1.0093073001015,1.2583489895332605,,
diabetes_mlp_nested_R30_C20_s43_scale20_summary.json,diabetes,mlp,nested,43,30.0,20,weighted_ce,none,_scale20,,,,,1.0,inf,0.6858912017974353,0.7313963040670323,29.0,0.04550510226959692,0.6942964289493644,0.7067417717147717,0.7313963040670323,29.0,0.23454033598194252,0.2945441298797887,29.0,0.06000379389784616,0.24420207193312235,0.2600022495401965,0.2945441298797887,29.0,0.2825753636546171,0.319313026578453,29.0,0.0367376629238359,0.2897464306942708,0.30018081118090756,0.319313026578453,29.0,0.3078825150237372,0.3550422509196304,29.0,0.04715973589589317,0.31883400133017376,0.3293626274695488,0.3550422509196304,29.0,0.3396057675216496,0.3850116780410594,1.0,0.04540591051940979,0.34733735305342944,0.34081301279327614,0.3850116780410594,1.0,0.4480258557860176,0.4725684295249646,20.0,0.02454257373894697,0.4496712491240692,0.4532663449455753,0.4711767580740287,5.0,0.09883720425709783,0.1241222416908199,17.0,0.02528503743372207,0.10573234254890188,0.1007960708517536,0.12159023706829075,5.0,0.20242725270605877,0.20346180475421186,29.0,0.0010345520481530868,0.19347418698462676,0.20061698733457972,0.19537355423569866,7.0,65.18272,65.18272,0.013083338534287418,0.008323767702274876,0.0091436277732624,0.004976254482944957,0.009485665630908656,0.0058727735162225694,1.0145112585431586,1.4638376460643485,,
diabetes_mlp_nested_R30_C20_s44_scale20_summary.json,diabetes,mlp,nested,44,30.0,20,weighted_ce,none,_scale20,,,,,1.0,inf,0.6757856280003662,0.7224571397513126,29.0,0.046671511750946415,0.685768600034336,0.6992681944248474,0.7224571397513126,29.0,0.25310132274325636,0.31337836708630296,29.0,0.06027704434304659,0.261537901811657,0.279428869914888,0.31337836708630296,29.0,0.2789017745539421,0.3199219454762185,29.0,0.04102017092227639,0.28902307438964453,0.29888408276825384,0.3199219454762185,29.0,0.3098177157701262,0.3633305965780868,29.0,0.05351288080796063,0.3176281931036987,0.33131115368434794,0.3633305965780868,29.0,0.3416811286448626,0.3850738308866481,1.0,0.043392702241785486,0.3408454369946327,0.33483708947557644,0.3850738308866481,1.0,0.5746197177286958,0.5934402434513322,29.0,0.018820525722636372,0.5621532241373743,0.5725697484723427,0.5813176738597279,10.0,0.133105710067385,0.14262125780251064,27.0,0.00951554773512564,0.13451883432274545,0.13526060359374462,0.14156180288397252,10.0,0.16494845360824742,0.19707099649793058,2.0,0.032122542889683164,0.07380684133252059,0.1025256192218312,0.19707099649793058,2.0,65.18272,65.18272,0.013183159074196977,0.008303550005047424,0.008693818558440789,0.004989414488141688,0.00912165125129825,0.005882092689716742,0.992235739552416,1.5166780627332628,,
diabetes_mlp_nested_R30_C50_s42_scale50_summary.json,diabetes,mlp,nested,42,30.0,50,weighted_ce,none,_scale50,,,,,1.0,inf,0.6696980872148055,0.7230666231424522,29.0,0.053368535927646676,0.6820434859431994,0.695366490920827,0.7230666231424522,29.0,0.24400822511300369,0.3083660126457462,29.0,0.06435778753274252,0.2554234214251692,0.2729670069380242,0.3083660126457462,29.0,0.2728623465666487,0.3160687256017801,29.0,0.043206379035131415,0.281762684459866,0.29402640302284383,0.3160687256017801,29.0,0.30393728968885547,0.35150939619682137,29.0,0.047572106507965894,0.31590032804523877,0.32636613228277017,0.35150939619682137,29.0,0.33387018412027814,0.39071194131588405,1.0,0.05684175719560591,0.3425126975879781,0.33420111950127956,0.39071194131588405,1.0,0.38049042906023334,0.5913149310515553,1.0,0.21082450199132197,0.4015022024204144,0.36895906163030734,0.5913149310515553,1.0,0.08502513744283957,0.19262637209815922,1.0,0.10760123465531965,0.09622862879084086,0.08445759833717426,0.19262637209815922,1.0,0.08860298579924748,0.23547637490317583,1.0,0.14687338910392833,0.06660435705259626,0.05044192053293698,0.23547637490317583,1.0,162.9568,162.9568,0.005393406396044674,0.003334191954589736,0.003722247684295412,0.0018412051800905363,0.0038887647109178704,0.0022484676848155086,0.41338744025367,0.5713314904714935,,
diabetes_mlp_nested_R30_C50_s43_scale50_summary.json,diabetes,mlp,nested,43,30.0,50,weighted_ce,none,_scale50,,,,,1.0,inf,0.6828158445084519,0.7308532552997866,29.0,0.04803741079133472,0.6919609409023638,0.7049945605929284,0.7308532552997866,29.0,0.23476612719358714,0.2974459706789345,29.0,0.06267984348534739,0.24533683862907157,0.2612830554940965,0.2974459706789345,29.0,0.2857437866132255,0.3228045701149921,29.0,0.03706078350176656,0.287828168007228,0.2993437561286775,0.3228045701149921,29.0,0.3103980066695431,0.35674752304532387,29.0,0.046349516375780775,0.3201123500652369,0.33104525019461384,0.35674752304532387,29.0,0.33860134995832925,0.38535037480142076,2.0,0.04674902484309151,0.3486849794114153,0.3404736977397108,0.38535037480142076,2.0,0.4680029138822989,0.48505105543650034,29.0,0.017048141554201424,0.43695010624114855,0.46414534920581296,0.48505105543650034,29.0,0.11371227536817935,0.12266208250520416,17.0,0.008949807137024812,0.10099830691743455,0.10575491276209795,0.11630056826367138,1.0,0.20382634289919058,0.20438426821405545,26.0,0.0005579253148648711,0.19479079709866023,0.20378294909157857,0.20438426821405545,26.0,162.9568,162.9568,0.00537588695058878,0.003287832730645091,0.0038389069411162886,0.0019009322239722454,0.003979798182448363,0.002273712120270999,0.4194622328407907,0.5603670244454406,,
diabetes_mlp_nested_R30_C50_s44_scale50_summary.json,diabetes,mlp,nested,44,30.0,50,weighted_ce,none,_scale50,,,,,1.0,inf,0.6732888952698236,0.7186732942879683,29.0,0.04538439901814473,0.6823314687473379,0.6962489411907006,0.7186732942879683,29.0,0.25016912609569647,0.3035091137593524,29.0,0.05333998766365594,0.258481728335177,0.27595280999996263,0.3035091137593524,29.0,0.2795978398856166,0.3135551078690503,29.0,0.03395726798343368,0.2849253547212484,0.2968302397600168,0.3135551078690503,29.0,0.30905999776207443,0.35135970862008337,24.0,0.04229971085800893,0.3165365615802664,0.3296371901101534,0.35135970862008337,24.0,0.3499129195522297,0.383965316528542,1.0,0.034052396976312294,0.34426244877736906,0.33909603943977157,0.383965316528542,1.0,0.5140338510919202,0.5970274414845419,10.0,0.08299359039262166,0.543923358021786,0.5269047708447523,0.5970274414845419,10.0,0.12122725874640221,0.14399695592141082,10.0,0.02276969717500861,0.12850362370935983,0.12326556163526556,0.14399695592141082,10.0,0.013289036544850499,0.18972972972972973,1.0,0.17644069318487923,0.048924387379209934,0.028207017799419937,0.18972972972972973,1.0,162.9568,162.9568,0.005363268120468176,0.0031283600814286097,0.003644628493480017,0.002069491351756675,0.0038006833408537593,0.0023524707528176495,0.4145172404998448,0.6010513908113353,,
diabetes_mlp_nested_R30_C71_s42_scale100_summary.json,diabetes,mlp,nested,42,30.0,100,weighted_ce,none,_scale100,,,,,1.0,inf,0.6718016145421911,0.7233551817936198,29.0,0.05155356725142868,0.6826058243038271,0.6965374179144216,0.7233551817936198,29.0,0.24529506301705165,0.3058435506687701,29.0,0.06054848765171847,0.25556456530169325,0.27271860390159686,0.3058435506687701,29.0,0.27413994514596507,0.31708484401967596,24.0,0.04294489887371089,0.2821813972823687,0.29467290098187254,0.31708484401967596,24.0,0.3039186738672385,0.3535943400555004,24.0,0.04967566618826191,0.31716299643681956,0.3281113056972949,0.3535943400555004,24.0,0.3360912366779087,0.390672434796156,1.0,0.0545811981182473,0.34082743356830364,0.33424039938729433,0.390672434796156,1.0,0.5087099218826747,0.6433542822167894,12.0,0.13464436033411464,0.5271368963803649,0.5425656533352502,0.6433542822167894,12.0,0.1212622663701712,0.20288574146725438,12.0,0.08162347509708318,0.136402328813117,0.12873726938062974,0.20288574146725438,12.0,0.0,0.23547637490317583,1.0,0.23547637490317583,0.047146362809671286,0.0020815264527320036,0.23547637490317583,1.0,231.398656,231.398656,0.003756142890644066,0.002235196852453647,0.0026044064996816993,0.001356106535348184,0.0027071786561959988,0.0015938553752909885,0.290671108935688,0.40720065977075137,,
diabetes_mlp_nested_R30_C71_s43_scale100_summary.json,diabetes,mlp,nested,43,30.0,100,weighted_ce,none,_scale100,,,,,1.0,inf,0.6829493849779713,0.7290159031774595,29.0,0.04606651819948815,0.6926220006303977,0.7052263391367019,0.7290159031774595,29.0,0.2373931801393862,0.29678179626560086,29.0,0.059388616126214655,0.24651224913518735,0.2628347636264293,0.29678179626560086,29.0,0.2799571304459111,0.3189390271411857,29.0,0.03898189669527463,0.28789356411128325,0.2981619350651691,0.3189390271411857,29.0,0.30767077248077895,0.35156232921369623,29.0,0.04389155673291728,0.3195461255915432,0.3297442072346008,0.35156232921369623,29.0,0.3374066358242625,0.38455481441002903,2.0,0.04714817858576653,0.3476168449184914,0.3405128769486754,0.38455481441002903,2.0,0.42578854103537694,0.4545450324275323,27.0,0.02875649139215536,0.41496810464810446,0.44168022300275356,0.4324167975114337,1.0,0.0924976947283171,0.11630338487241587,1.0,0.023805690144098765,0.09257327599092989,0.09731506473125182,0.11630338487241587,1.0,0.2038932553463718,0.2044553778871122,28.0,0.0005621225407404229,0.1928925882390287,0.20423971427092252,0.2044553778871122,28.0,231.398656,231.398656,0.0038034038356137613,0.002315563720463172,0.0026510247215005174,0.0013238662111820026,0.0027626450487398045,0.001588725094341071,0.29286415737102894,0.3989271338505205,,
diabetes_mlp_nested_R30_C73_s44_scale100_summary.json,diabetes,mlp,nested,44,30.0,100,weighted_ce,none,_scale100,,,,,1.0,inf,0.6730773600541222,0.7275789102932593,29.0,0.05450155023913705,0.684997180399556,0.6980820823579398,0.7275789102932593,29.0,0.25069568919497554,0.3183941391341493,29.0,0.06769844993917379,0.2627295322673967,0.28121280333780013,0.3183941391341493,29.0,0.27781157729447653,0.3195649631914342,29.0,0.04175338589695765,0.28633208077456523,0.2971727632243747,0.3195649631914342,29.0,0.3075392461948862,0.3639314279397212,29.0,0.05639218174483501,0.3182950312016831,0.3310389369902638,0.3639314279397212,29.0,0.341583020728324,0.38418023702160603,1.0,0.042597216293282,0.3430257267728541,0.33472841934987174,0.38418023702160603,1.0,0.573108688442241,0.6011260296762407,13.0,0.028017341233999682,0.5824783868740632,0.5807631587652725,0.6011260296762407,13.0,0.13663063575085077,0.14598535593955947,13.0,0.009354720188708698,0.14042655887141062,0.1387622988971624,0.14598535593955947,13.0,0.19211748838603326,0.21431334622823983,7.0,0.022195857842206568,0.18313649802803503,0.17056998452588806,0.21431334622823983,7.0,237.916928,237.916928,0.0037507294884706437,0.0022140812184782872,0.002526077121852733,0.0013814930751335495,0.002642386659315335,0.0016032850307170698,0.28973135697112107,0.41381991235539317,,
diabetes_mlp_nested_R60_C20_s42_architecture_mlp_nested_summary.json,diabetes,mlp,nested,42,60.0,20,weighted_ce,none,_architecture_mlp_nested,,,,,1.0,inf,0.6895750487673397,0.7513194146045393,59.0,0.061744365837199666,0.7018210390260416,0.7230390721783604,0.7513194146045393,59.0,0.2654559629187466,0.3394444962714394,54.0,0.07398853335269279,0.2746889639534693,0.30296475899043107,0.3394444962714394,54.0,0.28331412561501396,0.3317409241968426,49.0,0.048426798581828634,0.29541508803641287,0.30592609635998813,0.31388443728514764,19.0,0.31651558085082565,0.3736457950172913,59.0,0.05713021416646563,0.3287863161140943,0.3465965587926421,0.3736457950172913,59.0,0.3450614685181685,0.3908186093824357,1.0,0.04575714086426719,0.33679067674382523,0.336293664494861,0.3908186093824357,1.0,0.503806562449661,0.630603712961109,48.0,0.1267971505114479,0.5744220755765799,0.584028474655805,0.6110881735020937,10.0,0.13781747112515358,0.21264959106368075,10.0,0.07483211993852718,0.17697159015333877,0.17990690467675968,0.21264959106368075,10.0,0.1339572974553963,0.27391304347826084,10.0,0.13995574602286454,0.20632038390895113,0.16876435997917233,0.27391304347826084,10.0,128.69632,128.69632,0.009627486026268322,0.004431332220502025,0.006550787149995124,0.0029723525258547405,0.006835959875178686,0.0032948766015534563,1.0379845085156072,1.5431561471195891,,
diabetes_mlp_nested_R60_C20_s42_comp_none_summary.json,diabetes,mlp,nested,42,60.0,20,weighted_ce,none,_comp_none,,,,,1.0,inf,0.6943445284198716,0.7515091248301493,59.0,0.05716459641027771,0.7025755869077325,0.7234794109643898,0.7515091248301493,59.0,0.2636165716076089,0.3354281466757939,54.0,0.07181157506818503,0.2709319579726885,0.2974492710359673,0.3354281466757939,54.0,0.28339900434294957,0.33747927873404077,49.0,0.0540802743910912,0.29520402756481673,0.30635773506972813,0.32496159837755,38.0,0.31483498247947234,0.3754428667397105,59.0,0.060607884260238165,0.32678714265271935,0.34312507691368976,0.3754428667397105,59.0,0.3549192224072118,0.3875543096544519,1.0,0.032635087247240124,0.33695781813476006,0.33625820434470166,0.3875543096544519,1.0,0.6369658959613304,0.6568751117214942,43.0,0.0199092157601638,0.6285890145663494,0.640838557628262,0.6446624998136407,5.0,0.18888034850064891,0.21841608669623092,41.0,0.029535738195582,0.20640646762424464,0.19903130811162353,0.2167907474571621,5.0,0.2549115913555992,0.2807785888077859,26.0,0.02586699745218668,0.25901531248540594,0.2589520397955521,0.2793680588143282,11.0,128.69632,128.69632,0.009865064085492972,0.004978683831061023,0.0065144868010226,0.0027222473951581607,0.006853277210882321,0.0032221078779737415,1.0210383142199135,1.4685099278576672,,
diabetes_mlp_nested_R60_C20_s42_comp_quant4_summary.json,diabetes,mlp,nested,42,60.0,20,weighted_ce,quant4,_comp_quant4,,,,,1.0,inf,0.6910142030197012,0.7423729001903063,59.0,0.05135869717060515,0.6994803273489072,0.7165606606627127,0.7423729001903063,59.0,0.2611412045801032,0.3306476433612656,54.0,0.06950643878116242,0.2738744934678624,0.29622746484331086,0.3306476433612656,54.0,0.2864998449415773,0.328245424504075,59.0,0.04174557956249769,0.29585138244410913,0.30540661420035337,0.3192444111600372,24.0,0.3137269546096095,0.3634258186928707,54.0,0.04969886408326124,0.32597989751563416,0.3394650706500889,0.35923910756205163,34.0,0.3365315314001766,0.3861575686022985,1.0,0.049626037202121887,0.3371346989846383,0.3351410666680276,0.3861575686022985,1.0,0.5269066896559236,0.6613109413298575,28.0,0.13440425167393388,0.6151683585502852,0.5633390494412758,0.6379781974861038,5.0,0.13480282877944144,0.21639248469471883,31.0,0.08158965591527739,0.18976264279130836,0.14250919513983157,0.2144928184113118,5.0,0.06713912719134651,0.2810717372515125,7.0,0.213932610060166,0.19988779083358058,0.031578488430761206,0.2810717372515125,7.0,16.12576,128.69632,0.02798879077742892,0.011460863547270056,0.01641882769496776,0.010165624059530146,0.01818778544385756,0.010437071817488597,3.3359173367808883,5.757559983059764,,
diabetes_mlp_nested_R60_C20_s42_comp_quant8_summary.json,diabetes,mlp,nested,42,60.0,20,weighted_ce,quant8,_comp_quant8,,,,,1.0,inf,0.6905845322030927,0.7491785846804986,59.0,0.0585940524774059,0.6995721901520824,0.7213897708219795,0.7491785846804986,59.0,0.2663163031532032,0.3425172747013149,59.0,0.07620097154811167,0.2748183974906653,0.30334845537751,0.3425172747013149,59.0,0.2833453972405035,0.3335725996217701,49.0,0.0502272023812666,0.2965634785675152,0.30683066755135413,0.3335725996217701,49.0,0.3200270245077434,0.36805711390007473,49.0,0.04803008939233133,0.3279128357265438,0.3453912978266957,0.36805711390007473,49.0,0.34934809388548754,0.38648410533129995,1.0,0.03713601144581241,0.3364973683452703,0.33404400828700315,0.38648410533129995,1.0,0.6278563869857365,0.6658176627911115,28.0,0.037961275805375005,0.6424361107830127,0.6325800068961747,0.6542434540428284,5.0,0.20520197662960055,0.22019831561716824,18.0,0.014996338987567692,0.2117590128259085,0.205936379098227,0.21863068807945757,5.0,0.2253906979640122,0.28211773417252867,22.0,0.05672703620851646,0.26432854741608025,0.2340699603357868,0.28211773417252867,22.0,32.2128,128.69632,0.0097921207716976,0.005254316024840904,0.006416852057102783,0.0031000419728186767,0.00675330046634424,0.003574959703602986,1.011136646066249,1.6211394921410829,,
diabetes_mlp_nested_R60_C20_s42_comp_stc_summary.json,diabetes,mlp,nested,42,60.0,20,weighted_ce,stc,_comp_stc,,,,,1.0,inf,0.6461006975133501,0.690774265199764,49.0,0.04467356768641395,0.6675401984778534,0.6705700147507647,0.6904134019652365,34.0,0.21516812413107303,0.2585345436436643,34.0,0.043366419512591264,0.23454929300735178,0.2380907270670069,0.2585345436436643,34.0,0.2659472576722948,0.3005716803755084,34.0,0.034624422703213587,0.2729358048399969,0.2824755224969825,0.3005716803755084,34.0,0.2846183361461403,0.32795100571844765,49.0,0.04333266957230736,0.30322067400152786,0.3067330654778187,0.32432119646977103,34.0,0.3095874478391016,0.395691884158241,1.0,0.08610443631913944,0.349677077137625,0.3369402464378619,0.395691884158241,1.0,0.6631604418792473,0.664787992825127,6.0,0.001627550945879741,0.6612105294016337,0.6632064042462525,0.664787992825127,6.0,0.22092052682729985,0.2212748149415964,36.0,0.0003542881142965526,0.21938854806841815,0.22091680954977472,0.2212748149415964,36.0,0.2400388726919339,0.2400388726919339,60.0,0.0,0.11213303330761067,0.22888731923773528,0.2400388726919339,60.0,3.00044,128.69632,0.08629936004733627,0.007946745394226799,0.05374743538099005,0.0015194890297789885,0.04825766119473854,0.0038744454163042066,0.4385973529877674,0.2226580990900402,,
diabetes_mlp_nested_R60_C20_s42_comp_topk_summary.json,diabetes,mlp,nested,42,60.0,20,weighted_ce,topk,_comp_topk,,,,,1.0,inf,0.6559585292926743,0.6971663728850572,49.0,0.04120784359238294,0.6734700047915609,0.6787690745511574,0.6971663728850572,49.0,0.21957462244419257,0.27106080317320436,59.0,0.05148618072901179,0.2394589393335419,0.24673136552568736,0.27106080317320436,59.0,0.2698050971114176,0.30500704330304645,49.0,0.03520194619162886,0.279339293673254,0.2875178611560737,0.2996636772120421,28.0,0.2874533021441157,0.3317202644058654,49.0,0.0442669622617497,0.3056878897463411,0.31001508028049746,0.3317202644058654,49.0,0.32657687945775815,0.39519457300151406,1.0,0.06861769354375591,0.3431386653505476,0.3383174219131793,0.39519457300151406,1.0,0.5599484674333445,0.6659493818365961,5.0,0.10600091440325166,0.597139543854536,0.5828930768138387,0.6659493818365961,5.0,0.18484231497853792,0.21995515435741247,5.0,0.03511283937887455,0.1978290923058963,0.19192003343789035,0.21995515435741247,5.0,0.21871476888387825,0.23859291358654092,57.0,0.019878144702662665,0.17154858998789688,0.22113603560479853,0.2061493411420205,29.0,18.4230825,128.69632,0.0429752978517927,0.0055752312067142646,0.02044641277926038,0.00244284452089826,0.018886314572370003,0.0034253097084258454,0.4829783865519251,0.4199782035284443,,
diabetes_mlp_nested_R60_C20_s42_dp0.5_summary.json,diabetes,mlp,nested,42,60.0,20,weighted_ce,none,_dp0.5,,,,,0.5,342.8612600716533,0.6689430359302126,0.7063413023385431,44.0,0.03739826640833044,0.6805680426248019,0.6896499331597127,0.7043906471970649,29.0,0.23402554869132838,0.2798450956046279,59.0,0.04581954691329951,0.24655878580515217,0.25811252666178147,0.2780841789046522,39.0,0.2753644311387496,0.30476833814422405,49.0,0.02940390700547446,0.28248251551976916,0.28930179984566906,0.30422225457994706,24.0,0.29673132944669045,0.3350895141602166,24.0,0.038358184713526144,0.3101152368658667,0.3151956860507353,0.3350895141602166,24.0,0.3447169346879316,0.3941139270948229,1.0,0.04939699240689133,0.3455352730443722,0.345490569793169,0.3941139270948229,1.0,0.6115825089556652,0.6585755373336402,19.0,0.04699302837797492,0.6376949952635858,0.6363861388996409,0.6585755373336402,19.0,0.17811195637293198,0.21761094462356487,19.0,0.03949898825063289,0.20057379284444746,0.19231101253726274,0.21761094462356487,19.0,0.24408246373122933,0.279011660188784,46.0,0.034929196457554657,0.24485811754342499,0.2579981035038686,0.2783269961977186,19.0,128.69632,128.69632,0.00710630254194992,0.0023210648108343036,0.003954694661589712,0.0013164694457753646,0.004212340481692915,0.0015068167725833142,1.1591860790678765,1.77471678215079,,
diabetes_mlp_nested_R60_C20_s42_dp0_summary.json,diabetes,mlp,nested,42,60.0,20,weighted_ce,none,_dp0,,,,,1.0,inf,0.6928213196168456,0.7530009034734761,59.0,0.06017958385663058,0.7005790449625796,0.7221241346416771,0.7530009034734761,59.0,0.2677468953849573,0.3448957048745537,59.0,0.0771488094895964,0.2748947059243843,0.30275427247326675,0.3448957048745537,59.0,0.2888978316081747,0.33819061769304276,59.0,0.049292786084868034,0.2971599788874582,0.30869764924619547,0.33819061769304276,59.0,0.31763428083735823,0.3735808311975427,59.0,0.05594655036018448,0.3290548457859881,0.3453495425755147,0.3735808311975427,59.0,0.34619041080485785,0.3862747669197461,1.0,0.04008435611488825,0.33678546311081,0.33453067464720215,0.3862747669197461,1.0,0.6423434238789663,0.664992486141264,28.0,0.022649062262297792,0.647283686229773,0.6446774324062685,0.6563851183782252,5.0,0.20485999168944008,0.21985454152711742,12.0,0.01499454983767734,0.20201508498273887,0.19467546099891697,0.21985454152711742,12.0,0.2646130539073349,0.2831011678626706,42.0,0.018488113955335672,0.2698414943687988,0.2666302899042893,0.2810990840965862,7.0,128.69632,128.69632,0.009809372965671,0.005059283594379257,0.006626431219024744,0.0028060006671751267,0.0069323784483834895,0.0032955894552134583,1.0378192213596775,1.554373674094677,,
diabetes_mlp_nested_R60_C20_s42_dp1.0_summary.json,diabetes,mlp,nested,42,60.0,20,weighted_ce,none,_dp1.0,,,,,1.0,110.68837010237718,0.653135991094902,0.6871423785131918,14.0,0.034006387418289874,0.6653301083817362,0.666984767050873,0.6871423785131918,14.0,0.21848077192443557,0.24780179203031727,39.0,0.029321020105881695,0.22776693808612655,0.23252537735254647,0.2459802646359378,19.0,0.26269245249337836,0.29410054351793663,14.0,0.03140809102455827,0.2716401557025226,0.27563088386478585,0.29410054351793663,14.0,0.29255239594446064,0.315703422263993,19.0,0.023151026319532364,0.2974616427493087,0.299190736735154,0.315703422263993,19.0,0.3626091324593891,0.39666946938735953,1.0,0.03406033692797045,0.355131620736746,0.3559986241560894,0.39666946938735953,1.0,0.5861078121391249,0.6319722557724843,7.0,0.0458644436333594,0.5747398377342504,0.598409807517011,0.6319722557724843,7.0,0.17384772087489392,0.19805341035227705,10.0,0.024205689477383135,0.15937379050982925,0.17302212399627448,0.19805341035227705,10.0,0.22234123947972456,0.25668623613829095,7.0,0.034344996658566385,0.21083221481302514,0.2280309820186149,0.25668623613829095,7.0,128.69632,128.69632,0.004128829611451959,0.0007800090151592663,0.002030757844951077,0.00039719058317159013,0.0021130984811595873,0.00046228890319323075,1.2102011958738634,1.839324523927644,,
diabetes_mlp_nested_R60_C20_s42_dp2.0_summary.json,diabetes,mlp,nested,42,60.0,20,weighted_ce,none,_dp2.0,,,,,2.0,39.83175401905626,0.5701360274206707,0.6561173028383603,14.0,0.08598127541768963,0.6144151787807072,0.5800570008427721,0.6561173028383603,14.0,0.16440479302437835,0.22259301168491186,19.0,0.0581882186605335,0.1934308522516825,0.17464044156148145,0.22259301168491186,19.0,0.14098491476800717,0.2654033157354098,18.0,0.12441840096740264,0.222444424798635,0.18027345771507994,0.2654033157354098,18.0,0.24135710485555759,0.2892420204146394,19.0,0.047884915559081837,0.26404705760903335,0.24791037563983392,0.28769223104696956,3.0,0.3556401389243019,0.4232187808846748,1.0,0.06757864196037289,0.3591488878896143,0.35902436346224575,0.4232187808846748,1.0,0.5638372287919161,0.6247604874387769,7.0,0.06092325864686077,0.5587538420355667,0.5636274069785695,0.6247604874387769,7.0,0.15708622520449778,0.19232253640665112,7.0,0.03523631120215334,0.14974746266866237,0.1631206385692893,0.19232253640665112,7.0,0.2232955600966004,0.2376213294016464,10.0,0.014325769305046004,0.20363226681897165,0.21378645678662989,0.2376213294016464,10.0,128.69632,128.69632,0.0024486672851332008,0.00018537211534384862,0.0010297459865302005,9.349105326257774e-05,0.0009825913044776368,0.00010852007715102592,1.2073021934328911,1.6677623125724494,,
diabetes_mlp_nested_R60_C20_s42_loss_cb_summary.json,diabetes,mlp,nested,42,60.0,20,cb,none,_loss_cb,,,,,1.0,inf,0.6795341942605497,0.7380230000479849,59.0,0.058488805787435205,0.6959590748340165,0.7117948118949343,0.7380230000479849,59.0,0.262814325259503,0.3402276466179953,59.0,0.07741332135849233,0.2741185291700253,0.30101562943919324,0.3402276466179953,59.0,0.10113219348913474,0.1696629857633374,39.0,0.06853079227420267,0.09492115462817054,0.12695041695305734,0.1696629857633374,39.0,0.3085085134491124,0.36598053435138,59.0,0.057472020902267607,0.3226132945345761,0.3381433991951762,0.36598053435138,59.0,0.08331751260153335,0.2742664625601841,1.0,0.19094894995865075,0.08178526328998625,0.07630141697009533,0.2742664625601841,1.0,0.639734806993699,0.6635192809023599,23.0,0.023784473908660897,0.590898462854468,0.6433239351325868,0.5424303238124993,5.0,0.18001896444061827,0.21704228378513646,31.0,0.03702331934451819,0.1765311406013424,0.18380905693972924,0.21704228378513646,31.0,0.016799664006719867,0.2628475147430497,31.0,0.24604785073632982,0.1308313528205703,0.09276000050684513,0.2628475147430497,31.0,128.69632,128.69632,0.009571433738260714,0.004821803999546675,0.006460412660169224,0.0030368364682090065,0.006766921226469806,0.0034775618277408465,0.9495993333655254,1.441410101368092,,
diabetes_mlp_nested_R60_C20_s42_loss_focal_summary.json,diabetes,mlp,nested,42,60.0,20,focal,none,_loss_focal,,,,,1.0,inf,0.6915083589131814,0.74746229524464,59.0,0.05595393633145862,0.7008975884820619,0.7200177687594886,0.74746229524464,59.0,0.27313239153818053,0.34891215733328956,54.0,0.07577976579510903,0.2823875847533818,0.3101547466729376,0.34891215733328956,54.0,0.27911360114795325,0.32738128263689076,59.0,0.04826768148893751,0.29181760440189736,0.30102927254531575,0.321176385596398,34.0,0.31739772206102523,0.3741140831229014,59.0,0.056716361061876164,0.33019883527616817,0.34549067409388506,0.3741140831229014,59.0,0.38085706832969685,0.39123923443295333,1.0,0.010382166103256485,0.373950383294816,0.3736861045699351,0.39123923443295333,1.0,0.6618063560362788,0.6683695687039565,15.0,0.006563212667677676,0.6623959943271124,0.6611273980684588,0.6683695687039565,15.0,0.21953286362724866,0.22266502408788122,32.0,0.003132160460632555,0.21564115970107087,0.2177081679149055,0.22040696614333632,7.0,0.2496601721794291,0.2628109717201786,59.0,0.013150799540749492,0.20612151723347044,0.24544160501377688,0.25617685305591675,10.0,128.69632,128.69632,0.009298058613241077,0.00514467827411054,0.006456349896784882,0.0028654801132016045,0.0067466074555121176,0.0034027174188798258,0.9483347883273382,1.4108941917074844,,
diabetes_mlp_nested_R60_C20_s42_loss_ldam_summary.json,diabetes,mlp,nested,42,60.0,20,ldam,none,_loss_ldam,,,,,1.0,inf,0.6659730743699549,0.6890107036519106,9.0,0.02303762928195574,0.6703221648441832,0.6728207112847225,0.6890107036519106,9.0,0.23072091895457414,0.2520353032029816,9.0,0.02131438424840748,0.23258875150856126,0.23504204229971895,0.2520353032029816,9.0,0.2684549229308419,0.30196247395910447,24.0,0.03350755102826258,0.2800750447850629,0.285735535126893,0.30196247395910447,24.0,0.30374653265025275,0.32628830739636716,9.0,0.022541774746114407,0.30825831881692994,0.3105872385065935,0.32628830739636716,9.0,0.3837818579930222,0.39418125425888395,12.0,0.010399396265861727,0.37684565810811815,0.37566006846532735,0.39418125425888395,12.0,0.6587513049547394,0.6613944830301043,5.0,0.0026431780753648493,0.6456313225079087,0.6562839547378423,0.6613944830301043,5.0,0.20607285925589647,0.21630968614555748,56.0,0.010236826889661016,0.1805444448821813,0.20078495370853428,0.20861848587232387,1.0,0.2759390107846783,0.28310091467986204,5.0,0.00716190389518373,0.10802502300722816,0.2536068420858869,0.28310091467986204,5.0,128.69632,128.69632,0.009016677851619255,0.00486938863735009,0.005759580350142417,0.003121455097598851,0.006107715869386508,0.003626736048680347,0.7416548486246028,1.1496285457978956,,
diabetes_mlp_nested_R60_C20_s42_loss_weighted_ce_summary.json,diabetes,mlp,nested,42,60.0,20,weighted_ce,none,_loss_weighted_ce,,,,,1.0,inf,0.6898193261776362,0.7490149692303397,59.0,0.05919564305270353,0.6989570051104262,0.7188809785326344,0.7490149692303397,59.0,0.2656011025047911,0.3414907288815111,59.0,0.07588962637672003,0.274353140744679,0.30172103162967795,0.3414907288815111,59.0,0.2825354051502501,0.32964516754350154,59.0,0.04710976239325143,0.2944006357605797,0.30610426738183616,0.32964516754350154,59.0,0.31698195366363885,0.3687375427263594,59.0,0.05175558906272054,0.32668381429321397,0.3427558974693317,0.3596455853300541,34.0,0.355662841179848,0.38769854793900926,1.0,0.032035706759161287,0.3366121886698525,0.3327192523648955,0.38769854793900926,1.0,0.5935076465566387,0.6455265672144369,31.0,0.05201892065779823,0.6015798128314529,0.5905959466074038,0.6427539540938043,5.0,0.1789047868352392,0.2163096254471824,5.0,0.037404838611943214,0.19350230729799867,0.1793792835911116,0.2163096254471824,5.0,0.22703186804985448,0.2824773413897281,11.0,0.0554454733398736,0.24274112093472633,0.2214817294542541,0.2824773413897281,11.0,128.69632,128.69632,0.009776122045696306,0.00492580464943898,0.006574957627910938,0.0032300665358075908,0.006881343144710468,0.003603141764037716,1.0251581104220047,1.6661098264157772,,
diabetes_mlp_nested_R60_C20_s42_summary.json,diabetes,mlp,nested,42,60.0,20,weighted_ce,none,,,,,,1.0,inf,0.6946637052606661,0.7554167455150058,59.0,0.060753040254339696,0.7009799624449851,0.7229180665384757,0.7554167455150058,59.0,0.26671958931281,0.34670750873708694,59.0,0.07998791942427697,0.27418562860755213,0.3035255797585951,0.34670750873708694,59.0,0.2824069737872146,0.3382328371303312,59.0,0.05582586334311662,0.2948678696380733,0.30681469981944665,0.31982828779022776,24.0,0.3191146203660606,0.3745811703786238,59.0,0.05546655001256323,0.3276905955436039,0.34588290178878406,0.3745811703786238,59.0,0.3522484608382373,0.38696643227499355,1.0,0.034717971436756256,0.33700113170122303,0.33556494922181335,0.38696643227499355,1.0,0.6522060129041495,0.6670273420928841,11.0,0.014821329188734578,0.6510432662511595,0.6569275044275721,0.6670273420928841,11.0,0.21506236931015202,0.22324321985585244,11.0,0.008180850545700419,0.20730902653687763,0.21338083921227868,0.22324321985585244,11.0,0.2654676258992806,0.28101226517621486,10.0,0.01554463927693428,0.22400592544817727,0.27115970821004953,0.28101226517621486,10.0,128.69632,128.69632,0.009765191064780352,0.004972796739853944,0.006538201509367406,0.0026818572767423813,0.006862478620650513,0.0031792640955969195,1.0346567734164032,1.4686860787915066,,
diabetes_mlp_nested_R60_C20_s42_tf_warm_summary.json,diabetes,mlp,nested,42,60.0,20,weighted_ce,none,_tf_warm,5.0,2.0,,,1.0,inf,0.6983394923591812,0.7545853024689804,59.0,0.05624581010979912,0.7074124303837065,0.7293674126767336,0.7545853024689804,59.0,0.27417882796715265,0.34751688760800126,54.0,0.07333805964084861,0.2826894981998716,0.3097218695476039,0.34751688760800126,54.0,0.28942806708035285,0.33541267505019623,49.0,0.04598460796984338,0.30064266115230304,0.31491297940604746,0.33541267505019623,49.0,0.32383428442434214,0.38596814838265575,54.0,0.06213386395831361,0.3364191051933625,0.35557569438187114,0.38596814838265575,54.0,0.34952328766928875,0.3865052028357502,1.0,0.03698191516646143,0.3340205307421637,0.33020365008521885,0.3865052028357502,1.0,0.6572372512504149,0.6664628050062674,11.0,0.009225553755852545,0.659621093650585,0.6573689376673248,0.6664628050062674,11.0,0.21873225424241194,0.22338715984172602,7.0,0.004654905599314085,0.21579005458535117,0.2171073252469718,0.22338715984172602,7.0,0.27320861277797387,0.28095100028993913,19.0,0.007742387511965265,0.27146273337856935,0.27372426692731067,0.28095100028993913,19.0,140.69248,140.69248,0.007856393391575688,0.003288401769454054,0.006266873143813158,0.0025612590407748273,0.006031294130540444,0.0027587223582909316,1.1058626296027796,1.5257733789039776,,
diabetes_mlp_nested_R60_C20_s43_architecture_mlp_nested_summary.json,diabetes,mlp,nested,43,60.0,20,weighted_ce,none,_architecture_mlp_nested,,,,,1.0,inf,0.6998333178161752,0.7527479387675446,59.0,0.05291462095136945,0.708462763087417,0.7278347308290007,0.7527479387675446,59.0,0.25731394691548565,0.32429454337439184,59.0,0.0669805964589062,0.2631886780548564,0.2888805073197065,0.32429454337439184,59.0,0.2890889361990536,0.32961439026582146,54.0,0.04052545406676783,0.29795238069990765,0.3101482379114479,0.31869803404229136,29.0,0.32310823163430064,0.3696255933540045,59.0,0.04651736171970389,0.3312182074430597,0.3471707351959922,0.3696255933540045,59.0,0.33677666281107527,0.38550975668494114,1.0,0.048733093873865874,0.34096067777801464,0.3355756187084714,0.38550975668494114,1.0,0.5404030100813761,0.5652986500956343,58.0,0.024895640014258147,0.4947868341342477,0.5260139718568003,0.54898433773205,5.0,0.14335267800741455,0.18238914126261124,5.0,0.03903646325519669,0.12478126635639167,0.13581393835301275,0.18238914126261124,5.0,0.20145985401459854,0.21325478645066273,58.0,0.011794932436064193,0.19596243457158385,0.2047707215865874,0.1959340011785504,5.0,128.69632,128.69632,0.00972233226754893,0.0045141793772399364,0.0065042703526561035,0.0028125014944478006,0.00681978439076462,0.003181084729493183,1.016488182686347,1.4617842317093164,,
diabetes_mlp_nested_R60_C20_s43_comp_none_summary.json,diabetes,mlp,nested,43,60.0,20,weighted_ce,none,_comp_none,,,,,1.0,inf,0.6976425665573447,0.7519652424907358,59.0,0.05432267593339113,0.7074475239968859,0.7244302914863379,0.7519652424907358,59.0,0.25347996810439605,0.32489530049904003,54.0,0.07141533239464398,0.26036365852510346,0.28700203345791586,0.32489530049904003,54.0,0.2935928046149457,0.3296494285763384,59.0,0.0360566239613927,0.29687450069447774,0.31077453503897323,0.3205172574164355,29.0,0.32018540235843607,0.3753580735276702,59.0,0.05517267116923413,0.32766834371973025,0.3436551684619629,0.3753580735276702,59.0,0.3375657568258891,0.3876015891884722,2.0,0.05003583236258313,0.3394899853304119,0.33227639673713566,0.3876015891884722,2.0,0.5710910377889593,0.5979947155764649,56.0,0.026903677787505575,0.5476661688382823,0.5809532013877285,0.5653330983406664,9.0,0.18197127946044409,0.19852947649788194,26.0,0.016558197037437855,0.17753680228381366,0.1870269026945958,0.19852947649788194,26.0,0.20432255721031603,0.20636173670768515,11.0,0.00203917949736912,0.20442008412992288,0.2048225267306539,0.20636173670768515,11.0,128.69632,128.69632,0.009802049911109084,0.0045338707666413595,0.006444606688667076,0.0024273107565805723,0.00679392387890303,0.002884649372842412,1.0033115859997148,1.3260777853429317,,
diabetes_mlp_nested_R60_C20_s43_comp_quant4_summary.json,diabetes,mlp,nested,43,60.0,20,weighted_ce,quant4,_comp_quant4,,,,,1.0,inf,0.6947783167143752,0.7476199872177919,54.0,0.052841670503416704,0.7076721278546582,0.7241394587400944,0.7476199872177919,54.0,0.25206767187892093,0.3211951483111721,54.0,0.06912747643225114,0.2625050479173321,0.28648285247122074,0.3211951483111721,54.0,0.29789709729310987,0.3290884959237936,59.0,0.03119139863068371,0.29948624396165285,0.3130033920272638,0.324744958368242,29.0,0.31680558752420845,0.36836996381571946,54.0,0.051564376291511005,0.3299270655233959,0.34572848304976145,0.3619653527780508,34.0,0.32807029422605927,0.38833039011601045,2.0,0.06026009588995118,0.3401716884315056,0.33387814975989705,0.38833039011601045,2.0,0.45429459556856777,0.529942427131232,9.0,0.07564783156266419,0.4718589772260414,0.48704394225665953,0.529942427131232,9.0,0.10142043370757825,0.1704658603831974,9.0,0.06904542667561914,0.12529598082003726,0.1193352602271113,0.1704658603831974,9.0,0.20118172647355526,0.20518684535516626,53.0,0.004005118881611008,0.20149226166696005,0.20372902430704204,0.20449601160261058,3.0,16.12576,128.69632,0.029822169984019604,0.011786003758445227,0.016876388199475498,0.006749645696864388,0.01854527968244859,0.00771943591514356,3.38984636622093,4.597754841204733,,
diabetes_mlp_nested_R60_C20_s43_comp_quant8_summary.json,diabetes,mlp,nested,43,60.0,20,weighted_ce,quant8,_comp_quant8,,,,,1.0,inf,0.6986024514823418,0.7497282758567339,59.0,0.05112582437439206,0.7077143502289721,0.7245744319198859,0.7497282758567339,59.0,0.2541862405836339,0.3212109625106523,59.0,0.06702472192701836,0.26351861407067223,0.28822880936007467,0.3212109625106523,59.0,0.29444313125511495,0.3264414283452017,34.0,0.031998297090086725,0.2998867272719925,0.3097995494801715,0.3264414283452017,34.0,0.3213466814105659,0.36724096762568176,59.0,0.045894286215115876,0.3298361162140107,0.34534762444891426,0.36724096762568176,59.0,0.3338604781579087,0.3865790661641326,2.0,0.05271858800622392,0.33884031724019464,0.3341753658654226,0.3865790661641326,2.0,0.5301546383601902,0.5675687580696113,26.0,0.0374141197094211,0.5183664288311305,0.5298027115750973,0.5675687580696113,26.0,0.14005899263032712,0.18565471681326579,26.0,0.04559572418293867,0.15298163152189026,0.14283377093904795,0.18565471681326579,26.0,0.2053010292376355,0.20587965089572807,50.0,0.0005786216580925818,0.20371981656942142,0.20521175151136642,0.20454134250045233,2.0,32.2128,128.69632,0.009997679321487794,0.004770478074349907,0.006507837235600346,0.002579656455332939,0.006865857318830928,0.003047329165447756,1.0234420606837376,1.4227557126432657,,
diabetes_mlp_nested_R60_C20_s43_comp_stc_summary.json,diabetes,mlp,nested,43,60.0,20,weighted_ce,stc,_comp_stc,,,,,1.0,inf,0.6702832746643459,0.7026098455899831,44.0,0.03232657092563718,0.6829599220102568,0.687471606810614,0.7026098455899831,44.0,0.21953623152010804,0.25265633229441664,54.0,0.0331201007743086,0.2330280718905577,0.23688023618311355,0.25265633229441664,54.0,0.27703810037624493,0.30331186690851636,29.0,0.026273766532271425,0.2767606800642859,0.2885230735368975,0.2965203369286161,13.0,0.2946499804582748,0.3338954043535401,44.0,0.03924542389526531,0.3113600294076413,0.3138257367894782,0.3237205722909906,9.0,0.31119835592236467,0.3904524823892856,2.0,0.07925412646692093,0.3497727922962256,0.3361660015512449,0.3904524823892856,2.0,0.5763106308564213,0.6623183987662584,12.0,0.08600776790983711,0.5985125601271423,0.575644148298578,0.6623183987662584,12.0,0.19490236373762526,0.21384080687237755,12.0,0.018938443134752292,0.19862372723695026,0.19456132004791313,0.21384080687237755,12.0,0.2662176533144275,0.26664159458443026,58.0,0.00042394127000278115,0.17143515394124406,0.2639908398710429,0.26664159458443026,58.0,3.00044,128.69632,0.08748850055025757,0.006093756397245101,0.05399069109624918,0.001750740866987031,0.04827694406369976,0.003259284835174992,0.43603539757726445,0.18370993088683463,,
diabetes_mlp_nested_R60_C20_s43_comp_topk_summary.json,diabetes,mlp,nested,43,60.0,20,weighted_ce,topk,_comp_topk,,,,,1.0,inf,0.6735420596831618,0.7047016019789316,44.0,0.031159542295769782,0.685768615434759,0.6896562338907961,0.704641978338003,29.0,0.21963939489687612,0.25688111530540175,54.0,0.037241720408525636,0.2339021178075684,0.239669017072312,0.2545649101247062,29.0,0.27949225807545836,0.3095764804085242,44.0,0.030084222333065846,0.28271368708800354,0.28947075968890545,0.3040899707891349,29.0,0.2953341809197739,0.3318094277716201,44.0,0.036475246851846166,0.3105645098218355,0.3134143635742479,0.3318094277716201,44.0,0.32573733426182566,0.388890319205246,1.0,0.06315298494342036,0.3448638525471566,0.33948245044039,0.388890319205246,1.0,0.6682493324068157,0.6694936481953964,52.0,0.001244315788580641,0.6652131931398941,0.6685836033682527,0.6670758331744154,21.0,0.22202912350564197,0.222632727339607,57.0,0.000603603833965044,0.22011747490342423,0.2224189822534189,0.22138296973914628,18.0,0.2792590513612125,0.28205969170219747,14.0,0.0028006403409849834,0.265820634657907,0.27952766338464297,0.28205969170219747,14.0,18.4230825,128.69632,0.04376041043509904,0.006670517408653987,0.021246468206989375,0.002660131075467906,0.019637557791132243,0.0038751975659721974,0.5035665259789311,0.4662871111831919,,
diabetes_mlp_nested_R60_C20_s43_dp0.5_summary.json,diabetes,mlp,nested,43,60.0,20,weighted_ce,none,_dp0.5,,,,,0.5,342.8612600716533,0.6826921624595401,0.7146803172477891,59.0,0.03198815478824901,0.6906878293438201,0.6985335923887199,0.7144166496239337,29.0,0.23160194241181245,0.2649225764552935,59.0,0.03332063404348104,0.2384444716891581,0.2484729230806079,0.2649225764552935,59.0,0.2810221982178739,0.3105417971599068,29.0,0.029519598942032932,0.2859905714142988,0.2923056216722494,0.3105417971599068,29.0,0.3047833481737633,0.335676856206929,14.0,0.030893508033165706,0.3145976334314035,0.3185415175151383,0.335676856206929,14.0,0.35158504365627063,0.3889674411448136,2.0,0.03738239748854294,0.34801710463934066,0.3451548015733733,0.3889674411448136,2.0,0.5316774641312825,0.5786180734493308,33.0,0.04694060931804833,0.49194938197045696,0.4967652746530341,0.5233233192054952,9.0,0.1347736332275281,0.17008805020228923,33.0,0.03531441697476112,0.12342529023507341,0.11595477771738079,0.14443332988191754,9.0,0.2063341750841751,0.2155364907744741,39.0,0.009202315690299001,0.18874169013005337,0.1990269569559227,0.18977356563191647,7.0,128.69632,128.69632,0.006906636869423721,0.0019415579695571384,0.004068390971110703,0.001045526798750787,0.004301529095400258,0.0012131000848742714,1.1639739866601304,1.452481214189902,,
diabetes_mlp_nested_R60_C20_s43_dp0_summary.json,diabetes,mlp,nested,43,60.0,20,weighted_ce,none,_dp0,,,,,1.0,inf,0.6965767163142347,0.754563379675911,59.0,0.05798666336167635,0.7069515603452776,0.725026474524921,0.754563379675911,59.0,0.2519336654670055,0.3231790714485752,59.0,0.0712454059815697,0.26044506168524767,0.28413610770638187,0.3231790714485752,59.0,0.2943842520310362,0.33358961351241256,59.0,0.03920536148137638,0.2990010741141483,0.31253765381198917,0.3278029568508918,38.0,0.3198261885744205,0.37085046442827324,59.0,0.05102427585385272,0.32902783589463963,0.3459496998402266,0.37085046442827324,59.0,0.32779157419451843,0.390276823446816,2.0,0.06248524925229759,0.3389832411650338,0.3323545205626599,0.390276823446816,2.0,0.5248883613322478,0.5809094276451069,11.0,0.05602106631285908,0.5272504797948223,0.5361279414597191,0.5809094276451069,11.0,0.1257245655401688,0.19801481544580235,11.0,0.07229024990563354,0.15725795508580878,0.13718463241591888,0.19801481544580235,11.0,0.20472512909564503,0.20654094055860586,12.0,0.0018158114629608368,0.20413196278013376,0.20509401248380077,0.20654094055860586,12.0,128.69632,128.69632,0.009826713658933036,0.004689539120131982,0.00653859375031614,0.002321572106245432,0.006856588351929717,0.002821548921267008,1.0289175364150045,1.3342583045596257,,
diabetes_mlp_nested_R60_C20_s43_dp1.0_summary.json,diabetes,mlp,nested,43,60.0,20,weighted_ce,none,_dp1.0,,,,,1.0,110.68837010237718,0.6642572973927126,0.6961736952778699,29.0,0.03191639788515732,0.6747725648878327,0.6773886914594105,0.6961736952778699,29.0,0.2185517778946842,0.24224426698280366,54.0,0.023692489088119467,0.22410987512149824,0.2312213145161409,0.2370473227260032,14.0,0.2678547394403486,0.2973639159478625,44.0,0.02950917650751389,0.27715019777033784,0.2812972766357206,0.2956295895786317,29.0,0.29025991239048154,0.3202255756002896,14.0,0.029965663209808036,0.3007920626431806,0.3029515037597247,0.3202255756002896,14.0,0.36648211185291274,0.39428811916811196,2.0,0.02780600731519922,0.35065412314469935,0.35161133045670107,0.39428811916811196,2.0,0.5973262941283273,0.6274541645079519,57.0,0.03012787037962461,0.5280377905656133,0.6147749363755347,0.5499200374033899,12.0,0.18346969830811136,0.19698262103130704,57.0,0.01351292272319568,0.1408783386562296,0.18549477891744434,0.14620040781061097,12.0,0.22332930040566507,0.2413626089764288,53.0,0.01803330857076374,0.1904473377507842,0.23384786596517274,0.17770396512352085,2.0,128.69632,128.69632,0.004009667353836812,0.0006820642116162948,0.0020597306687722117,0.0003288091989130027,0.0021210695092119323,0.0003881639078524385,1.2017404607089701,1.571844384423457,,
diabetes_mlp_nested_R60_C20_s43_dp2.0_summary.json,diabetes,mlp,nested,43,60.0,20,weighted_ce,none,_dp2.0,,,,,2.0,39.83175401905626,0.5793387511251447,0.669192331014805,24.0,0.08985357988966036,0.6287266380633324,0.5897622344792101,0.669192331014805,24.0,0.1596679619255829,0.21686658670792794,24.0,0.057198624782345026,0.1892384608669229,0.16355184324405017,0.21686658670792794,24.0,0.17330654322363176,0.27261192985959276,24.0,0.099305386635961,0.22299817469265465,0.16502637995469246,0.27019153688483105,9.0,0.23360221558599814,0.2920631189697618,24.0,0.05846090338376364,0.26303246952292286,0.23465546451104902,0.2897958863278397,9.0,0.36814999495019396,0.43077684834313384,2.0,0.06262685339293989,0.3633159156512936,0.3685233979450107,0.43077684834313384,2.0,0.5370609279395924,0.5748104568457234,39.0,0.037749528906131036,0.48364997482496314,0.5062278787676779,0.4732232724663171,4.0,0.14206722541528247,0.16694244978018752,39.0,0.024875224364905052,0.11620802555045105,0.12093313951066076,0.11372206828541745,11.0,0.19275077268895757,0.21502474134053082,35.0,0.022273968651573245,0.18274855071638277,0.17579878968459703,0.21502474134053082,35.0,128.69632,128.69632,0.002402887977960692,0.00016115020923725463,0.0010441795848796797,7.827928786920132e-05,0.0009862114012873372,9.161912770362711e-05,1.206090576510178,1.4370665673632175,,
diabetes_mlp_nested_R60_C20_s43_loss_cb_summary.json,diabetes,mlp,nested,43,60.0,20,cb,none,_loss_cb,,,,,1.0,inf,0.6981475213488826,0.7504735141506468,59.0,0.0523259928017642,0.7071170021697797,0.7244302558078717,0.7504735141506468,59.0,0.2715155882111932,0.3397351795627388,54.0,0.0682195913515456,0.26890981214893933,0.3021710489163239,0.3397351795627388,54.0,0.09767214460875108,0.1927983923030673,54.0,0.09512624769431623,0.09637768450333116,0.1390795603645446,0.1721081241871886,39.0,0.3227112069281464,0.368076933147682,59.0,0.04536572621953555,0.3283720133370084,0.3431828745413795,0.368076933147682,59.0,0.08263784801110881,0.26349760700611713,1.0,0.18085975899500834,0.08251009686567289,0.07897960068299571,0.26349760700611713,1.0,0.37275101902803087,0.492331017490974,52.0,0.11957999846294315,0.3561030995690066,0.4090151571776163,0.39143873390288103,17.0,0.08496961329968652,0.11006419171836715,52.0,0.025094578418680624,0.08357572581915809,0.09287362971894932,0.09124656780625305,17.0,0.18266685915018527,0.2037531087497174,1.0,0.02108624959953212,0.18418271647610468,0.18738169970680835,0.2037531087497174,1.0,128.69632,128.69632,0.009727391504953683,0.004851234419978817,0.0063941910256430316,0.003139390044717387,0.006740871387827242,0.0035349524624218183,0.971103386648853,1.5177213663700968,,
diabetes_mlp_nested_R60_C20_s43_loss_focal_summary.json,diabetes,mlp,nested,43,60.0,20,focal,none,_loss_focal,,,,,1.0,inf,0.6981455064995029,0.7446095137982978,59.0,0.04646400729879485,0.7039439981678671,0.7218146988578572,0.7446095137982978,59.0,0.2561394954825529,0.314641001525453,54.0,0.05850150604290011,0.25744099105689955,0.2834402321091603,0.314641001525453,54.0,0.2894223718566353,0.31584630390215995,29.0,0.02642393204552468,0.28887829291535916,0.2987749386368996,0.31584630390215995,29.0,0.31355614356471856,0.3614858002020802,54.0,0.04792965663736165,0.32324984318833055,0.3387847670157423,0.3614858002020802,54.0,0.371019981051058,0.3925870521829531,2.0,0.0215670711318951,0.3766453869660194,0.37306037405806547,0.3925870521829531,2.0,0.3917365825905271,0.5006910104612732,27.0,0.10895442787074605,0.4298527251142824,0.40826383781610626,0.45385821348314104,9.0,0.08698109707821229,0.12682322127535647,27.0,0.03984212419714418,0.09705647458862883,0.08988174451483705,0.11109881938768887,9.0,0.1780206021285072,0.19765891243147132,42.0,0.019638310302964118,0.18633760293319984,0.18371116489528966,0.19565537194135244,11.0,128.69632,128.69632,0.009088761106472552,0.004593927790140113,0.006501498758509104,0.0026411671584621664,0.00677223593130603,0.0030702814685409263,0.9688523259896707,1.3070360159035772,,
diabetes_mlp_nested_R60_C20_s43_loss_ldam_summary.json,diabetes,mlp,nested,43,60.0,20,ldam,none,_loss_ldam,,,,,1.0,inf,0.6842287811114363,0.7028822156852254,9.0,0.018653434573789096,0.6875770975203047,0.6909402666900214,0.7028822156852254,9.0,0.2303624855553857,0.2524923240775743,9.0,0.02212983852218864,0.233399442770132,0.23808805377123582,0.2524923240775743,9.0,0.28380579101043224,0.31114556596055454,58.0,0.027339774950122298,0.28979320066013187,0.29755958575330654,0.30542657186593364,13.0,0.30912626765622553,0.33988906488516635,59.0,0.03076279722894082,0.3178392436260295,0.32404129012422933,0.3383194043401058,19.0,0.3785278412749417,0.3934201557173983,12.0,0.014892314442456589,0.37962184433605745,0.3766565052732042,0.3934201557173983,12.0,0.3645818530209216,0.5689861433471667,7.0,0.20440429032624507,0.3659928859751628,0.378963042818378,0.5689861433471667,7.0,0.08614837287196327,0.18442631941376966,7.0,0.0982779465418064,0.08628967624366615,0.09023645089179248,0.18442631941376966,7.0,0.1844258350178073,0.20473796258549623,14.0,0.020312127567688937,0.1877953714802218,0.1713618550058754,0.20408903395439504,2.0,128.69632,128.69632,0.008945106766635175,0.004473634008251731,0.005759789790791638,0.0023435912048022263,0.00611223284213076,0.002938756459231718,0.7430594468440783,0.934439740027301,,
diabetes_mlp_nested_R60_C20_s43_loss_weighted_ce_summary.json,diabetes,mlp,nested,43,60.0,20,weighted_ce,none,_loss_weighted_ce,,,,,1.0,inf,0.6981169342309181,0.7554778685198914,59.0,0.057360934288973264,0.7095319097983099,0.7275488419015601,0.7554778685198914,59.0,0.2558420572860116,0.3339963763772192,54.0,0.07815431909120757,0.2654973582297482,0.2927424200002425,0.3339963763772192,54.0,0.29498294633036065,0.3332414960643887,59.0,0.038258549734028036,0.300509013556755,0.3126279766216793,0.3260215473997996,29.0,0.32765217541721037,0.37997383053000955,54.0,0.05232165511279918,0.33382403227274543,0.3513199209706276,0.37997383053000955,54.0,0.33231791704510555,0.38681319137958375,2.0,0.054495274334478205,0.33888651865296643,0.3321114977215324,0.38681319137958375,2.0,0.4677850554000567,0.554609842816109,9.0,0.08682478741605232,0.5010584619639589,0.49375897066184155,0.554609842816109,9.0,0.10675402238861187,0.18612778250450554,12.0,0.07937376011589367,0.1442501974279421,0.12344539877970703,0.18612778250450554,12.0,0.2044342857142857,0.20550356712684148,12.0,0.0010692814125557726,0.2034261996243382,0.20451218182045716,0.20550356712684148,12.0,128.69632,128.69632,0.009864983382772408,0.004665982455962673,0.006433088425049645,0.002656124810402449,0.006781015092053676,0.0030841714743279364,1.0063117083666535,1.435726873576641,,
diabetes_mlp_nested_R60_C20_s43_summary.json,diabetes,mlp,nested,43,60.0,20,weighted_ce,none,,,,,,1.0,inf,0.7003442031615098,0.7522298862723575,59.0,0.051885683110847736,0.7088851736322487,0.7261168314692101,0.7522298862723575,59.0,0.2521072059343969,0.31991844858873764,54.0,0.06781124265434074,0.26302570533351183,0.2857054241279546,0.31991844858873764,54.0,0.2940914808023562,0.3287216408020365,58.0,0.03463015999968028,0.29956844481294326,0.3104196694552394,0.32688727252277905,38.0,0.3211698309937845,0.37095631613363395,59.0,0.04978648513984946,0.3311764718963402,0.34664010418795377,0.37095631613363395,59.0,0.33365669039757856,0.38824466518684864,2.0,0.05458797478927008,0.33949247237056634,0.33294140935734173,0.38824466518684864,2.0,0.5834027150688645,0.5834027150688645,60.0,0.0,0.5369851507942958,0.5684905040055591,0.558103133301933,11.0,0.18935343688551864,0.19171100368285343,11.0,0.002357566797334787,0.1722583268406385,0.18306915207666313,0.19171100368285343,11.0,0.20405919274293308,0.20642867168857904,11.0,0.0023694789456459586,0.2034788300197502,0.20416016899209963,0.20642867168857904,11.0,128.69632,128.69632,0.009742615931310929,0.004862596100289692,0.006607554023755954,0.0024385141581223574,0.006919541936879009,0.002943589711366114,1.0374109012501624,1.3916629642480984,,
diabetes_mlp_nested_R60_C20_s43_tf_warm_summary.json,diabetes,mlp,nested,43,60.0,20,weighted_ce,none,_tf_warm,5.0,2.0,,,1.0,inf,0.7042758478213169,0.759848037059275,59.0,0.055572189237958036,0.7132013732440747,0.7331146725199104,0.759848037059275,59.0,0.2673364149454635,0.3370639732061459,59.0,0.06972755826068239,0.2703733841841757,0.2989844310656199,0.3370639732061459,59.0,0.29148007747928195,0.33010126341146473,44.0,0.03862118593218278,0.29917241549092655,0.3099404552584468,0.328613696364895,29.0,0.3181255369946082,0.3711036487140608,44.0,0.0529781117194526,0.33061867057985656,0.34436864774140813,0.3711036487140608,44.0,0.3347484232004111,0.3908057102175453,2.0,0.056057287017134194,0.3381698748277419,0.3345285418172834,0.3908057102175453,2.0,0.4894538925362336,0.5442494170403183,26.0,0.05479552450408465,0.4964808892263743,0.5024067752682833,0.5366090598307159,11.0,0.11434966901049708,0.18188225441980166,11.0,0.06753258540930458,0.13917597111146593,0.1261729100306213,0.18188225441980166,11.0,0.2025211248095304,0.205556831228473,11.0,0.003035706418942602,0.20311331665121238,0.2032140624147681,0.205556831228473,11.0,140.69248,140.69248,0.00803508548789301,0.003195472220445948,0.006422861614329703,0.00230922727151055,0.0061779420474670195,0.0025356129539863964,1.144376781344181,1.410788978682831,,
diabetes_mlp_nested_R60_C20_s44_architecture_mlp_nested_summary.json,diabetes,mlp,nested,44,60.0,20,weighted_ce,none,_architecture_mlp_nested,,,,,1.0,inf,0.6909993796290951,0.7433436462090599,59.0,0.05234426657996483,0.6990485035597674,0.7180674745549229,0.7433436462090599,59.0,0.2726463851542757,0.33484562363999554,54.0,0.06219923848571984,0.27842156744525987,0.3037963852665494,0.33484562363999554,54.0,0.28649249044453307,0.3295260777970324,54.0,0.04303358735249935,0.29327663681515526,0.30584270882941095,0.3295260777970324,54.0,0.319869699043151,0.3708791859874183,59.0,0.051009486944267324,0.3265576898901697,0.34447082020254605,0.3708791859874183,59.0,0.3444614795376076,0.3861615471825646,1.0,0.04170006764495704,0.33655155164021894,0.331745044345252,0.3861615471825646,1.0,0.5688746916662454,0.6158580444169272,29.0,0.04698335275068177,0.5748036562978245,0.5770985908521826,0.6002065062481963,16.0,0.13656164866752835,0.1502525791157611,27.0,0.013690930448232747,0.13777904789607595,0.13855623291273916,0.14741764808365304,16.0,0.06009783368273934,0.18967391304347825,1.0,0.1295760793607389,0.04773108760910662,0.020874973676547937,0.18967391304347825,1.0,128.69632,128.69632,0.009703051732159443,0.00423495017923415,0.006362056003501588,0.002869430294770516,0.006701345659659509,0.0031780741254085272,1.0138270501445126,1.4793302648467943,,
diabetes_mlp_nested_R60_C20_s44_comp_none_summary.json,diabetes,mlp,nested,44,60.0,20,weighted_ce,none,_comp_none,,,,,1.0,inf,0.6907097719915294,0.7471652929009406,59.0,0.056455520909411194,0.7011650113574862,0.7221539354956923,0.7471652929009406,59.0,0.2669655503653443,0.3335270421301214,49.0,0.0665614917647771,0.2762686034636532,0.2999890543238775,0.3335270421301214,49.0,0.2875576615797229,0.3320466095178999,54.0,0.04448894793817698,0.29567463700086577,0.30667512995650303,0.3167552334171202,23.0,0.31400672794071444,0.3673158348274608,49.0,0.05330910688674634,0.32565824339001925,0.3399990129017348,0.35750004403458385,34.0,0.3354194266964331,0.38867226677343164,1.0,0.05325284007699854,0.3374130256861816,0.33429496095407024,0.38867226677343164,1.0,0.6458149536154695,0.6560897042842172,48.0,0.010274750668747723,0.6345605057342041,0.6452322135491009,0.6416427126914965,1.0,0.17752471189645735,0.20799813242492035,48.0,0.030473420528462997,0.1695641873447397,0.1804988320875231,0.17494287841629816,1.0,0.2721311475409836,0.2795023249968581,27.0,0.007371177455874511,0.24598180780958404,0.27092328623460726,0.2644040239813027,1.0,128.69632,128.69632,0.009696888465114132,0.004554855362445062,0.006248955243698546,0.00261620134471773,0.006590161884142815,0.0030455451484170306,0.9816826195921748,1.4042732781963423,,
diabetes_mlp_nested_R60_C20_s44_comp_quant4_summary.json,diabetes,mlp,nested,44,60.0,20,weighted_ce,quant4,_comp_quant4,,,,,1.0,inf,0.6878289285290062,0.7422450919197147,54.0,0.05441616339070843,0.700994184029666,0.7177150997838433,0.7422450919197147,54.0,0.2584412074468002,0.3215367489275844,49.0,0.06309554148078417,0.2728441943757522,0.28952320664567327,0.3215367489275844,49.0,0.2894783176803068,0.3300039167576969,59.0,0.04052559907739012,0.2963376913054168,0.3059858230129707,0.3258616318260384,39.0,0.30855891212011294,0.3597744617356881,49.0,0.05121554961557517,0.3240607946102098,0.33585328427969585,0.3597744617356881,49.0,0.34335650375243637,0.3881848490234437,1.0,0.04482834527100732,0.33761240246965596,0.33430252935621035,0.3881848490234437,1.0,0.5970181674397045,0.6399048771637075,27.0,0.04288670972400299,0.5977986730611311,0.5916232936698708,0.6392777308623496,1.0,0.14596930450023518,0.17300711932272297,1.0,0.027037814822487793,0.1446492972072941,0.14106348383274736,0.17300711932272297,1.0,0.23255813953488372,0.26396450897358337,1.0,0.03140636943869965,0.20708335602060998,0.2167562958201008,0.26396450897358337,1.0,16.12576,128.69632,0.029779811223123294,0.04487102537617538,0.016957460660148815,0.009238877594610131,0.018637017578271294,0.015676496282629702,3.520572348765563,9.021859614178538,,
diabetes_mlp_nested_R60_C20_s44_comp_quant8_summary.json,diabetes,mlp,nested,44,60.0,20,weighted_ce,quant8,_comp_quant8,,,,,1.0,inf,0.6885108463976929,0.7456058631050818,59.0,0.057095016707388924,0.6999683122464824,0.7194007475161546,0.7456058631050818,59.0,0.2621535106672404,0.3341157295990005,59.0,0.07196221893176008,0.2729850667575061,0.297023947639914,0.3341157295990005,59.0,0.2876894366044362,0.3316228220073285,54.0,0.04393338540289232,0.2945578165042818,0.3048664401682692,0.3182457624661019,19.0,0.31263055215453306,0.36094128154004407,59.0,0.04831072938551101,0.3227432341053058,0.33655751105930376,0.36094128154004407,59.0,0.3353966687988581,0.3896078988088915,1.0,0.05421123001003342,0.3381693713273464,0.33496434810366926,0.3896078988088915,1.0,0.6531567091703211,0.6531567091703211,60.0,0.0,0.6195250247529569,0.6464780854696975,0.6413489551251182,1.0,0.2117355858124549,0.2117355858124549,60.0,0.0,0.16689806862364312,0.19471190286990483,0.17457636000494917,1.0,0.27011852776044915,0.2734816596512327,48.0,0.003363131890783577,0.23303310301412017,0.2675174271543729,0.2642544974082732,1.0,32.2128,128.69632,0.009983377602753906,0.004726222813490034,0.006511334255130429,0.002696244311312081,0.006859662960250629,0.003147625707199593,1.0284581957093906,1.4434751429362223,,
diabetes_mlp_nested_R60_C20_s44_comp_stc_summary.json,diabetes,mlp,nested,44,60.0,20,weighted_ce,stc,_comp_stc,,,,,1.0,inf,0.6523022973490198,0.6912551288401995,49.0,0.038952831491179674,0.6709005320004622,0.6747016283779482,0.6891864869925604,19.0,0.22015498109143028,0.26105963996908554,54.0,0.040904658877655264,0.23856321824180687,0.2429186048635404,0.26102884405905313,39.0,0.25865137559940676,0.29624445448165815,44.0,0.037593078882251385,0.2693883855618871,0.2805630120627808,0.29624445448165815,44.0,0.2788912703695581,0.3172560229131241,49.0,0.03836475254356603,0.29665558714724927,0.2999547635151274,0.3164040371664711,19.0,0.307246645278279,0.39661352879827716,1.0,0.08936688351999816,0.3474764735263919,0.3335508232088839,0.39661352879827716,1.0,0.6593279522622872,0.6614094294271291,10.0,0.0020814771648418606,0.6595139037634751,0.6593534803570208,0.6614094294271291,10.0,0.20790993733684193,0.2129894216333648,10.0,0.005079484296522857,0.2079545604016157,0.20790746234706878,0.2129894216333648,10.0,0.2707219900884268,0.27082934303773226,58.0,0.00010735294930547257,0.23516804222845183,0.2700726123032313,0.2045002711006687,1.0,3.00044,128.69632,0.08739145783015129,0.010073054005543206,0.05412816561832804,0.0008099851097082264,0.04813275769975063,0.003784782680521647,0.44537957180373267,0.23047071256951313,,
diabetes_mlp_nested_R60_C20_s44_comp_topk_summary.json,diabetes,mlp,nested,44,60.0,20,weighted_ce,topk,_comp_topk,,,,,1.0,inf,0.6588881688058795,0.6983622557547404,49.0,0.0394740869488609,0.6758658236167945,0.680025200979449,0.6983622557547404,49.0,0.2296192767630149,0.2761796478415295,59.0,0.04656037107851457,0.24721434608068352,0.2545094741747446,0.2761796478415295,59.0,0.27133379207248476,0.30235015769792195,24.0,0.031016365625437192,0.2792494467981719,0.2856542196805112,0.30235015769792195,24.0,0.2885501711732477,0.32798700056049107,44.0,0.039436829387243355,0.30399460544739226,0.3076910329498174,0.32798700056049107,44.0,0.32292867318208507,0.39568040615213274,1.0,0.07275173297004767,0.3439338730468383,0.3354698220277038,0.39568040615213274,1.0,0.6635236606610178,0.6653214072714235,34.0,0.0017977466104057704,0.662951959301559,0.6635328506245284,0.6653214072714235,34.0,0.2176072127482126,0.21942636258420228,45.0,0.0018191498359896863,0.21374156214997111,0.21569607628300974,0.21784478298573018,11.0,0.2772017898068318,0.2812281926029309,32.0,0.0040264027960991156,0.26926682769901517,0.2780172903629761,0.2812281926029309,32.0,18.4230825,128.69632,0.041950076956977785,0.005932836675705245,0.02064664954259893,0.0035620006304396892,0.018736254817972985,0.0042762193303465465,0.4842594481112125,0.5210629317734856,,
diabetes_mlp_nested_R60_C20_s44_dp0.5_summary.json,diabetes,mlp,nested,44,60.0,20,weighted_ce,none,_dp0.5,,,,,0.5,342.8612600716533,0.6652415748555132,0.7026124599082229,49.0,0.03737088505270969,0.6795798582094058,0.6857039563145444,0.7017149262258764,19.0,0.23489043950731897,0.28086609041278116,59.0,0.045975650905462184,0.25198043759445427,0.25961909019881413,0.28029139735851527,29.0,0.2698439616501137,0.30458313532484765,59.0,0.03473917367473395,0.28137693311582257,0.28751075980646834,0.3028609944627023,24.0,0.2918097543485931,0.33069112027032954,49.0,0.038881365921736466,0.3068230840093072,0.312163634096104,0.32926711344262727,24.0,0.34695697928660696,0.3954616744262376,1.0,0.04850469513963063,0.34162251650918896,0.3412570609427288,0.3954616744262376,1.0,0.5027471628324995,0.6518389539901459,7.0,0.14909179115764637,0.593765751967248,0.5014237051814529,0.6518389539901459,7.0,0.13180906092438344,0.20765776293467478,17.0,0.07584870201029134,0.1722357396648258,0.1294807337967006,0.20564329698060502,5.0,0.19847815676049593,0.27031609543417706,5.0,0.07183793867368113,0.23172121420307543,0.1981112873881214,0.27031609543417706,5.0,128.69632,128.69632,0.006995546972808844,0.0020911014894606497,0.004005949580869499,0.0011062004663760085,0.004241128079438536,0.0012910412159039418,1.161336076069468,1.5288026663474739,,
diabetes_mlp_nested_R60_C20_s44_dp0_summary.json,diabetes,mlp,nested,44,60.0,20,weighted_ce,none,_dp0,,,,,1.0,inf,0.6873746321175173,0.7453081612949297,59.0,0.05793352917741246,0.6987418985486034,0.7193809975027325,0.7453081612949297,59.0,0.2623551100556313,0.3300680371545724,59.0,0.06771292709894111,0.27259237031082495,0.2951436033419615,0.3300680371545724,59.0,0.28864475228805436,0.328969613168438,59.0,0.04032486088038362,0.2930773000746534,0.30581522643150705,0.328969613168438,59.0,0.31208803314850436,0.3589847694082797,59.0,0.04689673625977536,0.32047669385352934,0.33257682686992374,0.3529681826098661,39.0,0.33521884604365104,0.38867124329395253,1.0,0.05345239725030149,0.3366102122202796,0.33227534460873104,0.38867124329395253,1.0,0.6243293008263713,0.6415694364427745,1.0,0.01724013561640325,0.6045637762886542,0.6061844413503631,0.6415694364427745,1.0,0.15462645682816328,0.17494042367680684,1.0,0.02031396684864356,0.1459463897898507,0.14594938991763812,0.17494042367680684,1.0,0.2589706786959196,0.2644245292518377,1.0,0.005453850555918072,0.20796760254307625,0.212300324787913,0.2644245292518377,1.0,128.69632,128.69632,0.009776733838973078,0.004651851465528476,0.006412147064443807,0.002619492104225094,0.00673891498976113,0.0030656539624752226,1.0122054056691316,1.4015122458804399,,
diabetes_mlp_nested_R60_C20_s44_dp1.0_summary.json,diabetes,mlp,nested,44,60.0,20,weighted_ce,none,_dp1.0,,,,,1.0,110.68837010237718,0.6502128353305623,0.6851782134602664,24.0,0.03496537812970413,0.6633841908651579,0.6644307763651514,0.6851782134602664,24.0,0.2217583382378109,0.25450263951555824,24.0,0.03274430127774733,0.23310696912144163,0.23495666744852892,0.25450263951555824,24.0,0.2613352023434991,0.2888718410328564,23.0,0.027536638689357296,0.26999913201900755,0.27178200119339785,0.2888718410328564,23.0,0.2790911702971232,0.30851965903354994,34.0,0.029428488736426728,0.2909680440033011,0.29162240360611624,0.30851965903354994,34.0,0.3495001859566607,0.3925696759956379,1.0,0.0430694900389772,0.3464594036414391,0.34676494213444353,0.3925696759956379,1.0,0.6035054810232462,0.6479262106292952,19.0,0.044420729606049036,0.6042345851361248,0.5952063428543346,0.627174110942876,5.0,0.18892028236363914,0.2069859179006554,19.0,0.01806563553701626,0.1810036343689046,0.18329261428018356,0.19241498122236442,5.0,0.2266153846153846,0.26627218934911245,18.0,0.039656804733727846,0.23125264512100158,0.2248682156002236,0.24676589233551258,5.0,128.69632,128.69632,0.004096481884411641,0.0007440962892503298,0.002054455579782228,0.00035418218487943704,0.0021226089832077633,0.00041992393240127815,1.207683129661018,1.6807799448724836,,
diabetes_mlp_nested_R60_C20_s44_dp2.0_summary.json,diabetes,mlp,nested,44,60.0,20,weighted_ce,none,_dp2.0,,,,,2.0,39.83175401905626,0.5937575972978427,0.6599683532365336,19.0,0.06621075593869086,0.6203004767917991,0.598280560702753,0.6599683532365336,19.0,0.18674895379398837,0.2214572990827687,4.0,0.034708345288780335,0.19905123866285362,0.18915053816199395,0.2214572990827687,4.0,0.21083185942833632,0.270743536064994,19.0,0.059911676636657696,0.2349368561825657,0.21290401080133506,0.270743536064994,19.0,0.2543963492109706,0.28859063461004647,19.0,0.034194285399075874,0.26668740013958303,0.2585450116954206,0.28859063461004647,19.0,0.3594981018949839,0.3752263736980007,1.0,0.015728271803016836,0.3565783323711901,0.36306583963458855,0.3752263736980007,1.0,0.5946961925816778,0.602933916243654,59.0,0.00823772366197617,0.5659187327289216,0.5905475157632407,0.5686617149207308,5.0,0.17822659761204868,0.18347110180143145,25.0,0.00524450418938277,0.15723266727166135,0.17499213187954316,0.1506064020475683,5.0,0.21221967719597293,0.23133290047305444,24.0,0.01911322327708151,0.21005695586634632,0.21356086471565675,0.23133290047305444,24.0,128.69632,128.69632,0.0024694183010167885,0.00018850878531579337,0.0010639075998167763,9.261837927413822e-05,0.001008266781209004,0.00010824133865704144,1.2264874198609808,1.6699231243692338,,
diabetes_mlp_nested_R60_C20_s44_loss_cb_summary.json,diabetes,mlp,nested,44,60.0,20,cb,none,_loss_cb,,,,,1.0,inf,0.6858903918261732,0.7421477531732689,59.0,0.05625736134709569,0.6992404680718178,0.7158742409078074,0.7421477531732689,59.0,0.273047466496046,0.3450443312843878,59.0,0.07199686478834177,0.2830007683115515,0.30873367282622866,0.3450443312843878,59.0,0.13248544605911072,0.18509971728568778,49.0,0.05261427122657705,0.10988303401697434,0.1377963962072342,0.18509971728568778,49.0,0.3179820036754198,0.3700716760182512,49.0,0.052089672342831406,0.3255691760865561,0.3413866189259751,0.3700716760182512,49.0,0.08472424287364816,0.2531591985035813,1.0,0.16843495562993316,0.08213484076037769,0.07925357426569515,0.2531591985035813,1.0,0.6250793439086392,0.6595434765465054,11.0,0.034464132637866185,0.6487209807942019,0.6298381675411041,0.6595434765465054,11.0,0.16388719584949998,0.21057293352775117,5.0,0.04668573767825118,0.18780646841897344,0.1649565509152749,0.21057293352775117,5.0,0.12328366929593923,0.13167773606699393,53.0,0.008394066771054698,0.06010374290528528,0.11552127200536562,0.10025801695539993,10.0,128.69632,128.69632,0.009658054716488344,0.004816207518277951,0.006204985131216666,0.0030887057439222426,0.0065494860416536555,0.0035101375311313533,0.9204101379019751,1.4419492210727185,,
diabetes_mlp_nested_R60_C20_s44_loss_focal_summary.json,diabetes,mlp,nested,44,60.0,20,focal,none,_loss_focal,,,,,1.0,inf,0.6889241614861652,0.7406273676539997,54.0,0.051703206167834526,0.698417107621506,0.7173426016560938,0.7406273676539997,54.0,0.2701952123169263,0.32942838923943085,59.0,0.05923317692250457,0.2766270226612641,0.30059182917256827,0.32942838923943085,59.0,0.27803867732804044,0.3285026878146603,59.0,0.05046401048661986,0.28797649954586924,0.2986633089994222,0.3104600984269511,19.0,0.31627660011586867,0.36521652550915495,49.0,0.04893992539328629,0.32391607042671766,0.33831948276325724,0.36521652550915495,49.0,0.3761580733160834,0.3926164336162503,1.0,0.016458360300166897,0.3748876908895239,0.3722030406604853,0.3926164336162503,1.0,0.5311875837330794,0.6035227365193915,27.0,0.07233515278631208,0.5636112328268493,0.5410565278006247,0.580446541117601,3.0,0.11705139594887033,0.14540635414306402,1.0,0.02835495819419369,0.13006889303182712,0.12129728590390935,0.14540635414306402,1.0,0.17928286852589642,0.23981620570822657,26.0,0.060533337182330144,0.21001829432914834,0.18897787332947086,0.22622705755335937,3.0,128.69632,128.69632,0.009397752135922047,0.004744884099373638,0.006322189997157262,0.0025596755898358095,0.006643044978615236,0.0030668080854771066,0.9438980167081658,1.289778905105777,,
diabetes_mlp_nested_R60_C20_s44_loss_ldam_summary.json,diabetes,mlp,nested,44,60.0,20,ldam,none,_loss_ldam,,,,,1.0,inf,0.663045901554185,0.6879389407274278,59.0,0.024893039173242815,0.6712449632074754,0.6764402240608616,0.6856961302217199,9.0,0.23303626443486872,0.2551965403820014,59.0,0.022160275947132685,0.23780603962034538,0.24327974341851616,0.2527858351869519,14.0,0.26393201009917994,0.30432639824614044,39.0,0.0403943881469605,0.282213845503505,0.286019991380879,0.30224864209452323,9.0,0.30226785413891766,0.33208983341554743,59.0,0.029821979276629773,0.3092422573160849,0.31527907084186024,0.3254019513936566,14.0,0.38477466591957193,0.3943315836367909,1.0,0.009556917717218949,0.3764815006976162,0.3766338152222414,0.3943315836367909,1.0,0.6208982430717364,0.6648628377553167,19.0,0.04396459468358038,0.6422271829089451,0.6380315100669944,0.6648628377553167,19.0,0.19018273664736984,0.21851257449504718,36.0,0.02832983784767734,0.2003908736572673,0.201501259071871,0.2168412318217099,17.0,0.2704212761202369,0.2838983050847458,21.0,0.013477028964508864,0.24734707917563487,0.2762833818540506,0.2838983050847458,21.0,128.69632,128.69632,0.008982058273960475,0.004811653648258437,0.005661886662774119,0.002627262415131478,0.006013392062266096,0.0031950548382356776,0.7517767911194824,1.0341463253716938,,
diabetes_mlp_nested_R60_C20_s44_loss_weighted_ce_summary.json,diabetes,mlp,nested,44,60.0,20,weighted_ce,none,_loss_weighted_ce,,,,,1.0,inf,0.6887172586127477,0.7468540137645738,59.0,0.05813675515182615,0.6988827370829697,0.7198809090289631,0.7468540137645738,59.0,0.26397468885832454,0.32676052559360197,59.0,0.06278583673527743,0.27378072819349086,0.2965179129409088,0.32676052559360197,59.0,0.2895339624620583,0.3287355314117585,59.0,0.03920156894970017,0.295616700425466,0.3088507941429198,0.3276257455447525,39.0,0.3144921899606706,0.3588840852703136,59.0,0.04439189530964305,0.3221738752596833,0.33769031069384164,0.3588840852703136,59.0,0.33918330760949406,0.3884921937758795,1.0,0.04930888616638546,0.3365078488812096,0.33183157418145465,0.3884921937758795,1.0,0.6478926784942405,0.6532380672659649,48.0,0.005345388771724413,0.6195212352368458,0.6438089024204329,0.641400006294805,1.0,0.19501416750189873,0.20317994330456807,48.0,0.008165775802669334,0.1620031544387444,0.1823818649968388,0.1745901541126617,1.0,0.27411986025262025,0.27411986025262025,60.0,0.0,0.2332543925136811,0.2673187167687849,0.26392961876832843,1.0,128.69632,128.69632,0.009661956316315471,0.004589626293859707,0.0064900425863916806,0.00275252667044102,0.006792160156690602,0.0031399145683654417,1.0388213155170283,1.4880223681684583,,
diabetes_mlp_nested_R60_C20_s44_summary.json,diabetes,mlp,nested,44,60.0,20,weighted_ce,none,,,,,,1.0,inf,0.6918688959052112,0.7459785682858731,54.0,0.05410967238066189,0.6996537004214821,0.720471899575813,0.7459785682858731,54.0,0.2644940047408287,0.33301127484693055,54.0,0.06851727010610187,0.2746663054564808,0.2983061366578798,0.33301127484693055,54.0,0.28936039643181044,0.33194244391925265,59.0,0.04258204748744221,0.29494850075157986,0.3079274791050445,0.33194244391925265,59.0,0.3150168352462472,0.36164276009884666,59.0,0.046625924852599476,0.323305534020405,0.33815960696234393,0.36164276009884666,59.0,0.3336974318747531,0.38901992045110756,1.0,0.05532248857635447,0.3378708694417299,0.33302213539426573,0.38901992045110756,1.0,0.6520765904083335,0.6609304043046828,27.0,0.008853813896349205,0.6378688643617942,0.6488467744068891,0.6411229394992437,1.0,0.21036254567669632,0.222163047479295,48.0,0.011800501802598673,0.1835360560868551,0.20641421710585545,0.17442387569781537,1.0,0.26542491268917345,0.2775050879923381,29.0,0.01208017530316463,0.2545947409367917,0.26376525264377887,0.2640973630831643,1.0,128.69632,128.69632,0.009646287518812554,0.004700159077820968,0.006348689285598241,0.002746178322934883,0.0066675779349624755,0.0031791935608686123,1.0024826223845593,1.4480537853669375,,
diabetes_mlp_nested_R60_C20_s44_tf_warm_summary.json,diabetes,mlp,nested,44,60.0,20,weighted_ce,none,_tf_warm,5.0,2.0,,,1.0,inf,0.6991054219542442,0.759509198807439,59.0,0.06040377685319476,0.7099185891692211,0.7321551378513811,0.759509198807439,59.0,0.27579947675984334,0.3464885218392072,49.0,0.07068904507936385,0.28391727291689345,0.3108262481663733,0.3464885218392072,49.0,0.2961272636310962,0.3431653575223078,59.0,0.04703809389121161,0.30141641922661483,0.3161911975333801,0.3431653575223078,59.0,0.32687536137513085,0.37591652989261154,49.0,0.04904116851748069,0.3322196849289247,0.3499270022391379,0.37591652989261154,49.0,0.32726852789776334,0.38895978705666145,1.0,0.061691259158898115,0.33308137537166815,0.32646094365766715,0.38895978705666145,1.0,0.6324231952219318,0.6414446823430068,27.0,0.009021487121074978,0.619842179098848,0.6295140566157974,0.640941010097339,1.0,0.1702140884751281,0.17839240753127833,48.0,0.00817831905615024,0.15694571178245373,0.1662612962446534,0.17421904325696236,1.0,0.2708985248100134,0.2719389524800555,48.0,0.0010404276700420878,0.2448340459715745,0.2662580666290362,0.2641471301535974,1.0,140.69248,140.69248,0.007875593574995924,0.0030940230815973534,0.006438176379224317,0.0026555640942595034,0.0061834830395463645,0.002770868441779741,1.1529552853860272,1.5312830936163664,,
diabetes_mlp_nested_R60_C20_s45_comp_none_summary.json,diabetes,mlp,nested,45,60.0,20,weighted_ce,none,_comp_none,,,,,1.0,inf,0.6861382166588083,0.7411255971485414,59.0,0.05498738048973317,0.6957298509774809,0.7143735430684096,0.7411255971485414,59.0,0.2555466748763935,0.31673631653503626,59.0,0.06118964165864277,0.26369496729644004,0.2839153415833815,0.31673631653503626,59.0,0.288382318205782,0.32518700697549935,44.0,0.036804688769717375,0.2957542549713087,0.305275531797957,0.32518700697549935,44.0,0.31259489519041544,0.36420182569837906,59.0,0.05160693050796361,0.32394060041813266,0.3403095996774165,0.36420182569837906,59.0,0.3314789064528767,0.3810825485902584,2.0,0.04960364213738172,0.3372327799111903,0.3347596891044507,0.3810825485902584,2.0,0.40490271439119424,0.4437948081311814,1.0,0.038892093739987144,0.39209800512743825,0.3822570668347155,0.4437948081311814,1.0,0.08833781786488393,0.10745438577519228,1.0,0.019116567910308357,0.08698509889220399,0.08548130657907337,0.10745438577519228,1.0,0.11674748228273032,0.13246489595669092,33.0,0.015717413673960595,0.11174049556243128,0.10315659834437418,0.13246489595669092,33.0,128.69632,128.69632,0.00969782151626547,0.004509048913068985,0.006682290398291145,0.0028856996804415527,0.006960441827513995,0.0032591242487420937,1.0527137845211352,1.5564201184315607,,
diabetes_mlp_nested_R60_C20_s45_comp_quant4_summary.json,diabetes,mlp,nested,45,60.0,20,weighted_ce,quant4,_comp_quant4,,,,,1.0,inf,0.6870926884897669,0.7438363582167594,59.0,0.05674366972699252,0.698274050706615,0.7149516043309585,0.7438363582167594,59.0,0.2550560941992157,0.32375060724634824,59.0,0.06869451304713253,0.2667686982537658,0.28721405628638763,0.32375060724634824,59.0,0.2823454476646763,0.3235577284269445,44.0,0.04121228076226824,0.2944238942998813,0.30114138875216884,0.315911584476569,29.0,0.3108513842899778,0.37101074133410444,59.0,0.06015935704412667,0.3245822450879897,0.33846800406668937,0.37101074133410444,59.0,0.35248513741851256,0.37983326400654194,2.0,0.027348126588029376,0.33997811393267185,0.3427116158658038,0.37983326400654194,2.0,0.5074922736790459,0.5285956325197256,46.0,0.02110335884067971,0.46187024111194697,0.4860178852778315,0.47566589775339213,6.0,0.11105982252816025,0.12403505798127946,47.0,0.01297523545311921,0.10208859719405904,0.10518735919756597,0.11680107053100872,6.0,0.13585580217488455,0.1870720668446095,45.0,0.051216264669724954,0.14459408029366713,0.12663176363338752,0.15251331107300786,10.0,16.12576,128.69632,0.030753576256078337,0.012782496274922148,0.01739751303138186,0.008397613169674174,0.01951346240260798,0.009444573833360857,3.5008130093415577,5.739432306494564,,
diabetes_mlp_nested_R60_C20_s45_comp_quant8_summary.json,diabetes,mlp,nested,45,60.0,20,weighted_ce,quant8,_comp_quant8,,,,,1.0,inf,0.687664312198224,0.7459338378396118,59.0,0.058269525641387765,0.6982957294350105,0.7174258469329008,0.7459338378396118,59.0,0.2565662513076499,0.32399320419694416,59.0,0.06742695288929429,0.26830190295762796,0.2899710491420905,0.32399320419694416,59.0,0.28793378539005865,0.323227582828257,59.0,0.03529379743819833,0.2946075759445801,0.3044113906230647,0.31878286145663903,29.0,0.31745736485211307,0.36741925596531577,49.0,0.049961891113202705,0.3255477936930212,0.34131173483240984,0.36741925596531577,49.0,0.32994481853149066,0.38254195843349087,2.0,0.05259713990200021,0.337813002347855,0.33294947970272293,0.38254195843349087,2.0,0.5158834520369241,0.5384717498538867,52.0,0.022588297816962588,0.4661189768006987,0.5146087653201825,0.4661618465644797,6.0,0.1133556757962256,0.12460391728114106,52.0,0.011248241484915461,0.10327460584767888,0.11268340806750418,0.11507994744741885,6.0,0.17014554891120387,0.19159335288367546,46.0,0.02144780397247159,0.15819175961164994,0.17541704283966844,0.19159335288367546,46.0,32.2128,128.69632,0.009847044622813866,0.004423179890434097,0.006688686909147386,0.002724272620846757,0.006989693220207687,0.0031253384643573513,1.0479390581216042,1.4815399741055444,,
diabetes_mlp_nested_R60_C20_s45_comp_stc_summary.json,diabetes,mlp,nested,45,60.0,20,weighted_ce,stc,_comp_stc,,,,,1.0,inf,0.6551843731901734,0.6919468219502981,49.0,0.03676244876012469,0.6706295109030439,0.6750976447787113,0.6919468219502981,49.0,0.2196129302189624,0.25460247543756903,54.0,0.034989545218606644,0.23271452125550338,0.23812325090742661,0.25460247543756903,54.0,0.27065950669486966,0.2971213181963131,49.0,0.026461811501443444,0.2701656987708253,0.28420677431379054,0.2916820156112208,18.0,0.2870761168010992,0.3242153469376213,49.0,0.037139230136522094,0.30174330168252506,0.30553427226512875,0.3242153469376213,49.0,0.3171937190549526,0.37647292087144096,2.0,0.05927920181648838,0.3479701793011068,0.33858983654289715,0.37647292087144096,2.0,0.3417018557476665,0.3849249158772602,2.0,0.043223060129593704,0.34338467908048387,0.341768854760627,0.3849249158772602,2.0,0.08067973806778561,0.08591010585736411,2.0,0.0052303677895784995,0.08087977764087113,0.08069014189018876,0.08591010585736411,2.0,0.10833047651696949,0.10833047651696949,60.0,0.0,0.04111213654694013,0.10072678272358113,0.0,1.0,3.00044,128.69632,0.08413339183080512,0.007323452274651296,0.05127552233334466,0.0005784816924651574,0.04537678945057539,0.003063195752810239,0.4348116926685028,0.18830888438697002,,
diabetes_mlp_nested_R60_C20_s45_comp_topk_summary.json,diabetes,mlp,nested,45,60.0,20,weighted_ce,topk,_comp_topk,,,,,1.0,inf,0.6597664792104811,0.6954101792307631,54.0,0.03564370002028194,0.6748119108105632,0.6795109463872557,0.6933296897952267,19.0,0.22628743427050493,0.2651937041042838,44.0,0.038906269833778845,0.2391264306121714,0.24735386355887043,0.2651937041042838,44.0,0.2734028431807692,0.29765528882319886,19.0,0.024252445642429676,0.27622323761544665,0.2843385587472681,0.29765528882319886,19.0,0.2905560421807893,0.3314989047801058,54.0,0.04094286259931651,0.3040343751146118,0.3098572023826577,0.3314989047801058,54.0,0.33216992956454305,0.3784401450500763,2.0,0.04627021548553323,0.3444745093171031,0.340483955982123,0.3784401450500763,2.0,0.35744322289196695,0.411939555917069,1.0,0.05449633302510204,0.358268954436739,0.35472274019387096,0.411939555917069,1.0,0.08222139663937786,0.09253933564193059,1.0,0.010317939002552734,0.08238428637938247,0.08192306549359012,0.09253933564193059,1.0,0.10333692142088267,0.10667596304688862,48.0,0.0033390416260059425,0.08155754869913581,0.10371282489241149,0.10588842975206611,32.0,18.4230825,128.69632,0.04200495999936071,0.005784533746387166,0.020683571733589628,0.00276560692288627,0.01882299167657243,0.0037222023571164406,0.49281246558142205,0.4845112575858366,,
diabetes_mlp_nested_R60_C20_s45_dp0.5_summary.json,diabetes,mlp,nested,45,60.0,20,weighted_ce,none,_dp0.5,,,,,0.5,342.8612600716533,0.6654181844091995,0.7055245137915959,54.0,0.04010632938239633,0.679555299175767,0.6864399053425948,0.7007706705777533,19.0,0.22891937173770266,0.2713336088566161,54.0,0.042414237118913456,0.24040181561783217,0.2506516478744022,0.2713336088566161,54.0,0.2715990320160522,0.30323212512322395,19.0,0.03163309310717177,0.2806098382778267,0.28802312981412587,0.30323212512322395,19.0,0.29271460085426576,0.32830022483290583,54.0,0.03558562397864007,0.30586545005736515,0.31055922582970513,0.3258441818817416,34.0,0.3344422945095129,0.3779219234586136,2.0,0.04347962894910068,0.34230195587286605,0.3390949785810074,0.3779219234586136,2.0,0.44626870665199747,0.562703172486341,3.0,0.11643446583434358,0.43408643388036056,0.41652204343827065,0.562703172486341,3.0,0.09816931561742048,0.1595465926269895,3.0,0.06137727700956902,0.09923180383731145,0.09073446516080606,0.1595465926269895,3.0,0.18587450742649286,0.191959970432706,30.0,0.0060854630062131265,0.15128809326217213,0.17615908106643227,0.191959970432706,30.0,128.69632,128.69632,0.007136283598701002,0.002167631646447329,0.004073327109110064,0.0011263389983316861,0.004311118301552378,0.0013250930869888643,1.1618056354365156,1.5664508742047474,,
diabetes_mlp_nested_R60_C20_s45_dp0_summary.json,diabetes,mlp,nested,45,60.0,20,weighted_ce,none,_dp0,,,,,1.0,inf,0.6891835182186037,0.7436225166790192,59.0,0.054438998460415555,0.6975307560321087,0.7153382898009949,0.7436225166790192,59.0,0.2545004744350765,0.32358407102012443,59.0,0.06908359658504792,0.265126436063296,0.28550049721610443,0.31608564445432463,44.0,0.289196146111524,0.3206488641698956,59.0,0.031452718058371576,0.29495243110379604,0.30285776507268947,0.3142483384921267,19.0,0.31421152211939035,0.3613912957636496,54.0,0.04717977364425924,0.32384287092851544,0.33702399021862994,0.3613912957636496,54.0,0.33851273702932283,0.3801500976310726,2.0,0.04163736060174977,0.338325906031389,0.3374970644475555,0.3801500976310726,2.0,0.4890899333368104,0.49284028679211866,52.0,0.003750353455308275,0.4394259011932805,0.47020259935288006,0.4440347034506825,1.0,0.1049902186359085,0.10751736300892764,1.0,0.0025271443730191384,0.09571057140200567,0.10062396778993084,0.10751736300892764,1.0,0.1846727809731074,0.1846727809731074,60.0,0.0,0.1376950835697182,0.15859971939478745,0.16589712434183881,39.0,128.69632,128.69632,0.00970238088552832,0.004306843402487435,0.0064636683623918705,0.0028337819006423364,0.006759993019743423,0.003185852293859864,1.002744544732074,1.4608999198535457,,
diabetes_mlp_nested_R60_C20_s45_dp1.0_summary.json,diabetes,mlp,nested,45,60.0,20,weighted_ce,none,_dp1.0,,,,,1.0,110.68837010237718,0.6529494657366844,0.6885999588756181,19.0,0.03565049313893365,0.6658379721672392,0.6679300294984131,0.6885999588756181,19.0,0.21779114364146976,0.2442020713974414,24.0,0.026410927755971647,0.22548205805180713,0.2265164460122689,0.2442020713974414,24.0,0.26795239373297514,0.29238194200093665,19.0,0.02442954826796151,0.2714853318148881,0.27611559486691534,0.29238194200093665,19.0,0.2847235713617889,0.31546467104607234,19.0,0.030741099684283457,0.29535598569087046,0.2957424008194624,0.31546467104607234,19.0,0.33312944536213973,0.3812239385517682,2.0,0.048094493189628496,0.34740868921996715,0.34215362017260376,0.3812239385517682,2.0,0.49121075303286366,0.564828434688311,3.0,0.07361768165544735,0.4762526582457837,0.48560321123402816,0.564828434688311,3.0,0.13525274064308174,0.15459646276434402,3.0,0.019343722121262286,0.11927397060167351,0.12967616287376033,0.15459646276434402,3.0,0.1913151504884522,0.19914525170672143,30.0,0.007830101218269214,0.17722869364819388,0.1914154215130292,0.19914525170672143,30.0,128.69632,128.69632,0.004190502607798502,0.0007259672853808819,0.0020639492097202805,0.00035208657475122756,0.0021313738639690038,0.0004159470636284523,1.2001355165984327,1.657982976641506,,
diabetes_mlp_nested_R60_C20_s45_dp2.0_summary.json,diabetes,mlp,nested,45,60.0,20,weighted_ce,none,_dp2.0,,,,,2.0,39.83175401905626,0.6175530512753311,0.6600970313921727,19.0,0.04254398011684157,0.6280757483126336,0.6251529600778263,0.6600970313921727,19.0,0.18281736441094373,0.2204330941810736,9.0,0.03761572977012986,0.19813015275229842,0.1907473307138465,0.2204330941810736,9.0,0.20034252181262768,0.2661807948239335,19.0,0.06583827301130579,0.2350942708664979,0.21638413273839494,0.2661807948239335,19.0,0.25706988193521213,0.2855529105788665,19.0,0.028483028643654373,0.26570523498321147,0.2636203043753909,0.2855529105788665,19.0,0.35050672357509227,0.39376054335903665,2.0,0.04325381978394438,0.36117537777780695,0.362253798625266,0.39376054335903665,2.0,0.5901811884822739,0.5980883093875573,58.0,0.007907120905283449,0.5290800421935993,0.592785354077008,0.5733051501092631,3.0,0.16477087865425882,0.1728468600480504,55.0,0.008075981393791565,0.1390143452230718,0.16973741246718577,0.1557630912546296,3.0,0.22381491261159311,0.2356741573033708,57.0,0.011859244691777682,0.19142065504719608,0.228042696751102,0.18407471123126076,2.0,128.69632,128.69632,0.0024917331046863033,0.000175287634786293,0.0010785863639384509,9.27260898551707e-05,0.0010125590805722862,0.00010631446635880346,1.2122854832229981,1.635881744325161,,
diabetes_mlp_nested_R60_C20_s45_loss_cb_summary.json,diabetes,mlp,nested,45,60.0,20,cb,none,_loss_cb,,,,,1.0,inf,0.684575284859381,0.7402651841911838,59.0,0.055689899331802795,0.6967903477403187,0.7123355049182296,0.7402651841911838,59.0,0.258325496215538,0.33051389017164867,59.0,0.07218839395611065,0.2708857727613363,0.29357393248268304,0.33051389017164867,59.0,0.07939130430416748,0.15888929838690097,59.0,0.07949799408273349,0.09520299589535233,0.12010623910447556,0.1498277923502855,34.0,0.31479469988459496,0.37386152186227656,59.0,0.059066821977681594,0.3253478767986798,0.34115481202669284,0.37386152186227656,59.0,0.08857236941800879,0.2512180094648787,1.0,0.16264564004686993,0.0826390300252399,0.07789654949433503,0.2512180094648787,1.0,0.3512874783729023,0.3532115226656401,1.0,0.001924044292737792,0.344073992646724,0.34872066245644273,0.3532115226656401,1.0,0.08208976511398612,0.08266290582200701,1.0,0.0005731407080208917,0.0812676045167322,0.08187387781907732,0.08266290582200701,1.0,0.09638014120811386,0.1800157047506871,3.0,0.08363556354257323,0.13071579554848067,0.09300056693193196,0.1800157047506871,3.0,128.69632,128.69632,0.009506931178553174,0.004532227485990401,0.006417658405986147,0.002983914726758147,0.006738909927083195,0.0033833099629270854,0.9532718103689451,1.460966446553357,,
diabetes_mlp_nested_R60_C20_s45_loss_focal_summary.json,diabetes,mlp,nested,45,60.0,20,focal,none,_loss_focal,,,,,1.0,inf,0.6882853001844584,0.7354031050138512,44.0,0.04711780482939276,0.6968398579728851,0.7123473792572429,0.7354031050138512,44.0,0.26308827450875594,0.3226141143875908,49.0,0.05952583987883486,0.2694230955494606,0.28943966777635743,0.3226141143875908,49.0,0.28802661371199606,0.32193802228783347,44.0,0.03391140857583741,0.2919857346348766,0.2974063594505595,0.31410355610641266,29.0,0.31436213505515065,0.35993595229068237,39.0,0.04557381723553172,0.32396801864715835,0.3345668905482096,0.35993595229068237,39.0,0.3709334130952799,0.38750039234785544,2.0,0.016566979252575553,0.37344329920122227,0.37240086925488547,0.38750039234785544,2.0,0.36182659579204834,0.5521902583224325,2.0,0.19036366253038417,0.383849604810235,0.36861599224825387,0.5521902583224325,2.0,0.08305953588003762,0.16478631266469396,2.0,0.08172677678465634,0.09073760340479291,0.0838941875718405,0.16478631266469396,2.0,0.038154163444186644,0.05132317562149158,32.0,0.013169012177304935,0.02668784102484053,0.03046420480831505,0.050111133562335826,19.0,128.69632,128.69632,0.009325951697471337,0.004423895114451888,0.006399741567675409,0.0026841520044960042,0.006709533987110863,0.0031030623407018996,0.9468220688771302,1.3549984053242952,,
diabetes_mlp_nested_R60_C20_s45_loss_ldam_summary.json,diabetes,mlp,nested,45,60.0,20,ldam,none,_loss_ldam,,,,,1.0,inf,0.6662954858350756,0.6848051216073487,9.0,0.01850963577227316,0.6711799212239309,0.6737248846149869,0.6848051216073487,9.0,0.23465192964436815,0.25577260452206135,44.0,0.021120674877693202,0.23724589605528,0.24187226429409697,0.2504148981593413,9.0,0.28048946471685926,0.30703226045769094,14.0,0.02654279574083168,0.2845922385952907,0.2905141810659178,0.30703226045769094,14.0,0.3002541052795196,0.3294086366279091,34.0,0.029154531348389467,0.30903700579606724,0.311974328064898,0.32425692865119127,19.0,0.37323919263105104,0.39076433457091886,6.0,0.017525141939867817,0.37699013820397465,0.37488783603460246,0.39076433457091886,6.0,0.6008103105693139,0.6599772985437766,35.0,0.05916698797446274,0.6347099222256932,0.6153869806666661,0.6450289438045089,6.0,0.19128993052987733,0.20965099178056812,29.0,0.018361061250690786,0.19660613068477678,0.1920241697718705,0.20235332886452517,6.0,0.11726147123088128,0.26784895275951687,12.0,0.1505874815286356,0.11574785872810558,0.02839181036899795,0.26784895275951687,12.0,128.69632,128.69632,0.009158283480382919,0.005143586930647868,0.0058898707303050935,0.0027793228637077116,0.006252379527896205,0.0034657808580386097,0.7481692138283204,1.0800950389821082,,
diabetes_mlp_nested_R60_C20_s45_loss_weighted_ce_summary.json,diabetes,mlp,nested,45,60.0,20,weighted_ce,none,_loss_weighted_ce,,,,,1.0,inf,0.6881351647101316,0.7438674214916788,59.0,0.05573225678154725,0.6975601621141098,0.7174935938930871,0.7438674214916788,59.0,0.2570761517483877,0.3240613853651907,59.0,0.06698523361680297,0.26489622877559976,0.28785915197081546,0.3240613853651907,59.0,0.2919409535606912,0.32302564870255907,44.0,0.031084695141867846,0.2936160567404053,0.30436905863895575,0.32302564870255907,44.0,0.31326936859336885,0.3694187758931484,59.0,0.056149407299779575,0.3240268048536985,0.34081987385441326,0.3694187758931484,59.0,0.3365542764456026,0.38183232770542275,2.0,0.04527805125982015,0.3388373121180549,0.3359090682479881,0.38183232770542275,2.0,0.39355337926867723,0.4484586110798908,2.0,0.054905231811213595,0.40145415161548165,0.38457654184195533,0.4484586110798908,2.0,0.0872076130415071,0.1078698771383082,1.0,0.020662264096801095,0.08885628617600859,0.08605708013069838,0.1078698771383082,1.0,0.09237461617195497,0.12960609911054638,10.0,0.03723148293859141,0.10560566055058884,0.0865425426556238,0.12960609911054638,10.0,128.69632,128.69632,0.009775324602003522,0.0044747196861940584,0.00657242117537179,0.0027101459806188936,0.006886513353018686,0.003113639373211544,1.0281427728497268,1.4632519539445639,,
diabetes_mlp_nested_R60_C20_s45_summary.json,diabetes,mlp,nested,45,60.0,20,weighted_ce,none,,,,,,1.0,inf,0.6853580164487956,0.7413686994719065,59.0,0.05601068302311096,0.6950160358670726,0.7144117834357575,0.7413686994719065,59.0,0.25714237744199864,0.32493610126666433,59.0,0.0677937238246657,0.26401104013994264,0.2860685386478573,0.3184316028267107,44.0,0.2886585086525363,0.3259392313993096,44.0,0.0372807227467733,0.29364666874851614,0.30469621403282615,0.3134014870028444,19.0,0.3130187151581038,0.36481070528897713,59.0,0.05179199013087332,0.32269567415447636,0.33759852917088046,0.3625699018225296,44.0,0.3372593630281967,0.3824934826492136,2.0,0.04523411962101692,0.33807690731625595,0.3337040160761071,0.3824934826492136,2.0,0.4097215909150804,0.44482535655878774,1.0,0.03510376564370732,0.40920301075737325,0.40623959117098885,0.44482535655878774,1.0,0.08908929979089136,0.10784398604990982,1.0,0.018754686259018452,0.08955618171398166,0.08849888397311598,0.10784398604990982,1.0,0.11364120025537348,0.13509629203794193,44.0,0.02145509178256845,0.11845860007268662,0.10979296207515976,0.12915642039987169,6.0,128.69632,128.69632,0.009668479434269866,0.0043142423658251985,0.00653839514487291,0.002564790284737236,0.006840921978817543,0.002979296777453658,1.0120102454791777,1.3970829818863422,,
diabetes_mlp_nested_R60_C20_s45_tf_warm_summary.json,diabetes,mlp,nested,45,60.0,20,weighted_ce,none,_tf_warm,5.0,2.0,,,1.0,inf,0.6927393337276411,0.7496526451942352,54.0,0.056913311466594174,0.704293189503823,0.723665532283721,0.7496526451942352,54.0,0.2630344458911843,0.3239830139191033,49.0,0.06094856802791898,0.27253703619065134,0.29144344166877034,0.3239830139191033,49.0,0.29828782557535183,0.3311680593382818,54.0,0.03288023376292998,0.3026125551828081,0.3121761670604087,0.3311680593382818,54.0,0.3211067789908208,0.370566430354158,54.0,0.04945965136333719,0.33082574704529943,0.34509831238833955,0.370566430354158,54.0,0.3290272960504382,0.3792134682193651,2.0,0.0501861721689269,0.3355658897588762,0.3322836705525686,0.3792134682193651,2.0,0.4865669664596827,0.5120317492093469,52.0,0.025464782749664183,0.45071520141192384,0.4872557795119558,0.4663717863426726,6.0,0.10655617399584745,0.11406015874708837,52.0,0.007503984751240922,0.09855851115271656,0.10556938359886911,0.11122959051908324,6.0,0.15900755124056096,0.17364125716270185,46.0,0.014633705922140888,0.14753107108854388,0.1596447655897511,0.17364125716270185,46.0,140.69248,140.69248,0.00779774585636468,0.0029996949326202135,0.006508252637652314,0.0026640162761385235,0.0061710390588041114,0.002760386297562119,1.1206055212203259,1.5158050081226975,,
diabetes_mlp_nested_R60_C20_s46_comp_none_summary.json,diabetes,mlp,nested,46,60.0,20,weighted_ce,none,_comp_none,,,,,1.0,inf,0.6928461508942146,0.7511581877888912,59.0,0.05831203689467657,0.7030121272292645,0.7231351769041069,0.7511581877888912,59.0,0.2650434431101248,0.33865934556933175,59.0,0.07361590245920696,0.2743795608643189,0.2998929127577071,0.33865934556933175,59.0,0.30084241243861726,0.3402354889224775,59.0,0.039393076483860257,0.30205123123510286,0.3166868647367578,0.3402354889224775,59.0,0.31874723727722604,0.36772201774019764,59.0,0.0489747804629716,0.32821945686050774,0.3439930613743908,0.36772201774019764,59.0,0.32572464859196915,0.385687954412007,1.0,0.05996330582003784,0.3341830739821486,0.32363900565803705,0.385687954412007,1.0,0.3678425645176099,0.3950763430837386,1.0,0.02723377856612874,0.3652355976760891,0.3649718209590803,0.3950763430837386,1.0,0.08394017505416962,0.08908070687109441,1.0,0.0051405318169247954,0.08372619854360401,0.0835701374872353,0.08908070687109441,1.0,0.20377495134205403,0.20450951154489178,24.0,0.0007345602028377418,0.20382710776332266,0.20259735992275374,0.2045002711006687,1.0,128.69632,128.69632,0.009829878147875466,0.004587551438914539,0.006511644174321686,0.002659710905673213,0.006847959030965952,0.003078100923926162,1.0453149267996196,1.4799890690483153,,
diabetes_mlp_nested_R60_C20_s46_comp_quant4_summary.json,diabetes,mlp,nested,46,60.0,20,weighted_ce,quant4,_comp_quant4,,,,,1.0,inf,0.6870216854766806,0.7412356728434313,54.0,0.05421398736675065,0.7005412491463682,0.7163900466768218,0.7412356728434313,54.0,0.2553136126569082,0.3230960889911384,59.0,0.06778247633423018,0.26766894317792617,0.28789238597867606,0.3230960889911384,59.0,0.2949554064882269,0.326573403541846,34.0,0.03161799705361912,0.29843151770375165,0.3114191875541357,0.326573403541846,34.0,0.3118699876711744,0.36101255012678723,54.0,0.049142562455612826,0.3241658526172354,0.337836723265435,0.36101255012678723,54.0,0.32899522462621666,0.38605919134452543,1.0,0.05706396671830877,0.33724222736851656,0.32627276354385865,0.38605919134452543,1.0,0.5210979500269788,0.573541707274601,36.0,0.05244375724762218,0.4766960247285775,0.49571527834006296,0.400683099286895,1.0,0.1332614021379409,0.18835518487598188,36.0,0.05509378273804097,0.12011868630729136,0.11486950726228114,0.09025875406653673,1.0,0.20441914057204827,0.2045742180437534,46.0,0.00015507747170512287,0.20450486625020153,0.20445966822507228,0.20453723788864786,17.0,16.12576,128.69632,0.02888109331400348,0.054780062110683043,0.016778483446974177,0.009980034787414436,0.01805593283419573,0.018290450988529147,3.373470801235332,9.951103745494038,,
diabetes_mlp_nested_R60_C20_s46_comp_quant8_summary.json,diabetes,mlp,nested,46,60.0,20,weighted_ce,quant8,_comp_quant8,,,,,1.0,inf,0.6921159635586325,0.7486062595563165,59.0,0.05649029599768407,0.7030220050182995,0.7217916260597399,0.7486062595563165,59.0,0.265914919941614,0.3361052002608611,54.0,0.07019028031924712,0.27347677032843937,0.3004107337250334,0.3361052002608611,54.0,0.2948448355701505,0.33260975002550636,59.0,0.03776491445535585,0.3008600128551956,0.31318090758839484,0.3233097718271753,34.0,0.31612522365756285,0.3680686088761016,59.0,0.05194338521853875,0.3281651115966662,0.3428911396344057,0.3680686088761016,59.0,0.3348864986611076,0.38682972209007477,1.0,0.05194322342896718,0.3355709418410759,0.3247794600920888,0.38682972209007477,1.0,0.40510368131139163,0.4230905971526097,43.0,0.017986915841218087,0.3877211926624125,0.3991741130511839,0.3953623450889402,1.0,0.08873406469252063,0.0918868924890625,43.0,0.003152827796541871,0.08645015142859845,0.087665273580884,0.0891383007851475,1.0,0.2045002711006687,0.20450951154489178,24.0,9.240444223068689e-06,0.20447417850519908,0.2045002711006687,0.2045002711006687,1.0,32.2128,128.69632,0.009809050469508572,0.004781295388809289,0.00650269426833347,0.002672032239172354,0.006811980988706651,0.003144895029410561,1.022605773616427,1.453453241265379,,
diabetes_mlp_nested_R60_C20_s46_comp_stc_summary.json,diabetes,mlp,nested,46,60.0,20,weighted_ce,stc,_comp_stc,,,,,1.0,inf,0.6554561008820041,0.6977208367575959,49.0,0.042264735875591763,0.6747722934714347,0.6781021752063529,0.6977208367575959,49.0,0.2183284729300047,0.2598677082479303,49.0,0.04153923531792561,0.23502620263646515,0.24024381233412767,0.2598677082479303,49.0,0.2707383668677681,0.30002624019823154,24.0,0.029287873330463454,0.27420242606288675,0.28466608678174543,0.30002624019823154,24.0,0.2884124282221188,0.32540281480886857,54.0,0.036990386586749746,0.3046905812622336,0.3089559010875344,0.32540281480886857,54.0,0.3143182510614539,0.3922599779215818,1.0,0.0779417268601279,0.34945629047563254,0.33323786593912685,0.3922599779215818,1.0,0.4335987425248564,0.44961541954147416,20.0,0.016016677016617742,0.4052778467858185,0.4241923863078655,0.4435894740017777,3.0,0.11649645062002574,0.12270810695049013,26.0,0.006211656330464388,0.10333951999617302,0.11116129607948437,0.11339385981756679,3.0,0.2045002711006687,0.2045002711006687,1.0,0.0,0.20450027110066868,0.2045002711006687,0.2045002711006687,1.0,3.00044,128.69632,0.08508790817867146,0.008160852635800273,0.05765826926183352,0.0015884853696758643,0.05096541778631412,0.004079773535421357,0.46103582121099485,0.22939535588375293,,
diabetes_mlp_nested_R60_C20_s46_comp_topk_summary.json,diabetes,mlp,nested,46,60.0,20,weighted_ce,topk,_comp_topk,,,,,1.0,inf,0.661688734134001,0.7010290416730172,59.0,0.039340307539016184,0.6778630713890015,0.6833055002742432,0.6997827599637851,39.0,0.22336698867789548,0.2708131438865478,59.0,0.047446155208652335,0.2400738479152851,0.24820845849541412,0.26631743009014136,34.0,0.27604840317488866,0.3032429829681049,24.0,0.027194579793216267,0.2824925683960746,0.2899775665139724,0.3032429829681049,24.0,0.29298558551394344,0.33017944174614056,59.0,0.03719385623219712,0.3072758246208777,0.313932677108011,0.3294495063992725,34.0,0.3293611006827088,0.3919611945274726,1.0,0.06260009384476378,0.34189751211105296,0.33445767806086224,0.3919611945274726,1.0,0.6369821475013364,0.651753078091875,56.0,0.014770930590538578,0.5709988635300165,0.6410049947319911,0.5658262290468706,17.0,0.21633870760366775,0.22028639776729075,56.0,0.003947690163623008,0.19049688440154058,0.21735570169219623,0.1939141692746943,17.0,0.20458346517199294,0.2055972696245734,56.0,0.0010138044525804524,0.20453878278503343,0.2047304171624345,0.2045002711006687,1.0,18.4230825,128.69632,0.04164252930132232,0.006935484909482288,0.0212498098651662,0.0029233940855981984,0.01920680093511195,0.004174638987508726,0.4950151344787931,0.5110220477363328,,
diabetes_mlp_nested_R60_C20_s46_dp0.5_summary.json,diabetes,mlp,nested,46,60.0,20,weighted_ce,none,_dp0.5,,,,,0.5,342.8612600716533,0.6732886086399381,0.7125842824220723,59.0,0.039295673782134166,0.685913054356881,0.6945319759428589,0.7125842824220723,59.0,0.23327489687064895,0.2794571295421523,59.0,0.04618223267150334,0.24437839236968936,0.25667385852175373,0.2794571295421523,59.0,0.2868198104181441,0.3051748011517556,19.0,0.01835499073361152,0.28730545291349535,0.2937974199033022,0.3051748011517556,19.0,0.2983195774180157,0.3361202486634722,49.0,0.037800671245456496,0.31219145247567404,0.318420561526639,0.3361202486634722,49.0,0.35219345937513324,0.39179811344902093,1.0,0.03960465407388769,0.3469390012543378,0.3417644052626821,0.39179811344902093,1.0,0.4442387198876533,0.4868243055171054,41.0,0.04258558562945214,0.40530336756003876,0.44318666797448686,0.4339697419667069,2.0,0.09786312814778736,0.11141296759611627,41.0,0.01354983944832891,0.09111440596883684,0.0974652939185249,0.09520483533944549,2.0,0.20165258564664376,0.2045002711006687,1.0,0.0028476854540249452,0.19903673675941028,0.20123675644092964,0.2045002711006687,1.0,128.69632,128.69632,0.006946204287373347,0.0021468627054437124,0.004052967112379332,0.0011520342253508076,0.00428351992546874,0.0013406358608002906,1.1812072748473534,1.591765572084114,,
diabetes_mlp_nested_R60_C20_s46_dp0_summary.json,diabetes,mlp,nested,46,60.0,20,weighted_ce,none,_dp0,,,,,1.0,inf,0.6956220066915069,0.7516001355815138,59.0,0.05597812889000697,0.7042075676242369,0.7238524538979806,0.7516001355815138,59.0,0.2691379177401516,0.3378592087099895,54.0,0.06872129096983787,0.27306121682723405,0.3016212898954049,0.3378592087099895,54.0,0.2933899163414263,0.33277407167006995,59.0,0.039384155328643644,0.29975158577635075,0.3126583204572866,0.32160479943075065,39.0,0.31792276590372176,0.3663921529906344,59.0,0.04846938708691262,0.32841437542195073,0.3446416884405013,0.3663921529906344,59.0,0.3250777396630827,0.3869050899895062,1.0,0.0618273503264235,0.33549810581819467,0.325276701336792,0.3869050899895062,1.0,0.4636834678893915,0.49716610790651095,43.0,0.033482640017119425,0.43285753091009443,0.46825791874169764,0.3954436278878735,1.0,0.10059353852193914,0.12100635703284207,36.0,0.02041281851090293,0.09606611489916368,0.10172546998259213,0.08914772459829613,1.0,0.20450951154489178,0.20456497175141242,17.0,5.54602065206411e-05,0.20445975477458747,0.20451135996777864,0.2045002711006687,1.0,128.69632,128.69632,0.009789441442581998,0.0045912414156885,0.006446756368179114,0.002652402703510473,0.006788686926468313,0.0030700714384609734,1.0238186359793569,1.4595872641075402,,
diabetes_mlp_nested_R60_C20_s46_dp1.0_summary.json,diabetes,mlp,nested,46,60.0,20,weighted_ce,none,_dp1.0,,,,,1.0,110.68837010237718,0.6625850683540723,0.6921665683987619,14.0,0.029581500044689624,0.6699137922308218,0.674041629579202,0.6921665683987619,14.0,0.2265640442631316,0.24885460901294318,59.0,0.022290564749811587,0.23035649635695254,0.23480029167194946,0.24830274657389917,14.0,0.2759541447486571,0.2950056279712601,19.0,0.019051483222603027,0.27626537364063003,0.2818161813794291,0.2950056279712601,19.0,0.29548410011955956,0.3186638856064991,14.0,0.023179785486939553,0.29869172728242194,0.3010949872367729,0.3186638856064991,14.0,0.35563615032735657,0.3939191771484665,1.0,0.038283026821109956,0.35298182637923325,0.3471045264060968,0.3939191771484665,1.0,0.38682436324458347,0.5276030210847356,2.0,0.1407786578401521,0.40817737481265126,0.38765423464432774,0.5276030210847356,2.0,0.08710551454170008,0.12371443028574287,2.0,0.03660891574404279,0.09160109578682062,0.08745165190662434,0.12371443028574287,2.0,0.16733386709367493,0.20451875282422052,9.0,0.0371848857305456,0.18810441728628327,0.1714689357334585,0.20451875282422052,9.0,128.69632,128.69632,0.004029127224925201,0.0007690059746726298,0.002063945800903292,0.0003375358524145856,0.0021228677078602284,0.00041063332496062084,1.194273506850004,1.6571151211392134,,
diabetes_mlp_nested_R60_C20_s46_dp2.0_summary.json,diabetes,mlp,nested,46,60.0,20,weighted_ce,none,_dp2.0,,,,,2.0,39.83175401905626,0.6038681341351176,0.6670336983579098,9.0,0.06316556422279218,0.6262375047884157,0.6118211748277139,0.6670336983579098,9.0,0.18882486789443215,0.224474852396721,9.0,0.035649984502288845,0.1989090600204793,0.19155494549656402,0.224474852396721,9.0,0.20229860707298128,0.26961906004445224,9.0,0.06732045297147096,0.23333422902227458,0.2123776005109521,0.26961906004445224,9.0,0.25923386826670336,0.29371706112359547,9.0,0.03448319285689211,0.2679250110701347,0.26221089585208734,0.29371706112359547,9.0,0.3599747715983159,0.41556932704015725,1.0,0.05559455544184133,0.3581706970379868,0.3583014993157537,0.41556932704015725,1.0,0.49681272789490616,0.5655083012364372,4.0,0.06869557334153109,0.5017730936307734,0.48231825419657426,0.5655083012364372,4.0,0.11243227925098012,0.1601617618377964,33.0,0.04772948258681628,0.12071353280215755,0.10839284588078768,0.15247861768322482,4.0,0.18944705076168888,0.21130295884992775,35.0,0.021855908088238868,0.19769233134622302,0.19096626216160034,0.20693252956178992,17.0,128.69632,128.69632,0.002414266998393526,0.00018777446737754425,0.0010415501391657042,9.529280333010847e-05,0.0009826824766680962,0.00011041162217106053,1.2081959883119755,1.720868756994605,,
diabetes_mlp_nested_R60_C20_s46_loss_cb_summary.json,diabetes,mlp,nested,46,60.0,20,cb,none,_loss_cb,,,,,1.0,inf,0.6865410423803578,0.748612668143345,59.0,0.06207162576298719,0.7011342056252887,0.7176311571385059,0.748612668143345,59.0,0.2684989658590092,0.3366005186209677,59.0,0.0681015527619585,0.2734652627379189,0.29998225590418254,0.3366005186209677,59.0,0.09067734304158549,0.17692408917118138,59.0,0.08624674612959589,0.09338600673479129,0.12427930008462824,0.17692408917118138,59.0,0.32090720347356216,0.3685560041495202,59.0,0.04764880067595806,0.32762798555549444,0.344774082599542,0.3685560041495202,59.0,0.08100376698110003,0.27026216913758117,1.0,0.18925840215648115,0.08234449757815013,0.07760890313583513,0.27026216913758117,1.0,0.3614045075321558,0.3676193348700221,57.0,0.006214827337866269,0.34769783089587014,0.36049888764169646,0.35100132577427984,1.0,0.08316517247153433,0.08389854347261928,57.0,0.0007333710010849481,0.08181854142502026,0.08306467579562322,0.08240394259519612,1.0,0.2045002711006687,0.20451875282422052,56.0,1.848172355181643e-05,0.2044447715893466,0.20450304331744623,0.2045002711006687,1.0,128.69632,128.69632,0.009687612807342401,0.004757025402546961,0.006429578508155816,0.003317094931457114,0.006767234950141323,0.003669949777397609,0.9596238269645255,1.534589052433148,,
diabetes_mlp_nested_R60_C20_s46_loss_focal_summary.json,diabetes,mlp,nested,46,60.0,20,focal,none,_loss_focal,,,,,1.0,inf,0.693415902162017,0.7475398998692607,59.0,0.05412399770724374,0.7010867899619427,0.7204043622037309,0.7475398998692607,59.0,0.26268149349253966,0.32708281442875925,59.0,0.06440132093621959,0.2716844922799104,0.294298557044898,0.3241936678287906,44.0,0.28998310832262847,0.32816770175677934,59.0,0.03818459343415087,0.2941056541167137,0.30861518645207936,0.3230169542370014,34.0,0.31772523225898763,0.3637649398154922,59.0,0.04603970755650455,0.3256953916755902,0.3407574054705192,0.3598544251863695,39.0,0.37313622962271964,0.3905914495811942,1.0,0.017455219958474544,0.37344762766691375,0.3695532125826714,0.3905914495811942,1.0,0.5467839796108556,0.5990273597625122,40.0,0.05224338015165664,0.5028903125461035,0.50137758092652,0.5698907956748966,29.0,0.1295345432020354,0.18605028862104686,45.0,0.05651574541901147,0.12899835898874581,0.11534380334550658,0.10523594895129734,1.0,0.2045002711006687,0.20450951154489178,49.0,9.240444223068689e-06,0.20447307351917648,0.2044923594454481,0.2045002711006687,1.0,128.69632,128.69632,0.00920800683224138,0.004483910079909422,0.00626727427017726,0.002732152174532991,0.006585571697337225,0.0031433153243162703,0.9336785116504568,1.335879560909234,,
diabetes_mlp_nested_R60_C20_s46_loss_ldam_summary.json,diabetes,mlp,nested,46,60.0,20,ldam,none,_loss_ldam,,,,,1.0,inf,0.672795822461418,0.6930177371329322,54.0,0.02022191467151424,0.6773842160405142,0.683165140950157,0.6907313271220509,14.0,0.2360988718683325,0.2542884593790893,54.0,0.018189587510756777,0.2376213542894232,0.2425515615045844,0.25276569141420135,14.0,0.28212509445295086,0.3129608798730518,49.0,0.03083578542010096,0.2887696194557875,0.29663316292896574,0.30902104013150106,29.0,0.312202215412822,0.3350049377485572,54.0,0.022802722335735215,0.3147776852738965,0.32321668712537793,0.3265294161524849,14.0,0.37619129640504323,0.39633734545351185,1.0,0.020146049048468617,0.37757567547368465,0.37543177769639374,0.39633734545351185,1.0,0.3431630511612535,0.38776067783905865,34.0,0.04459762667780515,0.34698055819693624,0.3423314968800307,0.3690588573804506,1.0,0.08145362885494696,0.09379827001262578,34.0,0.012344641157678818,0.08274062529955171,0.08163467194695428,0.0864400299264799,1.0,0.20171498570845242,0.2045002711006687,1.0,0.0027852853922162857,0.19881835947784485,0.1996523142357104,0.2045002711006687,1.0,128.69632,128.69632,0.009034937192460896,0.004865378096273403,0.005807638435093525,0.003143787478149739,0.006145985281650537,0.003637392399213776,0.7500610562070505,1.1600060661439784,,
diabetes_mlp_nested_R60_C20_s46_loss_weighted_ce_summary.json,diabetes,mlp,nested,46,60.0,20,weighted_ce,none,_loss_weighted_ce,,,,,1.0,inf,0.6943836051886657,0.7499288826812002,54.0,0.05554527749253446,0.7035234189551007,0.7226095808337177,0.7499288826812002,54.0,0.26613981240743956,0.3331280263095831,54.0,0.06698821390214355,0.27437609527735685,0.2999394987351116,0.3331280263095831,54.0,0.29707618987273965,0.32976634033941155,54.0,0.0326901504666719,0.30034925172598315,0.31190067907631447,0.32763869117209765,29.0,0.3194542056430567,0.3674545427467849,54.0,0.0480003371037282,0.3288417581586201,0.34611022198874947,0.3674545427467849,54.0,0.32837874182070953,0.3864677900957097,1.0,0.058089048275000166,0.33592163996981,0.32650288264412286,0.3864677900957097,1.0,0.5100421465807086,0.516066197153192,42.0,0.0060240505724834525,0.43137988776673925,0.49758906207857373,0.39491397827709984,1.0,0.12408042895861823,0.13826930464689863,42.0,0.014188875688280395,0.10092755238813544,0.11733039758227255,0.08904820302806088,1.0,0.2045002711006687,0.20452799493876814,31.0,2.7723838099430465e-05,0.2044047733488468,0.2045002711006687,0.2045002711006687,1.0,128.69632,128.69632,0.009811094348751576,0.004565601320577528,0.006434251933001271,0.0027038246722075466,0.006779521241265058,0.003132282736141772,1.0015473635323966,1.4187727242242545,,
diabetes_mlp_nested_R60_C20_s46_summary.json,diabetes,mlp,nested,46,60.0,20,weighted_ce,none,,,,,,1.0,inf,0.6903799486832752,0.749802795960069,59.0,0.05942284727679381,0.7020407120667556,0.7220875249600374,0.749802795960069,59.0,0.26188408087456844,0.327814381810393,59.0,0.06593030093582458,0.269304621569613,0.2941576726035636,0.327814381810393,59.0,0.29759681657831727,0.3367618895480529,59.0,0.03916507296973565,0.30021055191184565,0.3140626495610187,0.3236542922053305,34.0,0.3151633575789045,0.3657425080784237,49.0,0.050579150499519165,0.32612377034696965,0.3420270314415823,0.3657425080784237,49.0,0.33128939890125125,0.3865717473973321,1.0,0.055282348496080824,0.33549820655787094,0.3260747284435822,0.3865717473973321,1.0,0.3730846964004006,0.39511335141692594,1.0,0.022028655016525345,0.3610970104076954,0.3742069198279279,0.39511335141692594,1.0,0.08445333964595556,0.0890810949117811,1.0,0.004627755265825539,0.08309561508037251,0.08449836553596028,0.0890810949117811,1.0,0.2045002711006687,0.20455572629485674,9.0,5.545519418803657e-05,0.2043413778774926,0.2045002711006687,0.20455572629485674,9.0,128.69632,128.69632,0.009699952578425704,0.004444694474666936,0.006425744868521462,0.0027901275056950057,0.006746299578112942,0.003160116815991001,1.0095575889213555,1.4599081831984222,,
diabetes_mlp_nested_R60_C20_s46_tf_warm_summary.json,diabetes,mlp,nested,46,60.0,20,weighted_ce,none,_tf_warm,5.0,2.0,,,1.0,inf,0.7022713581213839,0.7576193649069656,54.0,0.055348006785581716,0.7108005482609203,0.731793665043453,0.7576193649069656,54.0,0.27866234078776997,0.33775626774152956,54.0,0.05909392695375959,0.283485202789418,0.3073614458590591,0.33232534314812684,39.0,0.30432655608681364,0.34062845402858977,59.0,0.03630189794177613,0.3075166273970465,0.3218540950713056,0.33215018814847236,29.0,0.33501538985650414,0.3788700514636518,59.0,0.04385466160714768,0.33696806643864635,0.3557777060528673,0.3788700514636518,59.0,0.32865821376282434,0.38656060550772414,1.0,0.057902391744899806,0.33391609009771284,0.32183015926997655,0.38656060550772414,1.0,0.37350002050580416,0.42192012233807935,17.0,0.048420101832275186,0.3811237427896498,0.36817618039766603,0.42192012233807935,17.0,0.08470276384614997,0.09231787496524708,17.0,0.007615111119097115,0.08580939813022484,0.0839472550517904,0.09231787496524708,17.0,0.20426801699972874,0.2045002711006687,1.0,0.0002322541009399659,0.20400729246218557,0.2041802306268355,0.2045002711006687,1.0,140.69248,140.69248,0.007771433739298092,0.002953703831527885,0.006316694095207602,0.0023198304795697803,0.006035198876834588,0.0024888595914625902,1.1076280826498988,1.38555951428134,,
diabetes_mlp_nested_R60_C20_s47_loss_cb_summary.json,diabetes,mlp,nested,47,60.0,20,cb,none,_loss_cb,,,,,1.0,inf,0.6929906806941261,0.7516129672943437,59.0,0.05862228660021762,0.7058854995636926,0.7230027627630725,0.7516129672943437,59.0,0.2845142689642349,0.3597422151331793,59.0,0.0752279461689444,0.2942236777772344,0.31882553361376276,0.3597422151331793,59.0,0.10175189260104175,0.1676573104296932,53.0,0.06590541782865145,0.097506852216654,0.12940821694708454,0.1676573104296932,53.0,0.3336542493786547,0.38440947357936917,59.0,0.05075522420071449,0.3387651571371442,0.35261378502323,0.37245143918741336,39.0,0.07887546992866011,0.25608791668044945,1.0,0.17721244675178932,0.08238355313020652,0.07828558448681062,0.25608791668044945,1.0,0.6650985290084843,0.6694585473788739,25.0,0.004360018370389573,0.6665385926094404,0.6646531175925292,0.6690983404655214,11.0,0.21919604197828274,0.22407018783392202,11.0,0.004874145855639278,0.21973213278565445,0.2177299751197986,0.22407018783392202,11.0,0.024924795874516546,0.024924795874516546,60.0,0.0,0.003920035292163731,0.009191498076285502,0.008775778850372971,13.0,128.69632,128.69632,0.009685100448937623,0.0050203092967350815,0.006325887488837494,0.0029093346593409633,0.006670818181319539,0.0033955525866705585,0.9673369310427612,1.4794704567175359,,
diabetes_mlp_nested_R60_C20_s47_loss_focal_summary.json,diabetes,mlp,nested,47,60.0,20,focal,none,_loss_focal,,,,,1.0,inf,0.6986966782302646,0.7530113879880367,54.0,0.054314709757772084,0.7073200044026525,0.7258938146558499,0.7530113879880367,54.0,0.2776868069622774,0.3488543644310891,54.0,0.0711675574688117,0.29008352645447033,0.31206615833853435,0.3488543644310891,54.0,0.29536616611757244,0.32963964547779423,59.0,0.03427347936022179,0.29618190404698996,0.30865653139104665,0.3229980004132808,34.0,0.33058816742555724,0.38416417019186355,54.0,0.05357600276630631,0.337768662516166,0.35346312183816697,0.3554287457459831,14.0,0.36840248009150567,0.38705989852367567,1.0,0.018657418432170003,0.3733168371441204,0.3705952040363649,0.38705989852367567,1.0,0.35462760280021444,0.47858434805271916,1.0,0.12395674525250472,0.35355131601331624,0.3476470518401286,0.47858434805271916,1.0,0.08455885851918835,0.11200674334195965,1.0,0.0274478848227713,0.08398964381570943,0.08346477258291343,0.11200674334195965,1.0,0.023706896551724137,0.029313790806129246,55.0,0.005606894254405109,0.007269223446460194,0.022834707190608688,0.0,1.0,128.69632,128.69632,0.009388421732784575,0.0046516920542593425,0.0063884912272222216,0.0025256062930418366,0.0067048718913642015,0.003015606917206304,0.9647728300847423,1.2901053663808852,,
diabetes_mlp_nested_R60_C20_s47_loss_ldam_summary.json,diabetes,mlp,nested,47,60.0,20,ldam,none,_loss_ldam,,,,,1.0,inf,0.6770347898409855,0.6970249334010595,14.0,0.019990143560074003,0.6815853985485028,0.686227401658804,0.6970249334010595,14.0,0.2513246711117374,0.2740347370912799,59.0,0.022710065979542504,0.2556816345167758,0.2605198096832285,0.27183135951676096,14.0,0.28436021073517725,0.3220137553863196,49.0,0.037653544651142346,0.2955736623858757,0.30262763332611897,0.31314501842096404,18.0,0.3197547292364656,0.35093037392396625,59.0,0.03117564468750067,0.32664567590521826,0.3341357036098736,0.3459825903398204,24.0,0.3800270963696555,0.388817199827561,16.0,0.00879010345790554,0.3757565745990067,0.3759495476650943,0.38778209655704154,1.0,0.6564700154192604,0.6664791820407908,32.0,0.010009166621530396,0.5767296001592407,0.6514732378674787,0.48521032052855884,1.0,0.19313669486205126,0.21691967627542166,28.0,0.023782981413370402,0.16063604539593587,0.19492204727290258,0.11744077420435653,1.0,0.006110868616324749,0.02068074105988798,52.0,0.014569872443563229,0.0023085885085861566,0.010520250711399951,0.0,1.0,128.69632,128.69632,0.008975234854069454,0.0050282284394037,0.005986024743075031,0.0032321767427467007,0.006299977359088666,0.0037054388242718315,0.8014978862192947,1.2562249111942947,,
diabetes_mlp_nested_R60_C20_s47_loss_weighted_ce_summary.json,diabetes,mlp,nested,47,60.0,20,weighted_ce,none,_loss_weighted_ce,,,,,1.0,inf,0.6947664627594892,0.7549701007466102,59.0,0.06020363798712103,0.7066608303800685,0.725463106776946,0.7549701007466102,59.0,0.2742007533322952,0.34021200373983496,49.0,0.06601125040753975,0.2846969845637021,0.30747370635201376,0.34021200373983496,49.0,0.295733290611684,0.3430935916760645,59.0,0.047360301064380494,0.30051085869772753,0.31462589061487656,0.3253379522927578,34.0,0.3274761703281351,0.3750727594788056,54.0,0.0475965891506705,0.3344659067814403,0.3501942798773505,0.3750727594788056,54.0,0.32937225391994646,0.3808498071002036,1.0,0.05147755318025715,0.3392635625148547,0.3334760429603155,0.3808498071002036,1.0,0.5945556763705218,0.6557038964893109,11.0,0.061148220118789176,0.5478552192174205,0.5143878422618249,0.6557038964893109,11.0,0.16188444079748382,0.21370409336395024,11.0,0.05181965256646642,0.15107474201862722,0.11870641097916872,0.21370409336395024,11.0,0.034970857618651124,0.1537598204264871,19.0,0.11878896280783596,0.037590099233433566,0.018830748445409017,0.1537598204264871,19.0,128.69632,128.69632,0.00985072953806825,0.004507765781545936,0.006531668221589465,0.0027436040763660486,0.006854487765553872,0.0031193265383807254,1.0548872532788665,1.497857581358403,,
diabetes_mlp_nested_R60_C20_s47_summary.json,diabetes,mlp,nested,47,60.0,20,weighted_ce,none,,,,,,1.0,inf,0.696203542180753,0.7530157339951763,59.0,0.05681219181442332,0.7067432425643243,0.7242558489107243,0.7530157339951763,59.0,0.2729055140263784,0.3343493625094805,54.0,0.06144384848310208,0.2847875258240911,0.30328628104998107,0.3343493625094805,54.0,0.2941168042047757,0.33276473080699936,59.0,0.03864792660222366,0.30078366444038374,0.31046874771828914,0.32802429457655424,34.0,0.32690016367682523,0.3776115029988707,54.0,0.05071133932204547,0.3371797841459881,0.3497645916687931,0.3776115029988707,54.0,0.3270972886713472,0.3815578814175764,1.0,0.05446059274622922,0.3387326257480202,0.33264236197803,0.3815578814175764,1.0,0.6407045658770668,0.66363166124271,32.0,0.02292709536564319,0.6220630388410382,0.6469217587865863,0.66363166124271,32.0,0.21337097687610923,0.22318880090682322,38.0,0.00981782403071399,0.20043953153043811,0.21556533299457814,0.22318880090682322,38.0,0.08393866020984665,0.1559792027729636,20.0,0.07204054256311694,0.07954771085667749,0.0949440650720208,0.1559792027729636,20.0,128.69632,128.69632,0.009928090802249044,0.004914132205683886,0.006424395595909158,0.00285027856680875,0.006764957321172938,0.0033014519023471076,1.0146176033022736,1.5287695114966482,,
diabetes_mlp_nested_R60_C20_s47_tf_warm_summary.json,diabetes,mlp,nested,47,60.0,20,weighted_ce,none,_tf_warm,5.0,2.0,,,1.0,inf,0.7057958249243986,0.765620459898286,59.0,0.05982463497388735,0.7140256375183023,0.7340319155217816,0.765620459898286,59.0,0.28340065812806775,0.35563739082525375,59.0,0.072236732697186,0.2923955074135363,0.3151502660859839,0.35563739082525375,59.0,0.3010280801341753,0.34928015414329877,59.0,0.04825207400912346,0.30729183138014554,0.32115007814952834,0.34928015414329877,59.0,0.33725138980612657,0.38946277598878726,59.0,0.05221138618266069,0.3424698555898027,0.35894049621053326,0.38946277598878726,59.0,0.31971422929660864,0.38152250446649294,1.0,0.0618082751698843,0.3342665810707246,0.3269233570373443,0.38152250446649294,1.0,0.6450722017646637,0.6541746453989268,52.0,0.009102443634263047,0.5761928193225145,0.6438531756312338,0.629553537190978,11.0,0.20583360445212937,0.21182525101878147,11.0,0.0059916465666521035,0.16029024700779163,0.20413535628240714,0.21182525101878147,11.0,0.05904059040590406,0.10738766184310738,53.0,0.04834707143720333,0.02135452551180667,0.06860993505575173,0.07086907870197687,14.0,140.69248,140.69248,0.007863541973178822,0.003088598075234843,0.00631404004005426,0.002221507011440776,0.006064726062317062,0.0024427407997632197,1.1222987612263144,1.3813015492632985,,
diabetes_mlp_nested_R60_C20_s48_loss_cb_summary.json,diabetes,mlp,nested,48,60.0,20,cb,none,_loss_cb,,,,,1.0,inf,0.693927908334264,0.7589748988452042,59.0,0.0650469905109402,0.7104084258745554,0.7298559692872469,0.7589748988452042,59.0,0.27633199633535105,0.36730109230220676,59.0,0.0909690959668557,0.29140819557315306,0.3233825006611982,0.36730109230220676,59.0,0.09391619792776876,0.1907716237539488,59.0,0.09685542582618004,0.10555414190917144,0.13603372220366247,0.17668035704998258,44.0,0.3278711206834598,0.3976483554595104,59.0,0.06977723477605058,0.3446130831750079,0.36478288810429094,0.39257445833906346,44.0,0.07560390113568231,0.2845593179326003,1.0,0.20895541679691798,0.0819271136300972,0.07581112162561301,0.2845593179326003,1.0,0.6516617557315478,0.6642719468200416,15.0,0.012610191088493816,0.6585157109598226,0.6562555026208525,0.6642719468200416,15.0,0.20168316421953023,0.22037286502304088,17.0,0.01868970080351065,0.2119671058337413,0.2077617993163799,0.22037286502304088,17.0,0.2651821862348178,0.2663066057332779,47.0,0.0011244194984600941,0.18700165215421719,0.25738072937643286,0.2663066057332779,47.0,128.69632,128.69632,0.00955276653107879,0.005197279967404597,0.006339019621380326,0.003157962888958224,0.006665026719326026,0.0036222089669679146,0.9398206985342161,1.5371839079307392,,
diabetes_mlp_nested_R60_C20_s48_loss_focal_summary.json,diabetes,mlp,nested,48,60.0,20,focal,none,_loss_focal,,,,,1.0,inf,0.6936085608068788,0.7556867748856978,59.0,0.06207821407881897,0.7073613866060613,0.7270150875172776,0.7556867748856978,59.0,0.2695710670442029,0.35000638430274367,59.0,0.08043531725854075,0.27945336735379533,0.30721515284119894,0.35000638430274367,59.0,0.28820123214710175,0.33766277054067273,59.0,0.04946153839357098,0.29826443917759243,0.31023163031701795,0.32301235585997307,19.0,0.32790727441268636,0.38619547316776204,59.0,0.05828819875507568,0.3415824378811237,0.35780853752275404,0.38619547316776204,59.0,0.36836278620353646,0.4015958981179747,1.0,0.03323311191443823,0.3725563632194932,0.36827862243613957,0.4015958981179747,1.0,0.6544757694934775,0.6617135277417426,13.0,0.007237758248265114,0.6570950636614445,0.6588549634261288,0.6617135277417426,13.0,0.21346864063017476,0.22920618823338565,50.0,0.01573754760321089,0.22127381474357505,0.22074186265941736,0.22618997074771235,26.0,0.25489539748953977,0.2782608695652174,11.0,0.02336547207567763,0.26340725916027374,0.25779247240343467,0.2782608695652174,11.0,128.69632,128.69632,0.00920386892063943,0.004916838189337937,0.006306098047570524,0.002942104728915417,0.0066317224473871365,0.0033954993931722237,0.9437039606535109,1.470523807918653,,
diabetes_mlp_nested_R60_C20_s48_loss_ldam_summary.json,diabetes,mlp,nested,48,60.0,20,ldam,none,_loss_ldam,,,,,1.0,inf,0.6756055872436365,0.703439353592066,9.0,0.02783376634842949,0.6841011655248503,0.6905469842966343,0.703439353592066,9.0,0.23217971968633236,0.2697861378384793,9.0,0.037606418152146964,0.24298847286456896,0.24775315155134808,0.2697861378384793,9.0,0.2867103390734719,0.3245301427238656,49.0,0.037819803650393724,0.2987107171675003,0.3047409030092434,0.3245301427238656,49.0,0.3149360975987346,0.34981503648414863,24.0,0.034878938885414046,0.3266112052970692,0.33231488464749304,0.34540105660017556,9.0,0.3761019410691423,0.40790041475028577,1.0,0.03179847368114347,0.37740823353661723,0.3774206859955076,0.40790041475028577,1.0,0.6331500343679286,0.6620918184150554,55.0,0.028941784047126773,0.652325325561642,0.6426001806418282,0.6611614773596094,10.0,0.16096770720605136,0.22665575433975998,55.0,0.06568804713370863,0.203744876126077,0.17626466836429083,0.22346891034864413,10.0,0.2749761121138125,0.2800591514048459,49.0,0.0050830392910333755,0.27499796728652487,0.27550169853235784,0.27458432304038005,2.0,128.69632,128.69632,0.008917939135972695,0.004778155735700382,0.005580433037889299,0.0028016209668781213,0.005952064103215877,0.0033147366928392543,0.7282622924578998,1.1244235479389317,,
diabetes_mlp_nested_R60_C20_s48_loss_weighted_ce_summary.json,diabetes,mlp,nested,48,60.0,20,weighted_ce,none,_loss_weighted_ce,,,,,1.0,inf,0.6950950187873276,0.7542838196276818,54.0,0.05918880084035416,0.7066489847975034,0.7261775766197472,0.7542838196276818,54.0,0.2699729380490947,0.338412843994317,59.0,0.06843990594522226,0.27735928391854053,0.30436982244252436,0.338412843994317,59.0,0.29877716565881896,0.34322262769949635,54.0,0.0444454620406774,0.3042551381805153,0.314657819334451,0.3252741912796918,29.0,0.3280695247072044,0.38322003857899356,54.0,0.05515051387178915,0.34230543451554196,0.3582776931936198,0.38322003857899356,54.0,0.33442473791165167,0.3993526221627359,1.0,0.06492788425108426,0.33655566531850845,0.3295743943965234,0.3993526221627359,1.0,0.6608203707118084,0.6642264801563803,29.0,0.00340610944457187,0.6611065693250874,0.6610450046430462,0.6642264801563803,29.0,0.22586927475909452,0.22913293004603064,31.0,0.003263655286936118,0.22507335725552313,0.22752753778952078,0.22913293004603064,31.0,0.25235316997277324,0.2780956740672923,15.0,0.02574250409451906,0.2635337374019461,0.2539241682185823,0.2780956740672923,15.0,128.69632,128.69632,0.009625351966351182,0.004852041428064153,0.006424717955172453,0.003081180655801164,0.0067561141685742706,0.0034667237211008055,1.0113486332566632,1.6317372219637036,,
diabetes_mlp_nested_R60_C20_s48_summary.json,diabetes,mlp,nested,48,60.0,20,weighted_ce,none,,,,,,1.0,inf,0.6974714621972908,0.756745339535762,54.0,0.059273877338471115,0.7081299644842293,0.7279180909860447,0.756745339535762,54.0,0.26823699456750016,0.3398171852226975,59.0,0.07158019065519733,0.2772177801268462,0.301384252474831,0.3398171852226975,59.0,0.3006765807302645,0.34698501950746685,54.0,0.046308438777202365,0.3060337286951861,0.3177235039848326,0.3335444933877485,29.0,0.32604129832291834,0.3833710125520519,54.0,0.05732971422913358,0.3408637856762764,0.3561235689697215,0.3833710125520519,54.0,0.32873242964268573,0.39853475076919925,1.0,0.06980232112651352,0.33565842623187997,0.32678558197858076,0.39853475076919925,1.0,0.6580932619031927,0.6633025267718708,27.0,0.005209264868678121,0.6595264988115584,0.6599790353878978,0.6628105004174198,15.0,0.22418197906664972,0.22982325520533764,52.0,0.005641276138687923,0.22447204096428988,0.22744289298535061,0.22982325520533764,52.0,0.24338260570642833,0.2770248639419486,16.0,0.03364225823552025,0.25711409434751226,0.24756551082828002,0.2770248639419486,16.0,128.69632,128.69632,0.009735425957983922,0.004801714422803871,0.006468307751706587,0.002883850318471182,0.00681857842636597,0.0033052246794676105,1.0150977061877104,1.551046636654064,,
diabetes_mlp_nested_R60_C20_s48_tf_warm_summary.json,diabetes,mlp,nested,48,60.0,20,weighted_ce,none,_tf_warm,5.0,2.0,,,1.0,inf,0.7082414019809503,0.7636008670451883,59.0,0.055359465064237945,0.7150436456759324,0.7381673549632883,0.7636008670451883,59.0,0.28324667172527895,0.3516913946955856,59.0,0.06844472297030663,0.28914961708939974,0.31684101538198634,0.3516913946955856,59.0,0.3069506017442888,0.34671198565800954,54.0,0.03976138391372075,0.31093670327892114,0.3232433675234515,0.3368702952853743,29.0,0.3392369206781579,0.39414571491470063,39.0,0.05490879423654271,0.3511610900286434,0.36876944844938464,0.39414571491470063,39.0,0.32660174882068743,0.39867920391088035,1.0,0.07207745509019292,0.33413748611900257,0.32537449574601673,0.39867920391088035,1.0,0.6589828297899287,0.6640477634141215,12.0,0.005064933624192802,0.6616454492667747,0.6617059980706974,0.6640477634141215,12.0,0.21578296256865717,0.22844054105283393,31.0,0.012657578484176757,0.2237281494748152,0.2201634864658851,0.2270050888360515,16.0,0.2584825234441603,0.28118422898835416,3.0,0.022701705544193873,0.2657513999167231,0.2607619017422701,0.28118422898835416,3.0,140.69248,140.69248,0.00782142580214546,0.0032006273298375762,0.0063874750117819575,0.0027094811752479764,0.006128143247296501,0.0028443819491286476,1.1128290988805627,1.5275987987406552,,
diabetes_mlp_nested_R60_C20_s49_loss_cb_summary.json,diabetes,mlp,nested,49,60.0,20,cb,none,_loss_cb,,,,,1.0,inf,0.6941686698368216,0.7482987226454375,59.0,0.054130052808615936,0.7046171073857148,0.721890867328708,0.7482987226454375,59.0,0.28262663786445225,0.35644634417237137,59.0,0.07381970630791912,0.2887903872179812,0.3180440288292557,0.35644634417237137,59.0,0.11644006251884169,0.1724086932173215,54.0,0.05596863069847981,0.1059553931518639,0.13773582085870192,0.15884344692461075,24.0,0.32557763787746086,0.3795633925515924,54.0,0.053985754674131525,0.33780909317543106,0.3551360709055421,0.3795633925515924,54.0,0.07917796115591197,0.26568093246893826,1.0,0.1865029713130263,0.08313036546683551,0.07877327960862505,0.26568093246893826,1.0,0.5379378459789724,0.6682293160312872,23.0,0.13029147005231478,0.5739539053115756,0.3930761298936524,0.667121149244656,6.0,0.12901883810765596,0.20394730578378034,27.0,0.07492846767612438,0.1569219042462579,0.09252531034932292,0.2020969455740376,6.0,0.0008802816901408451,0.13367675466838377,2.0,0.13279647297824293,0.011675480578904133,0.04467934730261839,0.13367675466838377,2.0,128.69632,128.69632,0.009620451692816022,0.004749397176755404,0.006331213013814436,0.0026109040921438484,0.00664733823892644,0.0031026731122096598,0.9467731511006908,1.3680886141955853,,
diabetes_mlp_nested_R60_C20_s49_loss_focal_summary.json,diabetes,mlp,nested,49,60.0,20,focal,none,_loss_focal,,,,,1.0,inf,0.6957545335247312,0.7520741936022329,59.0,0.056319660077501776,0.7055439095094838,0.7239257918722141,0.7520741936022329,59.0,0.27321543429936085,0.34233993796316464,59.0,0.0691245036638038,0.27863114682151,0.30478243089093915,0.31986534862609517,34.0,0.29365081730083625,0.3244381278916459,54.0,0.030787310590809636,0.29373051699563846,0.3031161684184282,0.31509743312739324,29.0,0.3304294947307277,0.3750124753052839,59.0,0.04458298057455623,0.33399327518906324,0.348780944410825,0.3750124753052839,59.0,0.37398671222736257,0.39124418655738674,1.0,0.01725747433002417,0.3737884423080387,0.37087606437958465,0.39124418655738674,1.0,0.4663948145866193,0.6073207151440609,23.0,0.14092590055744164,0.46329649947935664,0.4850599605274565,0.4878769158808744,10.0,0.11176108073730429,0.1524822838664513,23.0,0.04072120312914701,0.10905105945317956,0.11545785606306849,0.11275156121820455,10.0,0.015145140933950358,0.17562995505731455,2.0,0.16048481412336418,0.07898625890949439,0.049546596438571164,0.17562995505731455,2.0,128.69632,128.69632,0.009185102520754192,0.0046302357872134835,0.006368040430573786,0.002804656933460797,0.006666974730892432,0.0032409034093379154,0.9415112689059849,1.3579440640751272,,
diabetes_mlp_nested_R60_C20_s49_loss_ldam_summary.json,diabetes,mlp,nested,49,60.0,20,ldam,none,_loss_ldam,,,,,1.0,inf,0.6814600659538731,0.7023795010028989,39.0,0.020919435049025825,0.6833960944803754,0.6908059277977643,0.6952702291302321,9.0,0.24878951517641312,0.2665602719873719,39.0,0.0177707568109588,0.2471774839970588,0.2546260160396461,0.2597006307372834,9.0,0.2864238587230935,0.314672612891585,29.0,0.028248754168491486,0.29197268776492474,0.2970531044616306,0.314672612891585,29.0,0.3168086351238517,0.34352715408390105,39.0,0.026718518960049342,0.32128727914050487,0.3263602584548787,0.34352715408390105,39.0,0.3771501246911042,0.3936644266926931,3.0,0.016514302001588876,0.3775749918501093,0.37747334787248815,0.3936644266926931,3.0,0.5843931930970585,0.6637656768378635,36.0,0.07937248374080497,0.5657145205205036,0.5075577968764817,0.6578311415046562,22.0,0.16030058040539585,0.20910613424508867,27.0,0.04880555383969282,0.1577524248209185,0.1163886687794989,0.20910613424508867,27.0,0.04794246903715541,0.1453287197231834,1.0,0.09738625068602799,0.01943511622368592,0.03983039857313661,0.1453287197231834,1.0,128.69632,128.69632,0.00932672303900413,0.004833117349488122,0.005839878517683243,0.002962079581252968,0.006217148241334749,0.003474959999352258,0.7658797823629963,1.1254158359370194,,
diabetes_mlp_nested_R60_C20_s49_loss_weighted_ce_summary.json,diabetes,mlp,nested,49,60.0,20,weighted_ce,none,_loss_weighted_ce,,,,,1.0,inf,0.6950547328035034,0.7551363609916812,59.0,0.06008162818817786,0.7065130448612708,0.7245983142202872,0.7551363609916812,59.0,0.27341522764544296,0.3475822663195607,59.0,0.07416703867411772,0.2804283211461386,0.3071629280989502,0.3475822663195607,59.0,0.29134664367837465,0.33115774518714686,59.0,0.039811101508772206,0.29875139575278375,0.30873469958404104,0.32656154730699083,39.0,0.32576303521205024,0.38340593544863705,59.0,0.0576429002365868,0.3355500373716442,0.35229960041962344,0.38340593544863705,59.0,0.33211994142608803,0.3816836866543583,1.0,0.049563745228270284,0.33733584238170766,0.33053768844537784,0.3816836866543583,1.0,0.3372632778093717,0.4194665790279888,10.0,0.08220330121861708,0.3421221063495088,0.33664497134182103,0.4194665790279888,10.0,0.08091071374693995,0.10103960027662974,8.0,0.02012888652968979,0.08240011647599674,0.08080913759001698,0.10103960027662974,8.0,0.10600769988360641,0.15328630612473407,2.0,0.04727860624112766,0.08715991470600835,0.10868973490568878,0.15328630612473407,2.0,128.69632,128.69632,0.009772821226177116,0.004271398700801579,0.006228190252282721,0.00233442818132591,0.0065816139999187164,0.0027747158512349507,0.952967295893662,1.2544834583532065,,
diabetes_mlp_nested_R60_C20_s49_summary.json,diabetes,mlp,nested,49,60.0,20,weighted_ce,none,,,,,,1.0,inf,0.6982604057760292,0.7582945924485299,59.0,0.06003418667250071,0.7081626045829524,0.7271003940758931,0.7582945924485299,59.0,0.27434437361964625,0.34324252868503324,59.0,0.06889815506538699,0.28199229896642675,0.30640323260963126,0.34324252868503324,59.0,0.29122889731753543,0.3360304954646987,54.0,0.04480159814716328,0.30246524078751663,0.3127784540473398,0.3124092274008591,8.0,0.32983427250358044,0.3765984227154948,44.0,0.04676415021191438,0.33847785793196344,0.35256924259216704,0.3765984227154948,44.0,0.34125636233953444,0.38142696823193234,1.0,0.040170605892397904,0.33733294562379595,0.3332011709629111,0.38142696823193234,1.0,0.331268141173702,0.3749931291751712,8.0,0.04372498800146918,0.332435177438455,0.33020618774311117,0.3749931291751712,8.0,0.08016577486276069,0.09034231933749134,7.0,0.010176544474730653,0.08011774403357033,0.07977919266817726,0.09034231933749134,7.0,0.11047124665422986,0.15085465182975794,2.0,0.040383405175528075,0.11780755856138288,0.11399812107122886,0.15085465182975794,2.0,128.69632,128.69632,0.00975596071327747,0.004657339728298559,0.0063625850468771224,0.0025930769382776406,0.006686222628442971,0.0030644902564349024,0.9900364103697938,1.3795441538095474,,
diabetes_mlp_nested_R60_C20_s49_tf_warm_summary.json,diabetes,mlp,nested,49,60.0,20,weighted_ce,none,_tf_warm,5.0,2.0,,,1.0,inf,0.7023671156356752,0.7690849026543665,59.0,0.06671778701869124,0.7155730546235649,0.7364289593043344,0.7690849026543665,59.0,0.2818979163880525,0.3610715473333505,59.0,0.079173630945298,0.2913105857949924,0.3200564085402955,0.3610715473333505,59.0,0.30071059507839965,0.34472130143967594,59.0,0.0440107063612763,0.3069751393918515,0.3191847833103797,0.3372314418016195,29.0,0.3320312864723212,0.3914859496376203,59.0,0.05945466316529907,0.34572149258302287,0.36176412242454614,0.3914859496376203,59.0,0.329247679362744,0.3818289255826524,1.0,0.052581246219908395,0.33651573042991195,0.33215516000206496,0.3818289255826524,1.0,0.3359939886118243,0.37048535355997075,1.0,0.034491364948146475,0.3325394673564246,0.3328215599982511,0.37048535355997075,1.0,0.08061191157443645,0.08520163615117685,7.0,0.004589724576740395,0.0799889142967993,0.08000087116151759,0.08520163615117685,7.0,0.10899004731603851,0.14427928542206464,1.0,0.03528923810602613,0.11606487417771723,0.11131207573492405,0.14427928542206464,1.0,140.69248,140.69248,0.007738421707742249,0.003013190208746274,0.006373932448266983,0.0028237111314672143,0.006118661918943444,0.002876512389489199,1.114505027900062,1.5575541679281741,,
diabetes_mlp_nested_R60_C20_s50_loss_cb_summary.json,diabetes,mlp,nested,50,60.0,20,cb,none,_loss_cb,,,,,1.0,inf,0.6839076300643481,0.7423195316152466,59.0,0.05841190155089848,0.6969196145858898,0.7137973316215522,0.7423195316152466,59.0,0.27606019182921204,0.3551676424037207,59.0,0.07910745057450863,0.2851800768003214,0.315077990037053,0.3551676424037207,59.0,0.13247946827737803,0.21569086675421995,59.0,0.08321139847684192,0.11423222758103942,0.1533090662216483,0.19695771463200576,39.0,0.32166979516153066,0.37503135025253964,59.0,0.05336155509100898,0.3317230955261174,0.34812484481355443,0.37503135025253964,59.0,0.07668687425132424,0.2727874824862246,1.0,0.19610060823490033,0.08110075260844682,0.0753669098444473,0.2727874824862246,1.0,0.6364299214268787,0.6585758008721266,13.0,0.02214587944524793,0.5867669810856504,0.6251749544166264,0.6585758008721266,13.0,0.18394408258427375,0.21543847288962306,13.0,0.03149439030534931,0.16189185458459754,0.16914461173605091,0.21543847288962306,13.0,0.2068003162937811,0.26289163042513536,9.0,0.056091314131354264,0.21315662875325891,0.20583185635136117,0.26289163042513536,9.0,128.69632,128.69632,0.009496217799085169,0.004921898427217572,0.0062379370856612435,0.0028650570334664647,0.006582158778197342,0.0033320530770568233,0.9491894727592202,1.4671721926424652,,
diabetes_mlp_nested_R60_C20_s50_loss_focal_summary.json,diabetes,mlp,nested,50,60.0,20,focal,none,_loss_focal,,,,,1.0,inf,0.6924899501131718,0.7409361962855513,59.0,0.04844624617237947,0.6973926454569495,0.717711865126424,0.7409361962855513,59.0,0.2738353985651324,0.34464334063034224,59.0,0.07080794206520985,0.28008887018401846,0.30872028039584276,0.34464334063034224,59.0,0.2928571410750118,0.3203368075990173,58.0,0.027479666524005464,0.28952964942264664,0.30513612585237243,0.3203368075990173,58.0,0.32127679317325936,0.369780239555361,59.0,0.048503446382101634,0.3316207565575361,0.3457158640843271,0.369780239555361,59.0,0.37148331080114844,0.3904240359486839,7.0,0.018940725147535475,0.37184308985106956,0.3696399472440825,0.3904240359486839,7.0,0.6438602259132225,0.6570591996290985,10.0,0.013198973715876083,0.6430001473556624,0.6441940137207673,0.6570591996290985,10.0,0.20021323419803655,0.21474768426786076,16.0,0.014534450069824206,0.2044787055750835,0.20499256942288985,0.21474768426786076,16.0,0.20536447404433902,0.2060561638187732,53.0,0.0006916897744341788,0.20495001475600647,0.20574411619276117,0.2053709604005462,24.0,128.69632,128.69632,0.00929136155916835,0.00489151502351158,0.006131379237770529,0.0028609031395582544,0.006485796340128204,0.003306575543557017,0.9237119767465629,1.451639331644401,,
diabetes_mlp_nested_R60_C20_s50_loss_ldam_summary.json,diabetes,mlp,nested,50,60.0,20,ldam,none,_loss_ldam,,,,,1.0,inf,0.6625527613033835,0.6825924015198297,9.0,0.02003964021644622,0.6695084867693027,0.6714961946213599,0.6825924015198297,9.0,0.2391140594163309,0.2669108965145611,59.0,0.02779683709823022,0.24609893254268506,0.2501673783962901,0.2607706211476415,14.0,0.27684265776510947,0.3062017401034433,14.0,0.02935908233833384,0.2868342632087139,0.29001903641186966,0.3062017401034433,14.0,0.3048787485339488,0.33266874112011746,39.0,0.027789992586168655,0.3152787380731411,0.31795521188686626,0.33172625858056104,14.0,0.3702181262457325,0.39086039845973597,1.0,0.020642272214003443,0.3757313826110192,0.3734997977745865,0.39086039845973597,1.0,0.621065088032647,0.6556011666773506,22.0,0.03453607864470354,0.6224960585100284,0.6312094800164789,0.6556011666773506,22.0,0.16338568979328733,0.20831768846713883,54.0,0.0449319986738515,0.17824313219896024,0.1908919686222115,0.19871078671640813,16.0,0.2045002711006687,0.2086621570838031,26.0,0.0041618859831343835,0.2046851108360642,0.2045159821109276,0.2045002711006687,1.0,128.69632,128.69632,0.009133064506927727,0.0046723297910371995,0.005816591992181824,0.0029763337807624237,0.006197288684211091,0.003452758753391703,0.739175658726405,1.0906367700663395,,
diabetes_mlp_nested_R60_C20_s50_loss_weighted_ce_summary.json,diabetes,mlp,nested,50,60.0,20,weighted_ce,none,_loss_weighted_ce,,,,,1.0,inf,0.6912141805814053,0.7454835760517515,59.0,0.05426939547034626,0.6974139339887909,0.7188456428572128,0.7454835760517515,59.0,0.27353523908862515,0.3463528624945667,59.0,0.07281762340594156,0.27907436768421773,0.3091920164913085,0.3463528624945667,59.0,0.29364111565377826,0.3262491472269537,54.0,0.03260803157317543,0.29611829631696,0.31025247659042365,0.3262491472269537,54.0,0.32202281190243054,0.37135326105343297,59.0,0.04933044915100243,0.33228866940386237,0.34710927641020295,0.37135326105343297,59.0,0.3260369976554262,0.3851125133287435,1.0,0.059075515673317314,0.33546898899338856,0.330469693331723,0.3851125133287435,1.0,0.6480591093232437,0.657275928660684,22.0,0.00921681933744023,0.6489315216911333,0.6479132884588364,0.657275928660684,22.0,0.2055479387708602,0.2119797651786813,16.0,0.006431826407821112,0.1998979434235639,0.20376342470754297,0.2119797651786813,16.0,0.2129533422393746,0.24272166589296373,25.0,0.02976832365358914,0.22068034908584708,0.21205520877921186,0.24272166589296373,25.0,128.69632,128.69632,0.009889908348736355,0.004693129643387408,0.0065160366825628025,0.0027556002202172017,0.006859824037195517,0.003166270480244493,1.0356439084183269,1.5037542290519923,,
diabetes_mlp_nested_R60_C20_s50_summary.json,diabetes,mlp,nested,50,60.0,20,weighted_ce,none,,,,,,1.0,inf,0.6905458361983613,0.7424418770192684,59.0,0.05189604082090715,0.6977598278669713,0.7174001314917005,0.7424418770192684,59.0,0.26963703557793217,0.3359511183911421,59.0,0.06631408281320994,0.27661722658536647,0.3023395577758463,0.3359511183911421,59.0,0.29014746462387636,0.3206932795423048,54.0,0.03054581491842845,0.29560586205168937,0.30775732246885795,0.3124954081571637,23.0,0.3195072670133817,0.36539757750060226,54.0,0.04589031048722053,0.3292323225180992,0.34213826707435546,0.3518955686378339,24.0,0.3297557389184953,0.38490576004827404,1.0,0.05515002112977874,0.3365958621591019,0.3297029967206482,0.38490576004827404,1.0,0.6488110473727247,0.6581806562851243,20.0,0.009369608912399685,0.6521400862418402,0.6498301494453971,0.6581806562851243,20.0,0.20829344879232792,0.21390032719707788,36.0,0.005606878404749965,0.20610585861646202,0.20847009922728307,0.21214832248343435,18.0,0.22283721702551612,0.24877459686012646,24.0,0.025937379834610336,0.22904998748999258,0.2200574471941949,0.24877459686012646,24.0,128.69632,128.69632,0.009680410608181091,0.004708544078192102,0.006304180518221152,0.0022302909577372543,0.006656441194978615,0.0027604578513437165,0.9796364030800759,1.2939591016620398,,
diabetes_mlp_nested_R60_C20_s50_tf_warm_summary.json,diabetes,mlp,nested,50,60.0,20,weighted_ce,none,_tf_warm,5.0,2.0,,,1.0,inf,0.6985779616910593,0.7530944048190239,59.0,0.05451644312796455,0.7050677680970013,0.7267559396599763,0.7530944048190239,59.0,0.2826361433865192,0.35624425441937013,59.0,0.07360811103285092,0.2906214140671698,0.3197859219690455,0.35624425441937013,59.0,0.2994528998490363,0.3373045158833338,58.0,0.03785161603429754,0.30050605601702246,0.31577149411067756,0.33155451649299117,34.0,0.32911293872528824,0.3799898423062694,59.0,0.05087690358098118,0.3382528662489708,0.3566369210088777,0.3799898423062694,59.0,0.3250882320377378,0.3853569609737533,1.0,0.060268728936015536,0.3337413201925867,0.32589306248524447,0.3853569609737533,1.0,0.5477160273917385,0.6562371101443794,3.0,0.10852108275264083,0.5542094264135874,0.5182147335683629,0.6562371101443794,3.0,0.12487902955916332,0.2107990311669532,3.0,0.08592000160778988,0.1339247837914443,0.11980611237202077,0.2107990311669532,3.0,0.2053673478718054,0.22173353357648573,27.0,0.01636618570468032,0.2097348708209598,0.204719452956235,0.22173353357648573,27.0,140.69248,140.69248,0.007862328938559782,0.003011225882558295,0.0063314041988767125,0.002439411931791188,0.006081774040369504,0.0025899382983601157,1.0957912517284665,1.4062340687960386,,
diabetes_mlp_nested_R60_C20_s51_loss_cb_summary.json,diabetes,mlp,nested,51,60.0,20,cb,none,_loss_cb,,,,,1.0,inf,0.6963217514843401,0.7563006162163526,59.0,0.05997886473201253,0.7093973842572282,0.7267081933150688,0.7563006162163526,59.0,0.2732855485790046,0.35830016425938516,59.0,0.08501461568038055,0.28260615358848107,0.31281569257518493,0.35830016425938516,59.0,0.11283602113337005,0.17915420022841844,39.0,0.06631817909504839,0.10644195233523752,0.1419194878777918,0.17915420022841844,39.0,0.3248348304191625,0.38244767493096404,54.0,0.05761284451180154,0.3322100529248618,0.3508897301015564,0.38244767493096404,54.0,0.08957872684005826,0.2558364263404637,1.0,0.16625769950040548,0.0826960634326162,0.07900224697148853,0.2558364263404637,1.0,0.6264285982126869,0.6610141091478023,18.0,0.034585510935115416,0.6539292580210281,0.6403696059507291,0.6610141091478023,18.0,0.16061076100333033,0.21541250767100698,14.0,0.05480174666767665,0.19874996750605484,0.1691433594430492,0.21541250767100698,14.0,0.25664621676891614,0.269378131447097,53.0,0.012731914678180856,0.19409109387290996,0.2618550964021121,0.2404848484848485,27.0,128.69632,128.69632,0.009385288930275383,0.0048146356322346,0.006273401749258554,0.003078246927032501,0.006572564369565343,0.003485818498766846,0.9233017145229193,1.4668818064965308,,
diabetes_mlp_nested_R60_C20_s51_loss_focal_summary.json,diabetes,mlp,nested,51,60.0,20,focal,none,_loss_focal,,,,,1.0,inf,0.6971978950072101,0.7514262589972818,59.0,0.05422836399007169,0.7068918073095157,0.7243110100025634,0.7514262589972818,59.0,0.2766349129567209,0.3493916065668026,59.0,0.07275669361008175,0.28410834494620574,0.3111123746821962,0.3493916065668026,59.0,0.2917307458763751,0.3287514517732569,54.0,0.03702070589688178,0.2995556333505195,0.3098713160799026,0.3204433562986613,24.0,0.3232650704671233,0.37592419685300377,59.0,0.05265912638588044,0.3317046914781091,0.3480877335641854,0.37592419685300377,59.0,0.37673058251457336,0.389396376945341,1.0,0.012665794430767652,0.37260337278234795,0.3699158398793614,0.389396376945341,1.0,0.48468543970944705,0.6560328301689221,8.0,0.17134739045947506,0.5341387450150022,0.48954204365010545,0.6560328301689221,8.0,0.11142121725511706,0.20827282516475146,8.0,0.0968516079096344,0.12801265001161038,0.11179808978476005,0.20827282516475146,8.0,0.04113475177304964,0.26793467025015505,11.0,0.2267999184771054,0.10763117160837005,0.0660124161376716,0.26793467025015505,11.0,128.69632,128.69632,0.009008184519646589,0.0044233117922984535,0.0064604140663074815,0.0031586673930097944,0.006710214811716889,0.003463342398734598,0.9605445415761399,1.4460775927873328,,
diabetes_mlp_nested_R60_C20_s51_loss_ldam_summary.json,diabetes,mlp,nested,51,60.0,20,ldam,none,_loss_ldam,,,,,1.0,inf,0.6766639553646605,0.6973297364674321,19.0,0.02066578110277162,0.6818967707539753,0.6832557935764078,0.6973297364674321,19.0,0.2418807332049991,0.2638546684101294,49.0,0.0219739352051303,0.24587750505514883,0.25098620418791157,0.26194546722467377,24.0,0.2919011820512877,0.30975310480897816,44.0,0.017851922757690486,0.29310710513616656,0.29924472546792047,0.30489020815122675,9.0,0.3081237041034927,0.333533347880076,19.0,0.02540964377658328,0.3166206180581422,0.31943173248220125,0.333533347880076,19.0,0.37094553743094233,0.3904143662978815,1.0,0.01946882886693918,0.3755127752404697,0.37189948449036986,0.3904143662978815,1.0,0.40758669073417253,0.5768055686836764,31.0,0.16921887794950385,0.4491392021496977,0.421603815916811,0.5344554484172606,18.0,0.09914348690627023,0.1292775450889366,31.0,0.030134058182666373,0.1048154434536493,0.10188782872004942,0.1292775450889366,31.0,0.14451827242524917,0.14451827242524917,60.0,0.0,0.08152421028311255,0.12410936820568959,0.133896918461958,4.0,128.69632,128.69632,0.00887577601433067,0.004861662604465165,0.005611591855210078,0.0034431493505778857,0.005941139058427146,0.0038656704992514287,0.7009586902471104,1.1763081094250083,,
diabetes_mlp_nested_R60_C20_s51_loss_weighted_ce_summary.json,diabetes,mlp,nested,51,60.0,20,weighted_ce,none,_loss_weighted_ce,,,,,1.0,inf,0.69697307355084,0.7481251806657903,59.0,0.05115210711495022,0.7068895437457721,0.7242057069625332,0.7481251806657903,59.0,0.2694614653265777,0.33873557631428053,59.0,0.06927411098770281,0.2768989871868676,0.3024684270368068,0.33873557631428053,59.0,0.2998003004092921,0.3371718739874188,54.0,0.037371573578126704,0.30252462122452134,0.3168077442667669,0.3233088349926908,29.0,0.3202811041944204,0.3698093759758138,59.0,0.04952827178139341,0.33037444073749067,0.3457485598581754,0.3698093759758138,59.0,0.34817760825462973,0.3886950252369451,1.0,0.04051741698231537,0.3354668560124431,0.3264962941720987,0.3886950252369451,1.0,0.37145127231110553,0.4860785794462369,19.0,0.11462730713513136,0.4355001233443781,0.40713194001623093,0.4860785794462369,19.0,0.0900900230724,0.11013164848737106,19.0,0.020041625414971065,0.1018229442184583,0.09711142087765554,0.11013164848737106,19.0,0.10854119425547996,0.16661754592789074,4.0,0.05807635167241078,0.08634823357805456,0.0885616362284069,0.16661754592789074,4.0,128.69632,128.69632,0.00957300987515841,0.004550959171947639,0.0062434101128870986,0.0027084208248694974,0.006542029659901833,0.003114101744661696,1.0069068266777321,1.500976022449322,,
diabetes_mlp_nested_R60_C20_s51_summary.json,diabetes,mlp,nested,51,60.0,20,weighted_ce,none,,,,,,1.0,inf,0.7002424245542701,0.7564890273484084,59.0,0.05624660279413829,0.7109444305319825,0.7292248597706134,0.7564890273484084,59.0,0.2741624229658717,0.3472288905039182,59.0,0.07306646753804652,0.2814991754331757,0.3058198157735431,0.3472288905039182,59.0,0.30122405528582574,0.33734735880676436,54.0,0.03612330352093862,0.30552635782257115,0.31968031269126135,0.33734735880676436,54.0,0.3262800166133567,0.3756107246492574,54.0,0.04933070803590067,0.3336237585056665,0.34905793753897074,0.3756107246492574,54.0,0.34778862942730226,0.38782032395920296,1.0,0.0400316945319007,0.3363082900660744,0.32819338445234963,0.38782032395920296,1.0,0.4043833804297525,0.5126442753994253,14.0,0.10826089496967273,0.45480488534929653,0.4220634207626864,0.5126442753994253,14.0,0.09740135385818835,0.11822816684939515,14.0,0.020826812991206797,0.10567190240308233,0.09940561451875196,0.11822816684939515,14.0,0.1333655472336313,0.1720647773279352,4.0,0.0386992300943039,0.09607207615970212,0.10718849922853799,0.1720647773279352,4.0,128.69632,128.69632,0.009599069989749869,0.004564673815020299,0.0063586176220936895,0.002514549301261361,0.006659135047745407,0.002963324811158975,1.0188662144336074,1.421791405766271,,
diabetes_mlp_nested_R60_C20_s51_tf_warm_summary.json,diabetes,mlp,nested,51,60.0,20,weighted_ce,none,_tf_warm,5.0,2.0,,,1.0,inf,0.708586132925415,0.769081168605862,59.0,0.06049503568044701,0.7178410498529199,0.7398654376308172,0.769081168605862,59.0,0.28851143323187883,0.3679621805411852,59.0,0.07945074730930635,0.2933309191793833,0.32554879507786283,0.3679621805411852,59.0,0.30784710358828526,0.3499972342425565,54.0,0.042150130654271256,0.31185737935609553,0.3272275380868972,0.33682529485990503,34.0,0.334866278359266,0.3889224419671488,59.0,0.05405616360788279,0.34186587023533416,0.36251022072151395,0.37045157802318074,29.0,0.34079215484630404,0.3875576283985306,1.0,0.046765473552226544,0.3328106588682957,0.32461034166077235,0.3875576283985306,1.0,0.3517641567478728,0.47201258920840516,7.0,0.12024843246053235,0.4082517562497566,0.3689252885457791,0.47201258920840516,7.0,0.08594998892280675,0.10892524592486212,7.0,0.02297525700205537,0.09634707403373546,0.089119721879151,0.10892524592486212,7.0,0.06356850469540092,0.1545198623709728,4.0,0.09095135767557187,0.0378777396904414,0.057958249651847996,0.1545198623709728,4.0,140.69248,140.69248,0.007632549335607904,0.003084656606781645,0.0063447438891347145,0.0025941049352684337,0.0060606683583039256,0.002723644512549529,1.1448038142969987,1.551139042712748,,
diabetes_mlp_scaffold_R60_C20_s42_summary.json,diabetes,mlp,scaffold,42,60.0,20,weighted_ce,none,,,,,,1.0,inf,0.7405676218607756,0.7405676218607756,60.0,0.0,0.7065207502434501,0.7379896836891227,0.7405676218607756,60.0,0.33440559013565496,0.33440559013565496,60.0,0.0,0.28422366927121706,0.32916917978457344,0.33440559013565496,60.0,0.315383913730263,0.32231983740436426,58.0,0.006935923674101285,0.298728298531913,0.31628416269986104,0.32231983740436426,58.0,0.3711177340841992,0.37217623492150587,57.0,0.0010585008373066862,0.33363052388778475,0.36666576516689064,0.37217623492150587,57.0,0.31940023714547605,0.3686890976854261,1.0,0.049288860539950075,0.32675209387264265,0.3163897667969292,0.3686890976854261,1.0,0.6404396344013402,0.667997151174059,8.0,0.027557516772718782,0.6552698191106966,0.6425825662313629,0.667997151174059,8.0,0.2025683198738984,0.22496581049304584,5.0,0.022397490619147448,0.21389002994543416,0.20306771790229652,0.22496581049304584,5.0,0.26397919375812745,0.2817074670931234,7.0,0.017728273334995936,0.2724858858777474,0.26456910654965526,0.2817074670931234,7.0,439.3152,219.6576,0.0035126306918287016,0.0006982328265800051,0.0061749426203454765,0.002504136757615571,0.004769826725823958,0.001531124508318587,1.6705923589838751,1.6303327368195824,0.003492370943622121,0.0026977315439269582
diabetes_mlp_scaffold_R60_C20_s43_summary.json,diabetes,mlp,scaffold,43,60.0,20,weighted_ce,none,,,,,,1.0,inf,0.7366162200998221,0.7367808896959952,59.0,0.00016466959617311705,0.7094324319470108,0.7339724184269236,0.7367808896959952,59.0,0.32110501080632275,0.32721175568071564,58.0,0.006106744874392889,0.2771764243618358,0.3206090093433604,0.32721175568071564,58.0,0.31604594678482456,0.3201395059478002,59.0,0.004093559162975657,0.2999271475532149,0.3136338448214814,0.3180489874478253,46.0,0.36691111998928394,0.36785370460204003,59.0,0.0009425846127560922,0.3348991303680119,0.36309168885794557,0.36785370460204003,59.0,0.31500578513573985,0.3740836118766261,2.0,0.05907782674088624,0.3326674400022234,0.32116594584611535,0.3740836118766261,2.0,0.6508986737689201,0.6710991874029206,17.0,0.02020051363400055,0.6609365939034397,0.6511834358882896,0.6710991874029206,17.0,0.2126645724795576,0.22375872647603773,16.0,0.011094153996480116,0.2174592499790214,0.21269821969748487,0.22375872647603773,16.0,0.2728236541406526,0.28244917598941416,17.0,0.009625521848761531,0.2766727078108901,0.2724551117229421,0.28244917598941416,17.0,439.3152,219.6576,0.0035786463679986216,0.00076038874657989,0.006274279335643092,0.0025625976366376603,0.004901348973303524,0.0016368305753191698,1.675319964587311,1.6955136026917899,0.004356081931949008,0.003181185933415387
diabetes_mlp_scaffold_R60_C20_s44_summary.json,diabetes,mlp,scaffold,44,60.0,20,weighted_ce,none,,,,,,1.0,inf,0.7360701020812233,0.7379246732059528,57.0,0.0018545711247295316,0.7054783990959811,0.7357468163623844,0.7379246732059528,57.0,0.3298431252756359,0.33476389418768476,58.0,0.004920768912048845,0.28699408285065325,0.32963784261766527,0.33476389418768476,58.0,0.3120436240574078,0.319271191855516,54.0,0.007227567798108181,0.29711166973629216,0.3132880155058973,0.319271191855516,54.0,0.36556686748862405,0.36952827203039396,57.0,0.003961404541769908,0.33420025368653195,0.3654976652059606,0.36952827203039396,57.0,0.3200449904696887,0.3702153432658156,1.0,0.050170352796126916,0.328650962555319,0.3185339262597459,0.3702153432658156,1.0,0.6298587022089895,0.6654272869957711,7.0,0.0355685847867816,0.6485758202401137,0.632745256821769,0.6654272869957711,7.0,0.20521308129788948,0.22781882228377331,13.0,0.022605740985883832,0.21688604178483648,0.2072032733726073,0.22781882228377331,13.0,0.2542766631467793,0.28466735371579066,8.0,0.030390690569011336,0.26951126890187377,0.25829907946414765,0.28466735371579066,8.0,439.3152,219.6576,0.00354785629855813,0.0006977505633764143,0.006266164380092383,0.002388200332433686,0.004880445234123534,0.0015167659629891101,1.7069911046293176,1.5994152908806427,0.004876143430004445,0.004218347810110498
diabetes_mlp_scaffold_R60_C20_s45_summary.json,diabetes,mlp,scaffold,45,60.0,20,weighted_ce,none,,,,,,1.0,inf,0.7304776950261394,0.7316410708526571,59.0,0.0011633758265177097,0.7007575199505367,0.7275743933412838,0.7316410708526571,59.0,0.3228397319424635,0.3228397319424635,60.0,0.0,0.27531057449914387,0.31486162605206974,0.3228397319424635,60.0,0.32029255293963615,0.32029255293963615,60.0,0.0,0.298463090269982,0.3111164090653359,0.30889283760710023,30.0,0.36356255956435174,0.3661662480320067,59.0,0.002603688467654963,0.3340332863240064,0.3616498045043083,0.3661662480320067,59.0,0.3178811208499104,0.35754837148627666,2.0,0.03966725063636628,0.32606253969769294,0.32006524709390827,0.35754837148627666,2.0,0.6269111120827177,0.6614860563794661,5.0,0.034574944296748455,0.6454868385784267,0.6297608428392503,0.6614860563794661,5.0,0.19831416749162542,0.21324080873072387,9.0,0.014926641239098454,0.20573932223169622,0.19942217758506975,0.21324080873072387,9.0,0.25674724243135416,0.2757083731295766,2.0,0.018961130698222417,0.2657213711241365,0.2582617010806028,0.2757083731295766,2.0,439.3152,219.6576,0.0034015503112861433,0.0006770795410817998,0.006244814684240254,0.0028729628284727307,0.00473016154971601,0.001674150405462002,1.6611841065127768,1.7781442416871869,0.004225150844711228,0.003700787601168551
diabetes_mlp_scaffold_R60_C20_s46_summary.json,diabetes,mlp,scaffold,46,60.0,20,weighted_ce,none,,,,,,1.0,inf,0.7466832801857094,0.7466832801857094,60.0,0.0,0.710994392749558,0.7424981546333083,0.7466832801857094,60.0,0.33313583601740065,0.33579130698007437,58.0,0.0026554709626737116,0.28621674107639344,0.3297783452011075,0.33579130698007437,58.0,0.3199999928496245,0.32452250330040294,58.0,0.00452251045077845,0.3034964021967706,0.32117602556592667,0.31809341224003157,34.0,0.38274727652464535,0.3842729234515595,58.0,0.0015256469269141482,0.34412773915013734,0.3771726502876218,0.3842729234515595,58.0,0.3034329145367412,0.36337883003603283,1.0,0.059945915499291624,0.32679215093625424,0.3099845103857543,0.36337883003603283,1.0,0.6364955299605861,0.6649283207945067,12.0,0.028432790833920585,0.6500244885818144,0.6357985873734746,0.6649283207945067,12.0,0.20299651957889103,0.2264275100393633,13.0,0.023430990460472256,0.2137313730873918,0.19946230770853296,0.2264275100393633,13.0,0.2591854803010181,0.28304034399898825,5.0,0.02385486369797013,0.2676598076026202,0.25953409905901403,0.28304034399898825,5.0,439.3152,219.6576,0.0034534969750349143,0.0006728097236938613,0.006181802891326717,0.0022795771145445627,0.004738102828641875,0.001442524642316114,1.6980279841027217,1.6139591171722714,0.0043329786833895345,0.0042049544724556374
diabetes_mlp_scaffold_R60_C20_s47_summary.json,diabetes,mlp,scaffold,47,60.0,20,weighted_ce,none,,,,,,1.0,inf,0.7396514961251704,0.7396514961251704,60.0,0.0,0.7087063549732945,0.735196193389933,0.7396514961251704,60.0,0.3408029925894904,0.3408029925894904,60.0,0.0,0.2944048329725422,0.3331999707810316,0.3408029925894904,60.0,0.3228264093608152,0.33059561177794705,59.0,0.00776920241713186,0.30239185882918457,0.3174486596798451,0.33059561177794705,59.0,0.37628525005869995,0.3771786526879429,58.0,0.0008934026292429231,0.3449138286965732,0.3719733288641591,0.3771786526879429,58.0,0.31596376569395623,0.3607030896833851,9.0,0.04473932398942887,0.3313619349576104,0.3213107887022889,0.3607030896833851,9.0,0.6295654215217775,0.6696506920344965,5.0,0.04008527051271893,0.6506955862005359,0.6330107931810697,0.6696506920344965,5.0,0.20467520814018778,0.22600938047409147,14.0,0.021334172333903695,0.21520364033147907,0.20490019002653473,0.22600938047409147,14.0,0.25354295837023916,0.2850455777285046,5.0,0.03150261935826543,0.2687173374931748,0.2585859206516896,0.2850455777285046,5.0,439.3152,219.6576,0.003630187877962983,0.0007430970790093506,0.00636954658492325,0.0024763457010452223,0.005010705593470303,0.0015888895325409942,1.7631722739231994,1.6772097819425653,0.0051994183411047225,0.003873195460319934
diabetes_mlp_scaffold_R60_C20_s48_summary.json,diabetes,mlp,scaffold,48,60.0,20,weighted_ce,none,,,,,,1.0,inf,0.7453478487180867,0.7453478487180867,60.0,0.0,0.7106527850431429,0.7410819767300636,0.7453478487180867,60.0,0.3340014846714514,0.3340014846714514,60.0,0.0,0.2883710308654893,0.33017943462946375,0.3340014846714514,60.0,0.3228607538672843,0.32865960445822295,51.0,0.005798850590938653,0.3068576073841175,0.3236068558600544,0.32865960445822295,51.0,0.3690730635888549,0.3724166244762194,53.0,0.0033435608873645384,0.3448361180233138,0.3701300659996859,0.3724166244762194,53.0,0.31636548181300667,0.3671577061271691,1.0,0.050792224314162415,0.3276393029057963,0.31813564946120415,0.3671577061271691,1.0,0.6367585539196481,0.6642450156966033,12.0,0.02748646177695524,0.6528704860856113,0.6386869691864275,0.6642450156966033,12.0,0.20768930290351922,0.22905733526519417,16.0,0.02136803236167495,0.21975162977452897,0.21188759956945474,0.22905733526519417,16.0,0.2612497334186394,0.2799807738524393,3.0,0.018731040433799917,0.2704115808931736,0.2619551997146261,0.2799807738524393,3.0,439.3152,219.6576,0.0035424634132662394,0.0007628281699668536,0.006142267083331623,0.0025170223833640985,0.004815820480751045,0.0016218513744053371,1.678375815538046,1.7034911969585664,0.00413202550937735,0.003682973244673262
diabetes_mlp_scaffold_R60_C20_s49_summary.json,diabetes,mlp,scaffold,49,60.0,20,weighted_ce,none,,,,,,1.0,inf,0.7481111972794865,0.7481111972794865,60.0,0.0,0.7127193974053406,0.7453699136325546,0.7481111972794865,60.0,0.35267749894166345,0.3528769892820885,58.0,0.00019949034042504588,0.29693874122027203,0.34775003411887334,0.3528769892820885,58.0,0.33361501018774015,0.33361501018774015,60.0,0.0,0.30359878228076087,0.32708242418973643,0.33361501018774015,60.0,0.3814766217869418,0.3826263091688794,54.0,0.001149687381937603,0.346956034904961,0.3785304679191583,0.3826263091688794,54.0,0.3077732939336559,0.36162428035938216,3.0,0.05385098642572628,0.32704269110849804,0.31520977734755945,0.36162428035938216,3.0,0.6475252932944917,0.6738795686341814,5.0,0.026354275339689703,0.6627243934000794,0.6500831451375718,0.6738795686341814,5.0,0.213296979729207,0.2291641342599151,16.0,0.01586715453070811,0.22102747119977678,0.2135818546666799,0.2291641342599151,16.0,0.2682779456193353,0.28518836667075714,5.0,0.01691042105142182,0.27439630681574384,0.2688242518708058,0.28518836667075714,5.0,439.3152,219.6576,0.00348483955484266,0.0006995158935119672,0.006135939880284251,0.0024166227266630754,0.004761416249161616,0.0015210990113825767,1.659896289603042,1.6213813926588045,0.004790755870678869,0.004210281999787184
diabetes_mlp_scaffold_R60_C20_s50_summary.json,diabetes,mlp,scaffold,50,60.0,20,weighted_ce,none,,,,,,1.0,inf,0.7408133233496667,0.7422198362919931,58.0,0.00140651294232641,0.7049814980658886,0.7378778001311694,0.7422198362919931,58.0,0.3410938664960475,0.3410938664960475,60.0,0.0,0.2902354795145598,0.3333151236513563,0.3410938664960475,60.0,0.3341136623513633,0.33432830694836324,58.0,0.00021464459699993554,0.3025852546522033,0.32508592656283986,0.33432830694836324,58.0,0.36798360899042254,0.36989876231771585,59.0,0.0019151533272933063,0.33894653873722824,0.3662994494105643,0.36989876231771585,59.0,0.3023960046377538,0.3810159402334974,1.0,0.0786199355957436,0.3274858310227248,0.31657271676050314,0.3810159402334974,1.0,0.6306421142834395,0.6606329571994923,7.0,0.029990842916052807,0.6465263450138443,0.6328240347501347,0.6606329571994923,7.0,0.19795902873813503,0.21574309007196849,7.0,0.01778406133383345,0.20542002974412502,0.19925308277826584,0.21574309007196849,7.0,0.25692454632282713,0.27652342801650887,8.0,0.019598881693681736,0.265077166825348,0.256653219052945,0.27652342801650887,8.0,439.3152,219.6576,0.0035818347986907645,0.0007220077631631018,0.006342001197131681,0.002615563612619074,0.004934684605971731,0.00163797488701916,1.7294729655289605,1.7899291368394188,0.004582659606942365,0.004435752729965643
diabetes_mlp_scaffold_R60_C20_s51_summary.json,diabetes,mlp,scaffold,51,60.0,20,weighted_ce,none,,,,,,1.0,inf,0.7442428067034714,0.7442428067034714,60.0,0.0,0.7125749307860139,0.740788863353057,0.7442428067034714,60.0,0.34818121864499013,0.34818121864499013,60.0,0.0,0.2946510266841332,0.343547532345307,0.34818121864499013,60.0,0.3187010936771256,0.3255332898476209,51.0,0.006832196170495297,0.305806439505028,0.3205067949607188,0.3255332898476209,51.0,0.37641009110736634,0.37733308863559806,58.0,0.0009229975282317171,0.34130007840584714,0.3741794131905092,0.37733308863559806,58.0,0.3252155834178638,0.3604158485563395,4.0,0.03520026513847574,0.3267183623780227,0.31198765918752797,0.3604158485563395,4.0,0.6427565643797667,0.6636887737975881,6.0,0.020932209417821368,0.6533927706323152,0.6441251812329073,0.6636887737975881,6.0,0.20785816666403603,0.22317180026728545,15.0,0.015313633603249416,0.21527112194029638,0.2091792769557871,0.22317180026728545,15.0,0.26369670379120264,0.2771757727843048,5.0,0.013479068993102139,0.26979684402020626,0.2649914017691928,0.2771757727843048,5.0,439.3152,219.6576,0.003528484078492896,0.0007646351434634748,0.006187194095820189,0.0024317949699781695,0.00484832902771075,0.001595376095448259,1.6936356747394636,1.6645563197025695,0.004495082033429891,0.0025147221540574626
diabetes_mlp_tierfed_R60_C20_s42_tf_rho0.25_summary.json,diabetes,mlp,tierfed,42,60.0,20,weighted_ce,none,_tf_rho0.25,,,,,1.0,inf,0.7320905934430776,0.7336848055287162,56.0,0.001594212085638591,0.6927273014051561,0.7132701561714074,0.7336848055287162,56.0,0.3176401004933388,0.3176401004933388,60.0,0.0,0.2640281614362985,0.2906253106850015,0.3060797895331959,40.0,0.3177722197515855,0.32020310008632846,56.0,0.0024308803347429797,0.2924773646455964,0.306655814707075,0.31801748028865473,28.0,0.35876087432011755,0.35876087432011755,60.0,0.0,0.32226660768343157,0.3393650700868674,0.35876087432011755,60.0,0.3289421984854879,0.3873045605786467,1.0,0.058362362093158815,0.3352382862974732,0.3316888962469709,0.3873045605786467,1.0,0.6578088411289105,0.6683505437351154,17.0,0.010541702606204906,0.6544176303934469,0.6597493754012375,0.6637692785305134,4.0,0.2189265985882176,0.2229410379298239,5.0,0.00401443934160628,0.218306382668251,0.21835562342153575,0.2229410379298239,5.0,0.2741020793950851,0.28122769450392576,49.0,0.007125615108840688,0.2761399685434908,0.2764194196993309,0.28028503562945367,13.0,65.71008,65.71008,0.007528852458319916,0.0033404416561114655,0.01064835029752762,0.0068534500758729525,0.0027639530827692858,0.0,0.44624877225238985,0.0,,
diabetes_mlp_tierfed_R60_C20_s42_tf_rho0.4_summary.json,diabetes,mlp,tierfed,42,60.0,20,weighted_ce,none,_tf_rho0.4,,,,,1.0,inf,0.7178732443642004,0.7460909086011426,54.0,0.028217664236942164,0.6990153116103685,0.720981743496613,0.7460909086011426,54.0,0.2957713329733137,0.3347361668894291,54.0,0.03896483391611538,0.27315280087251714,0.29829279031004047,0.3347361668894291,54.0,0.30630230967669203,0.33304338354185203,38.0,0.026741073865160003,0.29688539634835626,0.3099232202653324,0.33304338354185203,38.0,0.3434644807598764,0.3756525719712004,54.0,0.03218809121132399,0.32926885246228543,0.3465161853096709,0.3756525719712004,54.0,0.3419618286594067,0.3872344065588887,1.0,0.04527257789948197,0.3350648624749652,0.3336193539657358,0.3872344065588887,1.0,0.5725308865851331,0.6641168355965098,13.0,0.09158594901137673,0.629618310558672,0.6063017385659059,0.6641168355965098,13.0,0.16138078516154297,0.2247058148550923,7.0,0.06332502969354933,0.20757743373766713,0.19034402119654256,0.2247058148550923,7.0,0.2173708604823,0.28161546857944797,7.0,0.06424460809714796,0.25849598118752687,0.23569991435358037,0.28161546857944797,7.0,94.80704,94.80704,0.007476242867259207,0.003188295516359349,0.008722825400718559,0.004283814124746491,0.0053488754036675286,0.004283814124746491,0.7236514448459881,0.9963600095361471,,
diabetes_mlp_tierfed_R60_C20_s42_tf_rho0.6_summary.json,diabetes,mlp,tierfed,42,60.0,20,weighted_ce,none,_tf_rho0.6,,,,,1.0,inf,0.7370429505640752,0.7370429505640752,60.0,0.0,0.6973854381445893,0.7236100761181216,0.7370429505640752,60.0,0.3305011429409364,0.3305011429409364,60.0,0.0,0.2721117853464356,0.30992012394022483,0.3305011429409364,60.0,0.3214928817297725,0.3282063259279166,58.0,0.006713444198144125,0.29555477226158744,0.3129520381582629,0.32662649034458086,38.0,0.3690393277458508,0.3690393277458508,60.0,0.0,0.32812266406661694,0.351544338194245,0.3690393277458508,60.0,0.32864078030233534,0.38700242307363497,1.0,0.05836164277129963,0.336626178082426,0.3323628805877,0.38700242307363497,1.0,0.6578167096351528,0.6648563371393144,19.0,0.007039627504161539,0.6572020619602575,0.6568926332660164,0.6648563371393144,19.0,0.21040469023100947,0.22305318857090167,11.0,0.012648498339892206,0.2104160073598334,0.2079055203391047,0.22305318857090167,11.0,0.27064963109591506,0.28098356604473,13.0,0.01033393494881496,0.272038237447361,0.2705425730099119,0.28098356604473,13.0,116.81792,116.81792,0.005537986316980028,0.00159393084249239,0.008785638506155567,0.0051421191193119125,0.0038250302524313494,0.0,0.8544356015181014,0.0,,
diabetes_mlp_tierfed_R60_C20_s43_tf_rho0.25_summary.json,diabetes,mlp,tierfed,43,60.0,20,weighted_ce,none,_tf_rho0.25,,,,,1.0,inf,0.7437065750743265,0.7437065750743265,60.0,0.0,0.7029295084585262,0.7238023559034097,0.7437065750743265,60.0,0.3112648752597698,0.31294563357565225,56.0,0.0016807583158824357,0.25590668503019615,0.28649732588924814,0.31294563357565225,56.0,0.3256291044797669,0.33278453657010654,48.0,0.007155432090339642,0.2986976824778519,0.31358618724841497,0.3048211814780738,8.0,0.3686561402895015,0.3690343818854895,56.0,0.00037824159598798257,0.326831640815422,0.34813666184933617,0.33421676397083355,12.0,0.3209027528817672,0.3865996929321193,2.0,0.06569694005035215,0.3377332755006904,0.3319460018439745,0.3865996929321193,2.0,0.4917528516997655,0.5204694358353812,25.0,0.028716584135615675,0.4822560432177684,0.49286087291275643,0.5081984438780235,3.0,0.13512540591263333,0.1680113730080048,25.0,0.03288596709537148,0.13576800521581056,0.13621726042593169,0.16671739796820176,3.0,0.19968182037313792,0.20467809799574718,5.0,0.004996277622609263,0.20159612425793833,0.20174750656409043,0.20467809799574718,5.0,65.71008,65.71008,0.007814447863516708,0.003521774200938839,0.011218954722899268,0.007470917204196061,0.0029144202871668984,0.0,0.46878516240782725,0.0,,
diabetes_mlp_tierfed_R60_C20_s43_tf_rho0.4_summary.json,diabetes,mlp,tierfed,43,60.0,20,weighted_ce,none,_tf_rho0.4,,,,,1.0,inf,0.7516587699761216,0.7516587699761216,60.0,0.0,0.7079694115909095,0.7325704137025911,0.7516587699761216,60.0,0.32280951697455634,0.32280951697455634,60.0,0.0,0.2631430906480608,0.29574697437672154,0.32280951697455634,60.0,0.32526068770225486,0.3318737755274977,52.0,0.006613087825242836,0.30083283184960996,0.3169478805810776,0.3318737755274977,52.0,0.3726911708322975,0.3726911708322975,60.0,0.0,0.33126302505007743,0.35228515651687725,0.3716382581729564,48.0,0.3242503813348097,0.38775405907240695,2.0,0.06350367773759724,0.3377739301894494,0.3310262225579277,0.38775405907240695,2.0,0.5165320202524056,0.5489190805829913,54.0,0.03238706033058569,0.4878760196408624,0.537277759876682,0.4883416095294312,3.0,0.15106173775689175,0.1743782843912795,53.0,0.023316546634387758,0.13773795020484247,0.16642786618924574,0.15105047169499783,3.0,0.20518001469507716,0.20530617836430887,54.0,0.0001261636692317103,0.20430985104051513,0.2051552128412477,0.2046112115732369,15.0,94.80704,94.80704,0.0076673298097929415,0.0033746138670884885,0.00897373757955284,0.004722769668753606,0.0054801679605598,0.004722769668753606,0.7338414652874538,1.1134202384855598,,
diabetes_mlp_tierfed_R60_C20_s43_tf_rho0.6_summary.json,diabetes,mlp,tierfed,43,60.0,20,weighted_ce,none,_tf_rho0.6,,,,,1.0,inf,0.7373825338305752,0.7388838855106414,58.0,0.0015013516800662652,0.7014158231653026,0.7237015122499717,0.7388838855106414,58.0,0.3048906859536271,0.3124417942012285,58.0,0.007551108247601357,0.2588202390102095,0.29152584502174683,0.3124417942012285,58.0,0.32272170724992266,0.32456415416119977,58.0,0.001842446911277107,0.2950131426739112,0.31285169429615,0.32456415416119977,58.0,0.3600759730407483,0.3609049939911318,58.0,0.0008290209503835078,0.324233878658565,0.34610370518903105,0.3609049939911318,58.0,0.32464470552476066,0.38835151597393125,2.0,0.06370681044917059,0.3390377942732218,0.3335486973704973,0.38835151597393125,2.0,0.542623346929744,0.5869760083095442,11.0,0.04435266137980021,0.5235839286500419,0.5474322140109209,0.5869760083095442,11.0,0.16332345076053306,0.19889283026400317,11.0,0.03556937950347011,0.163988713075819,0.1679413455029183,0.19889283026400317,11.0,0.20436436073886274,0.20510483135824978,9.0,0.0007404706193870347,0.20379279427057106,0.20444628801516745,0.20510483135824978,9.0,116.81792,116.81792,0.0057120845263452045,0.0017546239168232207,0.009000671555382502,0.004827569531986185,0.003984829963793926,0.0,0.866910095877635,0.0,,
diabetes_mlp_tierfed_R60_C20_s44_tf_rho0.25_summary.json,diabetes,mlp,tierfed,44,60.0,20,weighted_ce,none,_tf_rho0.25,,,,,1.0,inf,0.7437158405334464,0.7437158405334464,60.0,0.0,0.6957053970670825,0.7179237681486854,0.7358306679481674,48.0,0.31959766736844397,0.31959766736844397,60.0,0.0,0.2661312970833273,0.2900442727668055,0.30782808818720675,48.0,0.33475196472444446,0.33475196472444446,60.0,0.0,0.29332476907936145,0.3086191297958253,0.3257955917822043,44.0,0.36659900265016365,0.36659900265016365,60.0,0.0,0.321588075739555,0.3403450211276517,0.36659900265016365,60.0,0.31766820351816555,0.38953931541010617,1.0,0.07187111189194062,0.33403075337837473,0.3291339111516026,0.38953931541010617,1.0,0.6144728735819935,0.6412508184124954,1.0,0.026777944830501887,0.6194348090451162,0.613761791527604,0.6412508184124954,1.0,0.152938391300441,0.17451953500241682,1.0,0.021581143701975808,0.1540687456858936,0.1525471515384326,0.17451953500241682,1.0,0.19665350629817635,0.2694944301628106,21.0,0.07284092386463425,0.22899696619731086,0.20373833851656392,0.26397073765494816,1.0,65.71008,65.71008,0.0075785781936539166,0.0030550997327462906,0.010756726473453576,0.006295285332338465,0.0028032725115146864,0.0,0.4533490703033749,0.0,,
diabetes_mlp_tierfed_R60_C20_s44_tf_rho0.4_summary.json,diabetes,mlp,tierfed,44,60.0,20,weighted_ce,none,_tf_rho0.4,,,,,1.0,inf,0.7462847345982812,0.7462847345982812,60.0,0.0,0.7003632532804447,0.7238839221118798,0.7462847345982812,60.0,0.3310829838307067,0.3310829838307067,60.0,0.0,0.2731139015254908,0.300816382129826,0.3310829838307067,60.0,0.332685596717914,0.332685596717914,60.0,0.0,0.2961613919514919,0.31116155919893107,0.3259821021213203,40.0,0.37280850238930563,0.37280850238930563,60.0,0.0,0.3260801889759063,0.3473203036958319,0.3559055379549004,40.0,0.314064801843955,0.38895333153405276,1.0,0.07488852969009774,0.3346917591069932,0.32956503020335215,0.38895333153405276,1.0,0.5938391403244053,0.6412353449384974,1.0,0.04739620461409211,0.6086747489068046,0.5957455877759104,0.6412353449384974,1.0,0.14256417813211125,0.17458174379927713,1.0,0.032017565667165876,0.14929019654652328,0.14333744870620074,0.17458174379927713,1.0,0.22361778106144564,0.26423921887713586,1.0,0.04062143781569022,0.22542756127579927,0.22544547539465784,0.26423921887713586,1.0,93.13792,93.13792,0.007677882906673466,0.003150688752021366,0.008542765944075378,0.004492072308304574,0.004307659930992901,0.0,0.6957638638540327,0.0,,
diabetes_mlp_tierfed_R60_C20_s44_tf_rho0.6_summary.json,diabetes,mlp,tierfed,44,60.0,20,weighted_ce,none,_tf_rho0.6,,,,,1.0,inf,0.7383681221207878,0.7383681221207878,60.0,0.0,0.6965090173700691,0.7213022886495254,0.7383681221207878,60.0,0.3193867544595572,0.3254242600051778,58.0,0.006037505545620603,0.2708741207254242,0.30121577551198614,0.3254242600051778,58.0,0.32741993510632605,0.32741993510632605,60.0,0.0,0.29169543305618045,0.30841720036128606,0.32741993510632605,60.0,0.36054572907187266,0.3655024110513815,58.0,0.004956681979508826,0.3202640497322002,0.3443924100243552,0.3655024110513815,58.0,0.32235296520387097,0.3890587895348795,1.0,0.06670582433100852,0.336066559393395,0.32853985066826374,0.3890587895348795,1.0,0.6199086435051644,0.6556688835189506,23.0,0.03576024001378619,0.6230985537141718,0.6143184124200618,0.6515276899385876,2.0,0.1613522760282684,0.19483346303958854,23.0,0.033481187011320135,0.16215641902950875,0.15646488109717419,0.18188082171250036,2.0,0.24970706939200624,0.2776735459662289,23.0,0.02796647657422266,0.24280804879718018,0.24493689612645508,0.2749794528589879,2.0,116.81792,116.81792,0.005600465121364217,0.001750116674738969,0.008646479828265993,0.005153735391710288,0.0038344598804975214,0.0,0.845379480230622,0.0,,
diabetes_mlp_tierfed_R60_C20_s45_tf_rho0.25_summary.json,diabetes,mlp,tierfed,45,60.0,20,weighted_ce,none,_tf_rho0.25,,,,,1.0,inf,0.7333582786972986,0.7333582786972986,60.0,0.0,0.6915858479186059,0.7128116811434742,0.7333582786972986,60.0,0.31299365930481315,0.31299365930481315,60.0,0.0,0.2578037826501109,0.28281536398568996,0.31299365930481315,60.0,0.3274172017755842,0.3274172017755842,60.0,0.0,0.2938634920842665,0.3070627025728062,0.29950594494150123,8.0,0.36038326861217185,0.36038326861217185,60.0,0.0,0.3220810761153237,0.3393761868976022,0.36038326861217185,60.0,0.3139267883624643,0.37974451304494833,2.0,0.06581772468248404,0.3363698640365296,0.33095512036395974,0.37974451304494833,2.0,0.44844528356214075,0.4616252574080794,53.0,0.013179973845938664,0.436871242558196,0.45477575409781,0.45771331721214026,2.0,0.09582654435378586,0.10984325734957098,2.0,0.014016712995785122,0.09554769099613819,0.09710809898535219,0.10984325734957098,2.0,0.1020988490182803,0.1272689338618819,21.0,0.0251700848436016,0.10956420555323669,0.10044887157678258,0.1271393643031785,5.0,65.71008,65.71008,0.007478593920346118,0.0031479393690833296,0.011108181428679264,0.006723747809574181,0.002830777749582331,0.0,0.4581603291716116,0.0,,
diabetes_mlp_tierfed_R60_C20_s45_tf_rho0.4_summary.json,diabetes,mlp,tierfed,45,60.0,20,weighted_ce,none,_tf_rho0.4,,,,,1.0,inf,0.7145312222167525,0.7438098696677277,58.0,0.029278647450975193,0.6967767386320173,0.7157605222815476,0.7438098696677277,58.0,0.280916762140833,0.318249018584641,58.0,0.037332256443808,0.2635593659736429,0.28563032712482583,0.318249018584641,58.0,0.3135008422094456,0.33001143701952873,58.0,0.016510594810083157,0.29888519464115537,0.3103616291313679,0.3214402687910798,34.0,0.3368702581502445,0.3634426920659515,46.0,0.02657243391570696,0.32673940851464806,0.34026887047422616,0.3634426920659515,46.0,0.32950499572987796,0.3789789343645467,2.0,0.04947393863466876,0.33632932044974784,0.3321523698781729,0.3789789343645467,2.0,0.4660209036719646,0.5029928936470609,52.0,0.03697198997509632,0.45005397351868237,0.4803123724191362,0.4450209523136395,1.0,0.1000828037229837,0.11221714868634591,52.0,0.012134344963362215,0.09833664045990037,0.10484215254264088,0.10789896894422299,1.0,0.14530955809059695,0.17604667124227866,47.0,0.030737113151681705,0.1478498143918488,0.15908411062811165,0.17604667124227866,47.0,96.78848,96.78848,0.007476313715602619,0.0027325454716546497,0.009018567104628434,0.0047071151983337795,0.005944293683218319,0.0047071151983337795,0.7631752124017415,1.1335157310822979,,
diabetes_mlp_tierfed_R60_C20_s45_tf_rho0.6_summary.json,diabetes,mlp,tierfed,45,60.0,20,weighted_ce,none,_tf_rho0.6,,,,,1.0,inf,0.7310877280284497,0.7310877280284497,60.0,0.0,0.6925994174017661,0.7152771286020088,0.7310877280284497,60.0,0.30744769566889674,0.30744769566889674,60.0,0.0,0.2603302045777793,0.2890280968084379,0.30744769566889674,60.0,0.32384262526652735,0.32384262526652735,60.0,0.0,0.2921583904743819,0.3050505240935254,0.32384262526652735,60.0,0.36243380168824385,0.36243380168824385,60.0,0.0,0.3230272824719729,0.3436333803122525,0.3486475995455463,42.0,0.31681240249237413,0.38111168578820365,2.0,0.06429928329582951,0.34021396877515214,0.33598776051344376,0.38111168578820365,2.0,0.4765709391141262,0.4765709391141262,59.0,0.0,0.4415317391446866,0.46136891477712505,0.4705414169806832,2.0,0.1030786693087212,0.11244773832878993,2.0,0.009369069020068732,0.09691372913081756,0.09936914273166855,0.11244773832878993,2.0,0.1183360864994744,0.14602706933063253,21.0,0.02769098283115813,0.12148269505197952,0.10570079088035703,0.14602706933063253,21.0,116.81792,116.81792,0.005394221979658236,0.0014781986252206376,0.008971495130472474,0.005018944774810879,0.003822407292685377,0.0,0.8512812651616211,0.0,,
diabetes_mlp_tierfed_R60_C20_s46_tf_rho0.25_summary.json,diabetes,mlp,tierfed,46,60.0,20,weighted_ce,none,_tf_rho0.25,,,,,1.0,inf,0.7381931197096746,0.7387437767337943,52.0,0.0005506570241197162,0.7001365507072262,0.7210625310708527,0.7387437767337943,52.0,0.31477644452091863,0.318710093397623,52.0,0.0039336488767043876,0.2653034397847938,0.292381397330825,0.318710093397623,52.0,0.3247735121092776,0.3334756789979708,56.0,0.008702166888693241,0.3013011167049845,0.31663582461053796,0.32119603458068313,36.0,0.36296594690166695,0.3728176139353116,52.0,0.009851667033644651,0.3285116626146031,0.3472500740355864,0.35536936975404537,32.0,0.31488925797030176,0.38684473601579905,1.0,0.07195547804549729,0.3342108738203714,0.32227066734710164,0.38684473601579905,1.0,0.414855333183175,0.4227496912960366,41.0,0.0078943581128616,0.40677070049215774,0.40978396921990956,0.41777229009774464,3.0,0.09193315850766712,0.09247565721393683,3.0,0.0005424987062697118,0.08963468135913168,0.09047551647711338,0.09247565721393683,3.0,0.2045002711006687,0.2045002711006687,1.0,0.0,0.20450027110066868,0.2045002711006687,0.2045002711006687,1.0,65.71008,65.71008,0.007699403522878902,0.0033214203743961537,0.01076526706387209,0.007465640515936668,0.0028107734841531433,0.0,0.45558325060798477,0.0,,
diabetes_mlp_tierfed_R60_C20_s46_tf_rho0.4_summary.json,diabetes,mlp,tierfed,46,60.0,20,weighted_ce,none,_tf_rho0.4,,,,,1.0,inf,0.708525726653296,0.7488012884682886,59.0,0.04027556181499259,0.7041322693258476,0.7289122407075022,0.7488012884682886,59.0,0.27269865329404214,0.32036563983689126,55.0,0.04766698654284912,0.2690147538746003,0.29748579526922597,0.32036563983689126,55.0,0.3080549735528002,0.3343061399049854,59.0,0.026251166352185218,0.3050327331250651,0.31973336526516666,0.3343061399049854,59.0,0.3324428984149143,0.3751702746514895,51.0,0.04272737623657519,0.33182730315693826,0.35511899401986957,0.3751702746514895,51.0,0.3247445901729792,0.38645715142063153,1.0,0.06171256124765234,0.3338748847443764,0.32503180419262534,0.38645715142063153,1.0,0.41393464265611857,0.4153776413646796,43.0,0.0014429987085610163,0.40117075654972206,0.41007848477317294,0.4150073321426748,13.0,0.09013988960824387,0.0908203671267021,43.0,0.0006804775184582335,0.08828722148177864,0.08957690552217341,0.08898136450727162,1.0,0.2045002711006687,0.2045002711006687,1.0,0.0,0.20450027110066868,0.2045002711006687,0.2045002711006687,1.0,94.49472,94.49472,0.007368744143472744,0.0026338046153902756,0.00895994979239031,0.006141377982480131,0.005447899437634281,0.0026338046153902756,0.7310921418160433,0.44796126149594784,,
diabetes_mlp_tierfed_R60_C20_s46_tf_rho0.6_summary.json,diabetes,mlp,tierfed,46,60.0,20,weighted_ce,none,_tf_rho0.6,,,,,1.0,inf,0.7358423100650772,0.7377098327873918,58.0,0.0018675227223146074,0.6967022942751575,0.723130163876933,0.7377098327873918,58.0,0.31415127200675647,0.31415127200675647,60.0,0.0,0.26535530234524585,0.2985306778308926,0.31415127200675647,60.0,0.32986742758857523,0.3339510825850751,58.0,0.004083654996499875,0.2993347401381778,0.31999936742756496,0.3339510825850751,58.0,0.36397923910957913,0.36397923910957913,60.0,0.0,0.32547742876472774,0.35168166811220103,0.36397923910957913,60.0,0.3223757824521803,0.38642883428513536,1.0,0.06405305183295507,0.3362851394350667,0.3248963721434135,0.38642883428513536,1.0,0.44879583994710354,0.44879583994710354,59.0,0.0,0.4046342031843581,0.4279339501271736,0.3948518208426214,1.0,0.09831228719916421,0.09831228719916421,59.0,0.0,0.08911249099020349,0.09356376738831007,0.08902552779883763,1.0,0.2045002711006687,0.2045002711006687,1.0,0.0,0.20450027110066868,0.2045002711006687,0.2045002711006687,1.0,116.81792,116.81792,0.005507145908075658,0.0015259020462478712,0.008686288264971257,0.004806168507734993,0.0038064160928406457,0.0,0.848531670346468,0.0,,
diabetes_mlp_tierfed_R60_C20_s47_tf_rho0.25_summary.json,diabetes,mlp,tierfed,47,60.0,20,weighted_ce,none,_tf_rho0.25,,,,,1.0,inf,0.7470406964842979,0.7470406964842979,60.0,0.0,0.7047136633991292,0.727930912737486,0.7470406964842979,60.0,0.3313378210721964,0.3382659024374195,56.0,0.006928081365223104,0.28365021682583397,0.3118386371389092,0.3382659024374195,56.0,0.3355123250751159,0.3355123250751159,60.0,0.0,0.3035395525369179,0.3177438100034359,0.3355123250751159,60.0,0.37268183365034846,0.37836719624904613,56.0,0.005685362598697674,0.3365639263575006,0.35662171012962723,0.35503471605278275,24.0,0.3054221681668057,0.3813105307684504,1.0,0.07588836260164472,0.33668739918009627,0.33006820091051325,0.3813105307684504,1.0,0.5229077064627017,0.5371284565394164,53.0,0.01422075007671475,0.4483205449400303,0.5281462793209784,0.5326856870842398,1.0,0.14175999190281252,0.15917996959473588,53.0,0.017419977691923355,0.10659100459707653,0.14933629318100078,0.12512568049209344,1.0,0.10999329309188464,0.10999329309188464,57.0,0.0,0.052077947997844314,0.09476801711033357,0.0,1.0,65.71008,65.71008,0.007651105350563859,0.003621347083642642,0.010806925232133023,0.0063807840144109815,0.002826751735799766,0.0,0.45238855452820037,0.0,,
diabetes_mlp_tierfed_R60_C20_s47_tf_rho0.4_summary.json,diabetes,mlp,tierfed,47,60.0,20,weighted_ce,none,_tf_rho0.4,,,,,1.0,inf,0.7560496830451064,0.7560496830451064,60.0,0.0,0.7077812218346619,0.7348213589091991,0.7560496830451064,60.0,0.3394542838307149,0.3425993760764677,56.0,0.0031450922457527675,0.2874598458123765,0.3174034643718908,0.3425993760764677,56.0,0.3382890734453366,0.3382890734453366,60.0,0.0,0.30481393103421744,0.321840594139369,0.33761201107899746,40.0,0.38112069727377984,0.3827196109948155,56.0,0.0015989137210356552,0.33917095300442185,0.3630681034733246,0.3827196109948155,56.0,0.31427098010545945,0.3802323139217295,1.0,0.06596133381627006,0.335812549477664,0.3289456890871235,0.3802323139217295,1.0,0.6266045540755625,0.6550864383646979,40.0,0.02848188428913545,0.5714336227621756,0.6271009162655904,0.5324501213255896,1.0,0.2143500376884645,0.22117390877899085,41.0,0.0068238710905263456,0.1796386592761288,0.21317413321417428,0.12507286367771636,1.0,0.17025505134150382,0.19513735396274076,56.0,0.024882302621236946,0.08783569267734717,0.16454045502970607,0.19513735396274076,56.0,94.80704,94.80704,0.007642003017621984,0.002992080120098297,0.008634152559902235,0.0042168190363227175,0.0056970890224273376,0.0042168190363227175,0.7269477143272525,1.0454719526460394,,
diabetes_mlp_tierfed_R60_C20_s47_tf_rho0.6_summary.json,diabetes,mlp,tierfed,47,60.0,20,weighted_ce,none,_tf_rho0.6,,,,,1.0,inf,0.7445516769213628,0.7445516769213628,60.0,0.0,0.702464773070769,0.727560744082395,0.7445516769213628,60.0,0.326945263543294,0.3277662612568484,58.0,0.0008209977135543722,0.279842534537999,0.3088898380834846,0.3277662612568484,58.0,0.34044154989760683,0.34044154989760683,60.0,0.0,0.29992195518021536,0.31701134786743124,0.34044154989760683,60.0,0.36792860022491386,0.37169998762109135,56.0,0.0037713873961774946,0.33457139896896076,0.3567956681014965,0.37169998762109135,56.0,0.3132126132757942,0.3806356470356625,1.0,0.0674230337598683,0.33809205240142554,0.3310498217050101,0.3806356470356625,1.0,0.5650970055050428,0.6397532672372117,21.0,0.07465626173216888,0.4919566627440427,0.5124937472356695,0.6397532672372117,21.0,0.15132026439536655,0.20777630559660998,21.0,0.05645604120124342,0.12294704042441565,0.12370401701890613,0.20777630559660998,21.0,0.019055868341273277,0.07794294897549217,19.0,0.058887080634218894,0.0063935038651437345,0.005220325850190016,0.07794294897549217,19.0,116.81792,116.81792,0.005589601295077145,0.0016909701140322667,0.00884500205156417,0.004546478264945507,0.0038961562304218713,0.0,0.8507284614878396,0.0,,
diabetes_mlp_tierfed_R60_C20_s48_tf_rho0.25_summary.json,diabetes,mlp,tierfed,48,60.0,20,weighted_ce,none,_tf_rho0.25,,,,,1.0,inf,0.7522137880377994,0.7522137880377994,60.0,0.0,0.704325139616049,0.7284642850795577,0.7522137880377994,60.0,0.3336715736878282,0.3336715736878282,60.0,0.0,0.2723780171891449,0.30072485076857236,0.3336715736878282,60.0,0.34159450595931984,0.34159450595931984,60.0,0.0,0.30609953055048517,0.3219204366870668,0.3131412561016916,8.0,0.3787964835813891,0.3819899833987033,52.0,0.003193499817314205,0.34010109263534577,0.3586604209246927,0.37539966889019655,36.0,0.3101239222472731,0.3990488711148444,1.0,0.0889249488675713,0.33332167859424083,0.32338304711504834,0.3990488711148444,1.0,0.6598968189097548,0.6644020595357035,33.0,0.004505240625948703,0.6614631553032971,0.6605950754244639,0.6644020595357035,33.0,0.22729327543351505,0.2285085390892882,33.0,0.0012152636557731522,0.22586910635711469,0.2277252592390903,0.22783519079171385,21.0,0.2755864100136741,0.2818505338078292,3.0,0.006264123794155085,0.2740028104881835,0.27628654290039184,0.2818505338078292,3.0,65.71008,65.71008,0.007604207409791286,0.003521074664307012,0.011370370314272448,0.007157558753363483,0.002903815319914539,0.0,0.47306318684325865,0.0,,
diabetes_mlp_tierfed_R60_C20_s48_tf_rho0.4_summary.json,diabetes,mlp,tierfed,48,60.0,20,weighted_ce,none,_tf_rho0.4,,,,,1.0,inf,0.7544045752690428,0.7544045752690428,60.0,0.0,0.7071943433625768,0.733177123352664,0.7544045752690428,60.0,0.3410263640249568,0.3410263640249568,60.0,0.0,0.2776237673720761,0.309878006859905,0.3410263640249568,60.0,0.3415173338966753,0.3415173338966753,60.0,0.0,0.3077215599355665,0.32352524102204827,0.33407049843905273,32.0,0.3887866124711439,0.39128502570391827,56.0,0.002498413232774388,0.34397843177099,0.36657395479700144,0.39128502570391827,56.0,0.3147544094031479,0.3992944797302814,1.0,0.08454007032713351,0.3337065095457931,0.3234502048885085,0.3992944797302814,1.0,0.658151290568048,0.6629516190022594,39.0,0.004800328434211409,0.6606721861581656,0.6584004925609611,0.6629516190022594,39.0,0.22262044806342635,0.2279369078271209,17.0,0.005316459763694548,0.22511825368277533,0.2231488692726462,0.2279369078271209,17.0,0.26262249183387776,0.2815065815196142,3.0,0.01888408968573646,0.26864907117038356,0.2638824001747193,0.2815065815196142,3.0,93.13792,93.13792,0.007676243463880578,0.003300254281407855,0.008799441843917493,0.004932809751787425,0.004403887442469112,0.0,0.6972334825016636,0.0,,
diabetes_mlp_tierfed_R60_C20_s48_tf_rho0.6_summary.json,diabetes,mlp,tierfed,48,60.0,20,weighted_ce,none,_tf_rho0.6,,,,,1.0,inf,0.7465426860624619,0.7465426860624619,60.0,0.0,0.7021795949193963,0.7292138729928734,0.7465426860624619,60.0,0.329491796838303,0.329491796838303,60.0,0.0,0.272907245878798,0.30673711239721074,0.329491796838303,60.0,0.33458244281395977,0.336668916053191,50.0,0.0020864732392312235,0.30180623304225995,0.31671027975458294,0.336668916053191,50.0,0.3753465879425023,0.37642668596589013,58.0,0.001080098023387821,0.33861090974945757,0.36007308310737,0.37642668596589013,58.0,0.3166306865347863,0.3989539257501995,1.0,0.08232323921541318,0.33702797382249106,0.32868420515057223,0.3989539257501995,1.0,0.6489120077119894,0.663719670547777,15.0,0.014807662835787605,0.6585809499121765,0.6509895217599713,0.663719670547777,15.0,0.21120690336634548,0.2272150392109304,15.0,0.01600813584458491,0.2213635524057681,0.21293887696119612,0.2272150392109304,15.0,0.2651113467656416,0.2805925925925926,3.0,0.01548124582695104,0.2713733138182519,0.2677045194630633,0.2805925925925926,3.0,116.81792,116.81792,0.005553572397348932,0.0015552307690905468,0.008971430400965319,0.0049832889417014475,0.0038996747706945873,0.0,0.8547961834109932,0.0,,
diabetes_mlp_tierfed_R60_C20_s49_tf_rho0.25_summary.json,diabetes,mlp,tierfed,49,60.0,20,weighted_ce,none,_tf_rho0.25,,,,,1.0,inf,0.7431826108750105,0.7431826108750105,60.0,0.0,0.7026002866328672,0.7231405592827629,0.7431826108750105,60.0,0.3240683765550869,0.3240683765550869,60.0,0.0,0.27314852400576106,0.2994663546381863,0.3240683765550869,60.0,0.33211337688083964,0.33211337688083964,60.0,0.0,0.2978756703027959,0.3114498889152639,0.3132567825979476,16.0,0.37568276880798146,0.37568276880798146,60.0,0.0,0.33395766206389527,0.35262188085717183,0.37568276880798146,60.0,0.31679554865291076,0.3818825624568044,1.0,0.06508701380389365,0.33712016490156044,0.3299327166211507,0.3818825624568044,1.0,0.33003796861723467,0.3705354007735181,1.0,0.04049743215628343,0.3290921551335782,0.3296555968622154,0.3705354007735181,1.0,0.07934667741775314,0.08517162461300151,1.0,0.00582494719524837,0.07924275255156668,0.07927743921172253,0.08517162461300151,1.0,0.12129266927811976,0.14436356214708485,1.0,0.02307089286896509,0.127689606185289,0.12225882816068123,0.14436356214708485,1.0,65.71008,65.71008,0.007509295950666261,0.0031784108126555496,0.010614797807754114,0.006599945210066688,0.0027556691434277923,0.0,0.44354494115881,0.0,,
diabetes_mlp_tierfed_R60_C20_s49_tf_rho0.4_summary.json,diabetes,mlp,tierfed,49,60.0,20,weighted_ce,none,_tf_rho0.4,,,,,1.0,inf,0.7562840001911261,0.7562840001911261,60.0,0.0,0.7062403197651641,0.731789714633129,0.7562840001911261,60.0,0.34887628499625467,0.34887628499625467,60.0,0.0,0.28159827545193167,0.31781513764137925,0.34887628499625467,60.0,0.3424320796006772,0.3424320796006772,60.0,0.0,0.3040390715514041,0.3202753877058791,0.3206795438908933,24.0,0.38210021869046246,0.38210021869046246,60.0,0.0,0.3391897080375114,0.3623518894409359,0.38210021869046246,60.0,0.3112933008886384,0.3806494312062635,1.0,0.06935613031762511,0.336250879717942,0.3303437261299389,0.3806494312062635,1.0,0.33383136669201824,0.37089685008259293,1.0,0.037065483390574694,0.32939900868032196,0.3325124996304186,0.37089685008259293,1.0,0.08015010294798207,0.08522825586611059,1.0,0.00507815291812852,0.07939410512267589,0.07993250923432536,0.08522825586611059,1.0,0.11175244508577842,0.14433554931121925,1.0,0.032583104225440834,0.12694197669734894,0.11752338864049841,0.14433554931121925,1.0,92.8256,92.8256,0.0074377164117396186,0.0029115325575103804,0.008697870690024163,0.005593376799630924,0.004321017566679031,0.0,0.6809983282466419,0.0,,
diabetes_mlp_tierfed_R60_C20_s49_tf_rho0.6_summary.json,diabetes,mlp,tierfed,49,60.0,20,weighted_ce,none,_tf_rho0.6,,,,,1.0,inf,0.7535931132804599,0.7535931132804599,60.0,0.0,0.7068377403673086,0.7354398314841581,0.7535931132804599,60.0,0.33517094806747416,0.33761355776030544,58.0,0.002442609692831277,0.2802101428119873,0.3169296919943741,0.33761355776030544,58.0,0.3342758390478909,0.3421382656850771,54.0,0.007862426637186226,0.3018509287350219,0.3203197107897019,0.3421382656850771,54.0,0.3773560474659207,0.37736171542075686,58.0,5.6679548361415755e-06,0.3381716280595776,0.3647431970430822,0.3736684496393152,46.0,0.3188053160417121,0.3819112931486042,1.0,0.06310597710689214,0.3382744887726068,0.33250874933435276,0.3819112931486042,1.0,0.3727538426546729,0.4139351948319952,39.0,0.04118135217732233,0.34970418432353617,0.3579051129930046,0.37106241499942605,1.0,0.08995209371546539,0.09981217270115213,39.0,0.009860078985686735,0.08409656477552677,0.08553837407057699,0.08526064148286802,1.0,0.004364906154517678,0.1441095890410959,1.0,0.1397446828865782,0.0667046163317639,0.026778821511046335,0.1441095890410959,1.0,116.81792,116.81792,0.005556884308242695,0.0015914109621388483,0.008765849579774717,0.004702637256645774,0.003829788395761271,0.0,0.8460008226218634,0.0,,
diabetes_mlp_tierfed_R60_C20_s50_tf_rho0.25_summary.json,diabetes,mlp,tierfed,50,60.0,20,weighted_ce,none,_tf_rho0.25,,,,,1.0,inf,0.7352634275633172,0.7352634275633172,60.0,0.0,0.6929591900964527,0.7142197701450079,0.7352634275633172,60.0,0.33509145006207836,0.33509145006207836,60.0,0.0,0.2762900836441699,0.3066666458833036,0.33509145006207836,60.0,0.32843525271543333,0.3289295056980381,52.0,0.0004942529826047481,0.29712206700776383,0.3127560153719141,0.32290383641664555,36.0,0.37065486079734794,0.37065486079734794,60.0,0.0,0.3307656089526952,0.349820067156061,0.37065486079734794,60.0,0.3045240837795197,0.3851666249573518,1.0,0.0806425411778321,0.33261365093292433,0.3260829922861722,0.3851666249573518,1.0,0.6565582506144588,0.658925014465753,33.0,0.0023667638512941958,0.654076959839094,0.6569620016154658,0.6554595837627964,2.0,0.20797486466239756,0.2109147926421545,2.0,0.002939927979756951,0.204055566724815,0.20767978767284503,0.2109147926421545,2.0,0.21788167743258485,0.22865461060410952,21.0,0.010772933171524668,0.21937989524496035,0.21883570177010836,0.22061258278145696,4.0,65.71008,65.71008,0.007650528337986549,0.0034184991674021813,0.011187689934452388,0.0062970526916983575,0.002886236008367086,0.0,0.4632329221756663,0.0,,
diabetes_mlp_tierfed_R60_C20_s50_tf_rho0.4_summary.json,diabetes,mlp,tierfed,50,60.0,20,weighted_ce,none,_tf_rho0.4,,,,,1.0,inf,0.7253500114635248,0.7441979109365857,54.0,0.01884789947306087,0.6989777403750501,0.7217320202640024,0.7441979109365857,54.0,0.3088948584354753,0.33786986858719786,58.0,0.028975010151722547,0.2807672168654964,0.3087508426964318,0.3303134706078835,38.0,0.31292949179066665,0.33051217726222964,58.0,0.017582685471562998,0.29566694602404053,0.3099939682051769,0.33051217726222964,58.0,0.35169395396463804,0.3687600393550416,58.0,0.01706608539040355,0.33205545325129115,0.34827359968910226,0.3657664423703866,42.0,0.32035403096036824,0.38541766540057365,1.0,0.06506363444020541,0.33384356968884255,0.32783903717257745,0.38541766540057365,1.0,0.6514332302153251,0.660178754892592,11.0,0.00874552467726697,0.652741884951412,0.6485870572283613,0.660178754892592,11.0,0.202634411423398,0.21577163405623107,11.0,0.013137222632833068,0.2065417962803851,0.2016700637068353,0.21577163405623107,11.0,0.20453928926666065,0.22818567284088373,10.0,0.02364638357422308,0.2107269193711415,0.20462399798054035,0.22818567284088373,10.0,96.47616,96.47616,0.0074186533812018,0.0029481072470676504,0.008737158234047668,0.004447830060248761,0.005791430388967386,0.004447830060248761,0.7362691847394065,1.0957030991557986,,
diabetes_mlp_tierfed_R60_C20_s50_tf_rho0.6_summary.json,diabetes,mlp,tierfed,50,60.0,20,weighted_ce,none,_tf_rho0.6,,,,,1.0,inf,0.7384328770189512,0.7384328770189512,60.0,0.0,0.6945057779023168,0.7221968133003719,0.7384328770189512,60.0,0.33127947565995547,0.33127947565995547,60.0,0.0,0.2762216873985237,0.31286509178001054,0.33127947565995547,60.0,0.3320247985470115,0.3320247985470115,60.0,0.0,0.29503777812099713,0.31512780563931014,0.3320247985470115,60.0,0.3677650826699087,0.36783789945946627,54.0,7.281678955756155e-05,0.3308420480164666,0.3566123377711153,0.36783789945946627,54.0,0.31100527025424995,0.38495357257795937,1.0,0.07394830232370941,0.33398168051154475,0.324960093004804,0.38495357257795937,1.0,0.5967143452130292,0.6582683142055428,15.0,0.06155396899251353,0.6385135077362435,0.5977218503373468,0.6582683142055428,15.0,0.14482309306813224,0.21239344450808142,9.0,0.06757035143994919,0.1860827502487489,0.1465510377162628,0.21239344450808142,9.0,0.21788380226549042,0.23618975714105953,29.0,0.018305954875569103,0.22461919294097452,0.21976022714656093,0.23618975714105953,29.0,116.81792,116.81792,0.0056084340639665775,0.0017460036340609948,0.008909397977986528,0.005066434268332839,0.0039040836415464766,0.0,0.8380567773827352,0.0,,
diabetes_mlp_tierfed_R60_C20_s51_tf_rho0.25_summary.json,diabetes,mlp,tierfed,51,60.0,20,weighted_ce,none,_tf_rho0.25,,,,,1.0,inf,0.7493437959842025,0.7493437959842025,60.0,0.0,0.7047227177378079,0.7244606240772089,0.7493437959842025,60.0,0.33801986197696876,0.33801986197696876,60.0,0.0,0.2758302568841003,0.30452878087395874,0.33801986197696876,60.0,0.33970266119009745,0.33970266119009745,60.0,0.0,0.3058116958043696,0.31956238863022035,0.32257991718534257,24.0,0.3768011861140413,0.3768011861140413,60.0,0.0,0.3339748762013876,0.3533644999000956,0.3768011861140413,60.0,0.3328083833574455,0.38714347579793146,1.0,0.054335092440485955,0.3339000392718366,0.32595494573700495,0.38714347579793146,1.0,0.4165788874348815,0.47072801477863596,2.0,0.05414912734375449,0.4266216426639996,0.4234080430640962,0.47072801477863596,2.0,0.09804711544840812,0.10957877679370503,2.0,0.011531661345296915,0.10125047298173999,0.10055278431459073,0.10957877679370503,2.0,0.11350225616105519,0.13693153423288357,29.0,0.023429278071828374,0.10428462896777661,0.10309348762027185,0.12293801007119291,5.0,65.71008,65.71008,0.007426456753287942,0.003155726663861123,0.010737396212919473,0.006316560669807493,0.0027754202478777437,0.0,0.4524088093972144,0.0,,
diabetes_mlp_tierfed_R60_C20_s51_tf_rho0.4_summary.json,diabetes,mlp,tierfed,51,60.0,20,weighted_ce,none,_tf_rho0.4,,,,,1.0,inf,0.7461283779572332,0.7549335164320925,57.0,0.008805138474859309,0.7092917460101629,0.7317767442169977,0.7549335164320925,57.0,0.32731552818495746,0.3417457460644517,57.0,0.014430217879494223,0.27997612617735324,0.31160787692937164,0.3417457460644517,57.0,0.32693918244121406,0.33803207399533786,57.0,0.011092891554123796,0.3068380787484169,0.31974240220401384,0.32839013290352315,37.0,0.3682365396632444,0.375015023389667,57.0,0.006778483726422646,0.33448832348816815,0.35526199530612584,0.375015023389667,57.0,0.3344036459040355,0.387858669994791,1.0,0.05345502409075553,0.3343002984088664,0.32456099343770295,0.387858669994791,1.0,0.4533426694561253,0.502030626786383,13.0,0.048687957330257714,0.45007177533429343,0.45561071681012616,0.502030626786383,13.0,0.10196027143728194,0.11775383562723533,13.0,0.015793564189953396,0.1048715105476868,0.1037651802459294,0.11775383562723533,13.0,0.005954912803062527,0.13594040968342644,4.0,0.1299854968803639,0.0751378845918318,0.052194886726052256,0.13594040968342644,4.0,94.80704,94.80704,0.007358156056372465,0.00315041904849304,0.008634280398207324,0.004166189004280103,0.005363974059623079,0.0,0.7250879116957852,0.0,,
diabetes_mlp_tierfed_R60_C20_s51_tf_rho0.6_summary.json,diabetes,mlp,tierfed,51,60.0,20,weighted_ce,none,_tf_rho0.6,,,,,1.0,inf,0.7435417758544339,0.7435417758544339,60.0,0.0,0.7068273156438967,0.7305373858139189,0.7435417758544339,60.0,0.3282523760306108,0.3282523760306108,60.0,0.0,0.2782388917029405,0.3141266861473699,0.3282523760306108,60.0,0.3324729332531919,0.3329313832398266,50.0,0.0004584499866346903,0.3048760857974841,0.32131562391742685,0.3180867492993432,30.0,0.3635746511687829,0.36464331878602724,48.0,0.0010686676172443343,0.33197812759916884,0.35465049618646094,0.36464331878602724,48.0,0.3300273364342564,0.3880277752955064,1.0,0.05800043886125,0.3341879196531077,0.32408028186317206,0.3880277752955064,1.0,0.45692208682925495,0.48718108643013225,13.0,0.0302589996008773,0.433833413716755,0.4518065638551997,0.47938962127210377,2.0,0.10487721012142659,0.11345564358369775,13.0,0.008578433462271162,0.1018233524754723,0.10421164395404134,0.11345564358369775,13.0,0.14052869469935625,0.15034421496779923,31.0,0.009815520268442984,0.11782400829781325,0.13434719187867558,0.14524876208441406,4.0,116.81792,116.81792,0.005420476998205178,0.00160761098020104,0.008792223933809944,0.005166559057224701,0.003816594611015031,0.0,0.8525165041462363,0.0,,
diabetes_resnet_fedavg_R60_C20_s42_architecture_resnet_fedavg_summary.json,diabetes,resnet,fedavg,42,60.0,20,weighted_ce,none,_architecture_resnet_fedavg,,,,,1.0,inf,0.720274036394385,0.728306569806331,59.0,0.008032533411945986,0.6911255755941049,0.7225860290515332,0.728306569806331,59.0,0.29561875309477614,0.30907166144378806,59.0,0.013452908349011916,0.2607623794839114,0.3007479875635076,0.30907166144378806,59.0,0.2977118364066714,0.3172437147268381,59.0,0.019531878320166673,0.28765101243966235,0.30244649607642693,0.2998719051030487,38.0,0.34659121982856383,0.34955564985341625,59.0,0.002964430024852416,0.3171779143088342,0.34550334083166406,0.34955564985341625,59.0,0.33861715132285014,0.36511566470614437,1.0,0.02649851338329423,0.32657252896333844,0.32450983756833973,0.36511566470614437,1.0,0.64173984544798,0.6668135245341029,6.0,0.025073679086122902,0.6571955523504813,0.6441530887036914,0.6668135245341029,6.0,0.19558299733534246,0.21916882958814232,2.0,0.023585832252799865,0.21032537121914835,0.19845704290294247,0.21916882958814232,2.0,0.26523871484335904,0.28038472748469834,10.0,0.015146012641339301,0.27348631537055224,0.2688850994014863,0.28038472748469834,10.0,1373.1936,1373.1936,0.0023138894319521897,0.0009692792749469048,0.0026573346924195075,0.0029215534976114116,0.0025150126014799336,0.002611746521330084,5.705999466926481,9.491317582613647,0.006460679279144478,0.007766149115577306
diabetes_resnet_fedavg_R60_C20_s43_architecture_resnet_fedavg_summary.json,diabetes,resnet,fedavg,43,60.0,20,weighted_ce,none,_architecture_resnet_fedavg,,,,,1.0,inf,0.7442279515396653,0.7442279515396653,60.0,0.0,0.7007731005362419,0.7364458568454327,0.7442279515396653,60.0,0.318595892700206,0.318595892700206,60.0,0.0,0.2596587270122994,0.3077928143634273,0.318595892700206,60.0,0.3074621668655341,0.3134633927295144,58.0,0.006001225863980275,0.2900042372261604,0.30720698536093327,0.3134633927295144,58.0,0.36530422244095856,0.36530422244095856,60.0,0.0,0.32347944479846064,0.358300319588153,0.36530422244095856,60.0,0.3305212000091196,0.36741213170582293,2.0,0.03689093169670332,0.3330749495712069,0.32911497634326636,0.36741213170582293,2.0,0.6419566372268243,0.6684192519834031,22.0,0.02646261475657885,0.6602460768447773,0.6456019655754484,0.6683085532695865,11.0,0.20290023915940067,0.22557365298197066,26.0,0.022673413822569988,0.21572739260903895,0.20461387439861892,0.2221678189596412,4.0,0.2647754137115839,0.2807480220570607,22.0,0.015972608345476758,0.2733592659851904,0.2661012620923935,0.2807480220570607,22.0,1373.1936,1373.1936,0.002210193914856274,0.0008412155565068622,0.0026147446000303336,0.0028489569918494053,0.00248567054088992,0.0025524608421603843,5.662549488391068,9.377633712548231,0.006529010306078619,0.006901037495891983
diabetes_resnet_fedavg_R60_C20_s44_architecture_resnet_fedavg_summary.json,diabetes,resnet,fedavg,44,60.0,20,weighted_ce,none,_architecture_resnet_fedavg,,,,,1.0,inf,0.7282143881022108,0.7311869940373706,58.0,0.0029726059351598,0.6921492623397447,0.7267259957580317,0.7311869940373706,58.0,0.3122262873006847,0.32459548012388134,59.0,0.01236919282319665,0.26833671256288355,0.3145076042780586,0.32459548012388134,59.0,0.3042392597136861,0.3136401078966067,58.0,0.009400848182920585,0.2863908179621363,0.3055655426925748,0.3136401078966067,58.0,0.35218675731127036,0.35691453142202134,59.0,0.004727774110750982,0.3180423275917528,0.3497622724137304,0.35691453142202134,59.0,0.33413306341518556,0.360632546046068,56.0,0.02649948263088242,0.3301945922010032,0.32463269683974627,0.35844220254812975,2.0,0.6420124069903659,0.6636200780987521,6.0,0.02160767110838624,0.654914302973248,0.644505338009694,0.6636200780987521,6.0,0.19781427699622606,0.22085838050256504,9.0,0.02304410350633898,0.21366391385529876,0.20632587914814,0.22085838050256504,9.0,0.2622388210356314,0.2849426063470628,8.0,0.022703785311431413,0.2726524070317305,0.26515201232703545,0.2849426063470628,8.0,1373.1936,1373.1936,0.002220396949786509,0.0008530462309669468,0.002688740135715251,0.00352013952235915,0.002535179852744038,0.0030937044672212657,5.713693271455972,11.152751222390634,0.005869509215388254,0.0075217842498424186
diabetes_resnet_fedper_R60_C20_s42_architecture_resnet_fedper_summary.json,diabetes,resnet,fedper,42,60.0,20,weighted_ce,none,_architecture_resnet_fedper,,,,,1.0,inf,0.7501525131754678,0.7517182084140852,59.0,0.0015656952386173817,0.6975838184221865,0.7436870299579,0.7517182084140852,59.0,0.33414994647541535,0.337836121378806,59.0,0.0036861749033906266,0.2701116097239732,0.32760624989058545,0.337836121378806,59.0,0.32826813535035726,0.33291436034923005,59.0,0.004646224998872794,0.2900593761279834,0.31923285447120003,0.33291436034923005,59.0,0.3729373805989469,0.3755429148989225,59.0,0.0026055342999756204,0.3238720880025887,0.3657335365946362,0.3755429148989225,59.0,0.32394489784756547,0.3816885784144578,1.0,0.05774368056689233,0.3321690893024709,0.32611348025104014,0.3816885784144578,1.0,0.6371336570322182,0.6552194500037121,12.0,0.01808579297149382,0.611569377836835,0.6362566812653603,0.6552194500037121,12.0,0.18409654060209568,0.20561012817041144,38.0,0.021513587568315756,0.17477879127480722,0.1794123844562015,0.20281257226860494,12.0,0.24335238095238096,0.25552689756816505,52.0,0.012174516615784087,0.22481069505754908,0.24684223663027152,0.2045002711006687,1.0,1371.9552,1371.9552,0.002204974179310379,0.0008518136441766935,0.0028575805026964636,0.002771661146406549,0.0026785957419154316,0.002467427512355158,5.950399280419273,8.85574266751064,,
diabetes_resnet_fedper_R60_C20_s43_architecture_resnet_fedper_summary.json,diabetes,resnet,fedper,43,60.0,20,weighted_ce,none,_architecture_resnet_fedper,,,,,1.0,inf,0.7537125648426916,0.7537125648426916,60.0,0.0,0.7012301621398009,0.7444319234016974,0.7537125648426916,60.0,0.33787545097144356,0.33787545097144356,60.0,0.0,0.26351262861951463,0.3219389891344868,0.33787545097144356,60.0,0.32400878803197397,0.32400878803197397,60.0,0.0,0.28734068836468046,0.3160153003426439,0.32400878803197397,60.0,0.36905540241440893,0.3695942715690366,59.0,0.0005388691546276969,0.32320129963560174,0.3596352967261644,0.3695942715690366,59.0,0.3184812463223724,0.3574134547585843,5.0,0.038932208436211924,0.33569227804366886,0.3263597040652016,0.3574134547585843,5.0,0.3722307564071602,0.5266832215687528,1.0,0.1544524651615926,0.35173866316413144,0.3681662550362832,0.5266832215687528,1.0,0.08675330821740815,0.12110349799337318,1.0,0.03435018977596503,0.08334400055778539,0.08641507472501783,0.12110349799337318,1.0,0.12113030957523398,0.20350654645947538,2.0,0.08237623688424141,0.13041125769001335,0.11870384652150283,0.20350654645947538,2.0,1371.9552,1371.9552,0.0021221423277957147,0.0007342633236983551,0.0028395785052738004,0.0029957384079113535,0.002660867893609462,0.0026405819971264412,5.823200503463401,9.308261753350962,,
diabetes_resnet_fedper_R60_C20_s44_architecture_resnet_fedper_summary.json,diabetes,resnet,fedper,44,60.0,20,weighted_ce,none,_architecture_resnet_fedper,,,,,1.0,inf,0.7519071513640252,0.7543725266312811,58.0,0.002465375267255876,0.7001143519316607,0.7472659706810704,0.7543725266312811,58.0,0.3456472069731145,0.3464767740157398,57.0,0.0008295670426252677,0.27664174429323407,0.3387189346850764,0.3464767740157398,57.0,0.33035931556433795,0.33035931556433795,60.0,0.0,0.29007004327140856,0.31873728894846215,0.33035931556433795,60.0,0.3681569955360691,0.37282710843612743,59.0,0.00467011290005831,0.32530577681867745,0.36798363118269684,0.37282710843612743,59.0,0.3186160907349973,0.404063595264334,2.0,0.08544750452933669,0.3360863781429675,0.3293958023033586,0.404063595264334,2.0,0.4547771470869535,0.4984153807285298,29.0,0.04363823364157632,0.4374000956970992,0.45151245741406304,0.4198852161886522,1.0,0.10258779446750058,0.11713320670117627,29.0,0.014545412233675697,0.09915781949199029,0.10187091356600708,0.09622612477179915,1.0,0.061274509803921566,0.1066219614417435,1.0,0.04534745163782194,0.019490380812289966,0.054928996029017255,0.1066219614417435,1.0,1371.9552,1371.9552,0.0021599066170047395,0.0006982461763095245,0.002835036225076135,0.0036076576881530053,0.0026607702299278565,0.003158289998119046,6.018017117430281,11.535761332517723,,
diabetes_resnet_nested_R60_C20_s42_architecture_resnet_nested_summary.json,diabetes,resnet,nested,42,60.0,20,weighted_ce,none,_architecture_resnet_nested,,,,,1.0,inf,0.7124812532479028,0.7712718737376302,59.0,0.058790620489727385,0.706216744655492,0.7441789936003612,0.7712718737376302,59.0,0.28914745006157544,0.36764060470017773,59.0,0.07849315463860229,0.27834741913053784,0.32587983374435076,0.36764060470017773,59.0,0.3024001445415164,0.3486183198527284,59.0,0.04621817531121197,0.2981847612449057,0.3197469432917299,0.3352301587726726,38.0,0.3414765099171158,0.40057239623878693,59.0,0.05909588632167112,0.3333494493287003,0.36991972725473093,0.40057239623878693,59.0,0.32719675477953813,0.3816885784144578,1.0,0.05449182363491967,0.32940653978896883,0.32698170328949494,0.3816885784144578,1.0,0.5837308581330161,0.6509488213780814,12.0,0.06721796324506535,0.5779674157501341,0.5829502496060853,0.6509488213780814,12.0,0.15042557329575024,0.20722849277920058,12.0,0.05680291948345034,0.1563779327848787,0.14358464563449222,0.20722849277920058,12.0,0.2073170731707317,0.22928160048499546,47.0,0.021964527314263765,0.20965712867041522,0.21664478675151283,0.2045002711006687,1.0,1166.32576,1166.32576,0.00720160228508268,0.0041986758460774145,0.002738869101875697,0.0027502979131206933,0.003176147596111638,0.002813875653587641,4.5131560339248,7.735180789313745,,
diabetes_resnet_nested_R60_C20_s43_architecture_resnet_nested_summary.json,diabetes,resnet,nested,43,60.0,20,weighted_ce,none,_architecture_resnet_nested,,,,,1.0,inf,0.7183584248644479,0.7704815210137064,59.0,0.052123096149258474,0.7100955770880433,0.7436497996884779,0.7704815210137064,59.0,0.290374088979791,0.35300558303393265,59.0,0.06263149405414165,0.2715720543154462,0.31597645825722753,0.35300558303393265,59.0,0.29743155988891823,0.33584226063818373,58.0,0.0384107007492655,0.295131420293204,0.3168589679877193,0.33584226063818373,58.0,0.3386883674742502,0.38527754620183635,59.0,0.04658917872758617,0.3330886145465437,0.3614623960345839,0.38527754620183635,59.0,0.3279895264868175,0.3555834566952111,5.0,0.02759393020839357,0.330435665970718,0.3230042320747258,0.3555834566952111,5.0,0.34601084804727267,0.5266832215687528,1.0,0.18067237352148013,0.34362236736973883,0.3441755283783513,0.5266832215687528,1.0,0.08200271286658362,0.12110349799337318,1.0,0.039100785126789564,0.08194058301500817,0.08233582761192551,0.12110349799337318,1.0,0.10589959692194943,0.20408716882177413,2.0,0.0981875718998247,0.13544690393871725,0.11807509274705023,0.20408716882177413,2.0,1166.32576,1166.32576,0.007019682950514274,0.003988251305789042,0.0027966575452406752,0.004165066482785882,0.0032149122027760727,0.004157523557294279,4.639437655957833,11.428588102455251,,
diabetes_resnet_nested_R60_C20_s44_architecture_resnet_nested_summary.json,diabetes,resnet,nested,44,60.0,20,weighted_ce,none,_architecture_resnet_nested,,,,,1.0,inf,0.7192551249626932,0.7757590913283063,59.0,0.05650396636561317,0.7093351606046199,0.7474976231305066,0.7757590913283063,59.0,0.2961079470971776,0.3719382313681259,59.0,0.07583028427094834,0.28476054234080694,0.3271747050121165,0.3719382313681259,59.0,0.30787003284097236,0.34636549279203666,59.0,0.03849545995106429,0.29876280866327054,0.3230423773796326,0.34636549279203666,59.0,0.34060005529053433,0.3971654190550287,59.0,0.05656536376449439,0.3333565617632988,0.3659964200773019,0.3971654190550287,59.0,0.32505024701821816,0.4023396900118917,2.0,0.07728944299367352,0.331139417927603,0.32386620747896,0.4023396900118917,2.0,0.4211465992316021,0.4543427227159985,35.0,0.033196123484396434,0.39505459969449286,0.41286728543160756,0.4246654027528176,8.0,0.09301071248556379,0.10640669476097256,35.0,0.013395982275408766,0.08963599041590382,0.09167274217505064,0.09622612477179915,1.0,0.002564102564102564,0.1066219614417435,1.0,0.10405785887764094,0.003411340986558545,0.00603835554236919,0.1066219614417435,1.0,1166.32576,1166.32576,0.007250250445997262,0.004232211228238107,0.0026577341726615523,0.001963109747917312,0.003117500754237185,0.0020599014962958237,4.454117081227499,5.815184295468498,,
diabetes_transformer_fedavg_R60_C20_s42_architecture_transformer_fedavg_summary.json,diabetes,transformer,fedavg,42,60.0,20,weighted_ce,none,_architecture_transformer_fedavg,,,,,1.0,inf,0.666944133870081,0.6678734530968807,59.0,0.0009293192267997297,0.6580786792490414,0.6661116545600849,0.6678734530968807,59.0,0.22394135184770766,0.2245537678268789,59.0,0.0006124159791712214,0.21793708711801793,0.22154959806414265,0.22314705525374604,27.0,0.2756327925377163,0.28092991809732326,56.0,0.0052971255596069855,0.2683195018641325,0.2751623950195213,0.2660065643756465,4.0,0.29823144908615995,0.3014265128530817,58.0,0.0031950637669217463,0.2900652688135514,0.2984892247929231,0.28711285575424017,9.0,0.3346613107571775,0.35848463719104834,7.0,0.02382332643387086,0.334692319277699,0.33274851823310025,0.35848463719104834,7.0,0.6660670078477746,0.6680513146077778,25.0,0.0019843067600031628,0.665730363366698,0.666106336574589,0.666939671623014,4.0,0.2173169809588486,0.2199969633382689,29.0,0.002679982379420298,0.2144000280904227,0.21639480236154074,0.2199969633382689,29.0,0.27839351686330593,0.28232949512843225,16.0,0.003935978265126316,0.27812816638768384,0.2778922598798438,0.28232949512843225,16.0,743.7408,743.7408,0.009415001696779413,0.003000325572246625,0.0019242829192178108,0.002589403755342581,0.002044425010095811,0.0026216607469180054,3.5589714118226965,5.859589925554246,0.003134591744950153,0.0035392769305083245
diabetes_transformer_fedavg_R60_C20_s43_architecture_transformer_fedavg_summary.json,diabetes,transformer,fedavg,43,60.0,20,weighted_ce,none,_architecture_transformer_fedavg,,,,,1.0,inf,0.6738944363582547,0.6753012739019684,56.0,0.0014068375437136238,0.6686841309905639,0.6742322404170681,0.6753012739019684,56.0,0.22879006943119942,0.22881594553404744,49.0,2.587610284801589e-05,0.21963893902657972,0.22624045369952156,0.22881594553404744,49.0,0.28052877370531104,0.28052877370531104,60.0,0.0,0.27243521376832797,0.27762065859126794,0.27314563775264794,7.0,0.29760785905665676,0.29888018676472644,58.0,0.001272327708069676,0.29375857108083836,0.29685273660047184,0.2951974229331417,17.0,0.32441060004892464,0.3687985964360985,2.0,0.04438799638717389,0.33471916107364513,0.3318603185475867,0.3687985964360985,2.0,0.6656717001178996,0.6690620600005351,48.0,0.003390359882635585,0.665285795692215,0.6666167202670483,0.6690620600005351,48.0,0.21821767107605192,0.22154952841974102,49.0,0.0033318573436890986,0.2161688771985633,0.21811390322114796,0.21982159601875,17.0,0.276686807653575,0.2820093163792018,32.0,0.0053225087256267845,0.27650645504588167,0.2773461470757731,0.2820093163792018,32.0,743.7408,743.7408,0.012019503835799491,0.0029061209883755375,0.002010973260862813,0.0022601495761275826,0.0021807198868931733,0.0023095771611341322,3.9551371501693153,5.538674466810335,0.0024871738720958865,0.0030580599119044575
diabetes_transformer_fedavg_R60_C20_s44_architecture_transformer_fedavg_summary.json,diabetes,transformer,fedavg,44,60.0,20,weighted_ce,none,_architecture_transformer_fedavg,,,,,1.0,inf,0.6607630314807696,0.6609979990837349,58.0,0.00023496760296526364,0.6536926467281773,0.660218825371457,0.6609979990837349,58.0,0.22787392734042083,0.23162812146048883,59.0,0.0037541941200679996,0.22069609658065675,0.22810454024533083,0.22038056405715803,8.0,0.2681587190781639,0.27133339017654945,55.0,0.0031746710983855397,0.2633093078136645,0.2685278670195073,0.2614474334583428,15.0,0.2904516320682638,0.2934727182984831,57.0,0.0030210862302192942,0.2863328723002939,0.29075663044587047,0.2929741097118969,45.0,0.32917427897528356,0.363370349056735,1.0,0.034196070081451424,0.33375209241880344,0.3325935879819679,0.363370349056735,1.0,0.6611438453799119,0.66391657144561,46.0,0.0027727260656981167,0.6616633360003428,0.6616061433381311,0.6635854541613957,21.0,0.21759940463651617,0.21916755910397306,58.0,0.0015681544674568948,0.21440967388313567,0.21664890928171382,0.21812966304012102,29.0,0.2782957630119202,0.2850757387633474,50.0,0.006779975751427192,0.27705057324939336,0.2784546892400896,0.28202368137782563,8.0,743.7408,743.7408,0.010413227539398832,0.002679122721930218,0.0019331040689989892,0.002128705370008275,0.0020686404421816763,0.0021689133617982127,3.720546171077217,5.209251664906333,0.0030683678722679326,0.004186983902361865
diabetes_transformer_fedper_R60_C20_s42_architecture_transformer_fedper_summary.json,diabetes,transformer,fedper,42,60.0,20,weighted_ce,none,_architecture_transformer_fedper,,,,,1.0,inf,0.6667793616072284,0.6673472543973549,54.0,0.0005678927901264785,0.653276069650693,0.6662769432411225,0.6673472543973549,54.0,0.2309171329717599,0.23314499822564255,52.0,0.0022278652538826604,0.21822847440305104,0.23076590259219878,0.23314499822564255,52.0,0.27435146625311113,0.2821263300090116,58.0,0.007774863755900474,0.2639042317598389,0.2751227325079938,0.2821263300090116,58.0,0.29545466471171833,0.2987899649324004,56.0,0.003335300220682069,0.2881727652991014,0.29660778952403216,0.28898451343288983,13.0,0.3369963047247519,0.41868025684974947,1.0,0.08168395212499757,0.3406053877299005,0.33756375021947416,0.41868025684974947,1.0,0.4091522348389948,0.4091522348389948,60.0,0.0,0.37070713897482055,0.3893313634542596,0.35705526914081287,1.0,0.09133656162391315,0.09183154676732658,58.0,0.0004949851434134234,0.08500566969105115,0.08852641395426382,0.0888176975638335,18.0,0.040709508578075024,0.2045002711006687,1.0,0.16379076252259367,0.08792483495234855,0.048318688568642326,0.2045002711006687,1.0,743.1168,743.1168,0.01182533966973117,0.0033378128026838863,0.0019458955737673448,0.0019123705462492826,0.0020958655246499577,0.002015342901715326,3.6813832944397897,4.691093334258767,,
diabetes_transformer_fedper_R60_C20_s43_architecture_transformer_fedper_summary.json,diabetes,transformer,fedper,43,60.0,20,weighted_ce,none,_architecture_transformer_fedper,,,,,1.0,inf,0.6782285304357775,0.6787953527870618,59.0,0.0005668223512843573,0.6690221951844785,0.6775928609208849,0.6787953527870618,59.0,0.22995168677654884,0.23243800425729608,57.0,0.0024863174807472355,0.21961858419855504,0.2297975086215661,0.2258568810475044,24.0,0.27324355302902703,0.28025740344835187,48.0,0.007013850419324841,0.2688045495291243,0.27479785149683295,0.2766963213375969,14.0,0.3006594259177629,0.30117491537774793,59.0,0.0005154894599850302,0.2946317271606919,0.29888222876804793,0.2973017732896387,19.0,0.3378176685217458,0.37341302245864705,2.0,0.035595353936901275,0.3432528452245086,0.34059736782447475,0.37341302245864705,2.0,0.6669970979141857,0.6690466869221512,46.0,0.00204958900796548,0.6290216709287114,0.6676853085927753,0.6680018195701071,22.0,0.21377845494661551,0.21529855318225838,53.0,0.0015200982356428638,0.18245912528499023,0.21295117712818853,0.21529855318225838,53.0,0.250388487264374,0.2518079757559061,54.0,0.0014194884915320616,0.2217225299129369,0.24719762741817553,0.2518079757559061,54.0,743.1168,743.1168,0.010276187978029394,0.002698020122978728,0.0019702174910887268,0.0021099423860985508,0.002087945117610789,0.002156347772866611,3.504083823237761,4.780623120634118,,
diabetes_transformer_fedper_R60_C20_s44_architecture_transformer_fedper_summary.json,diabetes,transformer,fedper,44,60.0,20,weighted_ce,none,_architecture_transformer_fedper,,,,,1.0,inf,0.6646161827669128,0.6655759548567063,59.0,0.0009597720897934758,0.6544313568985655,0.6641115822840261,0.6655759548567063,59.0,0.24070957787382583,0.24070957787382583,60.0,0.0,0.22695666909588766,0.238156151400808,0.2390999657718028,48.0,0.26951147599032516,0.27473300414294305,43.0,0.005221528152617894,0.26280194726960027,0.2702969997046468,0.27473300414294305,43.0,0.29084110685318654,0.29271323132392163,54.0,0.0018721244707350926,0.28564891487214766,0.29095649152736824,0.2880100686220226,18.0,0.33103671216124214,0.36635322012745963,2.0,0.03531650796621749,0.33692213694816614,0.33257721782504557,0.36635322012745963,2.0,0.6558538624376286,0.6630368423290396,9.0,0.007182979891411034,0.654991949986854,0.6555948543031241,0.6630368423290396,9.0,0.20404235318778421,0.21415528732330988,50.0,0.010112934135525664,0.20238282859750678,0.2072065263644825,0.21217045770801013,9.0,0.24975086239938674,0.25376073088131057,57.0,0.004009868481923834,0.24363813117741748,0.24953349447028886,0.25167217934582875,13.0,743.1168,743.1168,0.011122260602067708,0.0029131591542382795,0.001995001737245385,0.0019363515164696264,0.0021254585765567466,0.0020086750883820236,3.607568743312307,4.525195468770107,,
diabetes_transformer_nested_R60_C20_s42_architecture_transformer_nested_summary.json,diabetes,transformer,nested,42,60.0,20,weighted_ce,none,_architecture_transformer_nested,,,,,1.0,inf,0.6497707163325137,0.6605190769484918,9.0,0.010748360615978059,0.6490605500870075,0.6557799338518426,0.6605190769484918,9.0,0.211045536331522,0.22750829793154512,53.0,0.016462761600023107,0.21387395257722494,0.22024161838217796,0.2220755976090689,9.0,0.25872907274742074,0.27867867592975104,49.0,0.0199496031823303,0.26050810472944114,0.26704682422344567,0.27311023508918747,18.0,0.2839024576465143,0.29989458117928286,54.0,0.015992123532768576,0.2858856292232716,0.2889794026208964,0.29390318178453334,9.0,0.3419803988398592,0.416667119046525,1.0,0.07468672020666578,0.34563270486192077,0.3430178837237311,0.416667119046525,1.0,0.3349253651476325,0.39360988944987174,16.0,0.05868452430223925,0.34569475747657435,0.33355235222154656,0.35922107862136143,1.0,0.08069621408678856,0.100029167685309,16.0,0.01933295359852044,0.0825210591872754,0.08012682658451746,0.100029167685309,16.0,0.0851063829787234,0.2045002711006687,1.0,0.1193938881219453,0.10440507342094234,0.08066945405540973,0.2045002711006687,1.0,600.58112,600.58112,0.04410290555846235,0.015079349428723098,0.0018321713187535538,0.0015267432111156908,0.005883933866775847,0.0017761380167192083,2.673607262577389,3.458508376585087,,
diabetes_transformer_nested_R60_C20_s43_architecture_transformer_nested_summary.json,diabetes,transformer,nested,43,60.0,20,weighted_ce,none,_architecture_transformer_nested,,,,,1.0,inf,0.6651867949366186,0.6752255781868998,59.0,0.01003878325028118,0.6663396693713831,0.6698847594900533,0.6750127459708085,4.0,0.21753780735067915,0.2265621041338291,59.0,0.009024296783149949,0.21538064228748502,0.21960578291119726,0.22495507517154575,4.0,0.26813411120708935,0.2785631584423596,38.0,0.010429047235270272,0.26685570986027,0.2715251535522788,0.2771717601527239,8.0,0.2895230596471,0.3024571407126548,19.0,0.01293408106555477,0.29370723543731764,0.29587971049608897,0.3024571407126548,19.0,0.3367717508675731,0.3782345514572151,2.0,0.04146280058964197,0.34378503505291025,0.3413968732993409,0.3782345514572151,2.0,0.6443071871864676,0.6553327464540395,33.0,0.011025559267571872,0.6203256157718967,0.6451040472534044,0.6331579530719778,6.0,0.1911285186574922,0.20385451001879934,33.0,0.012725991361307143,0.17420294182577178,0.1877269075940971,0.1731852732762475,6.0,0.23978345546972998,0.2572535514421007,10.0,0.01747009597237073,0.22434163312779692,0.24065924017787704,0.2572535514421007,10.0,600.58112,600.58112,0.039491356331970935,0.010992859906858417,0.0017685762177878023,0.001280278274897545,0.005130690309288738,0.001481763527856125,2.5005458931305538,2.723556666926015,,
diabetes_transformer_nested_R60_C20_s44_architecture_transformer_nested_summary.json,diabetes,transformer,nested,44,60.0,20,weighted_ce,none,_architecture_transformer_nested,,,,,1.0,inf,0.6557471949153163,0.6656877567623629,49.0,0.009940561847046614,0.6537340312485334,0.6605315898769613,0.66462184408722,9.0,0.22251638454602207,0.23388429332863164,59.0,0.01136790878260957,0.2218247330098489,0.22717533106177923,0.23320024554316016,9.0,0.26457203900318155,0.2754059575470252,9.0,0.010833918543843635,0.26050602492722363,0.2678339205869712,0.2754059575470252,9.0,0.2870810204117916,0.29490182666090237,9.0,0.007820806249110746,0.283975968045468,0.28872353586639965,0.29490182666090237,9.0,0.3435729152626461,0.3626526360583823,13.0,0.01907972079573622,0.34064606223201077,0.3400885027235208,0.3574357650238349,2.0,0.6454388967445668,0.6606969719528287,17.0,0.015258075208261945,0.6516145823424495,0.64220131890722,0.6606969719528287,17.0,0.1857356503963138,0.21246990497456916,12.0,0.026734254578255373,0.19647649900822103,0.18757891990941947,0.21246990497456916,12.0,0.2411155486360252,0.25540244284372066,20.0,0.014286894207695466,0.24163531474139757,0.2410434818948776,0.25540244284372066,20.0,600.58112,600.58112,0.04267411212697409,0.01735746645390738,0.0018313551319326697,0.0014496745716534591,0.005293854240814028,0.001780763460721996,2.675982344221954,3.4161390456429217,,
medmnist_cnn_fedavg_R60_C20_s42_summary.json,medmnist,cnn,fedavg,42,60.0,20,weighted_ce,none,,,,,,1.0,inf,0.9996797975695856,1.0,41.0,0.000320202430414418,0.9788298653427999,0.998620255439239,0.996421169152418,17.0,0.9999359595139172,1.0000000000000002,42.0,6.404048608299462e-05,0.99029629380953,0.9998404024955263,0.9992228737410118,17.0,0.9805497899149069,0.9805497899149069,60.0,0.0,0.9229528477096627,0.957119219069367,0.974408450623356,48.0,0.9988955336458166,1.0,41.0,0.0011044663541833755,0.9878256065623093,0.9981819398364877,1.0,41.0,0.03429752081676107,0.21832519388112862,49.0,0.18402767306436754,0.10717759702624775,0.06375802655538243,0.18731761233514127,1.0,0.7887573964497041,0.9118124041200965,1.0,0.12305500767039235,0.738627638980203,0.7879793995178609,0.9118124041200965,1.0,0.8580216754607048,0.9473528629120584,1.0,0.0893311874513536,0.8128812261658406,0.8509397114549777,0.9473528629120584,1.0,0.7692307692307693,0.7692307692307693,1.0,0.0,0.769230769230769,0.7692307692307693,0.7692307692307693,1.0,1380.4128,1380.4128,0.00013330674192290213,4.469588568837657e-05,0.00046184222905451636,0.00012915789347901283,0.0004148186968942942,0.00011720757087952081,0.25264961503491473,0.07301241451770579,0.00023632375906833765,4.160722519242172e-05
medmnist_cnn_fedavg_R60_C20_s43_summary.json,medmnist,cnn,fedavg,43,60.0,20,weighted_ce,none,,,,,,1.0,inf,1.0,1.0,54.0,0.0,0.9905593847457514,0.9992383273668978,0.9984766547337954,37.0,1.0,1.0,54.0,0.0,0.9931724851203663,0.9999611146076784,0.9990419110467287,11.0,0.9476228523632427,0.9499865764346368,59.0,0.002363724071394069,0.8244113616249843,0.8971222184255891,0.9499865764346368,59.0,1.0,1.0,54.0,0.0,0.9885269313495078,0.9997773572303238,0.997231808230361,25.0,0.02846661459142387,0.3218235618471236,3.0,0.2933569472556997,0.17136343799389592,0.058567732358887806,0.3218235618471236,3.0,0.9192746000438308,0.9279366644751259,37.0,0.008662064431295136,0.8879130140989113,0.911169734823581,0.8958744247205785,4.0,0.9511151006613577,0.9552648229621862,37.0,0.00414972230082844,0.9259554570371411,0.9452044184034974,0.9325881718565731,4.0,0.0,0.0,1.0,0.0,0.0,0.0,0.0,1.0,1380.4128,1380.4128,0.00011255839098089343,3.621311430346916e-05,0.0004288543740345275,0.00011238688867443179,0.00038312407108181815,0.00010151033843088737,0.23612876293673046,0.06426614375209638,0.00023486339428387414,2.6252963653148992e-05
medmnist_cnn_fedavg_R60_C20_s44_summary.json,medmnist,cnn,fedavg,44,60.0,20,weighted_ce,none,,,,,,1.0,inf,0.99965556605259,1.0,30.0,0.00034443394741001665,0.9839919290760611,0.999965556605259,1.0,30.0,0.9999311132105181,1.0,30.0,6.888678948191451e-05,0.9918597514152142,0.9999931113210518,1.0,30.0,0.9150828019457754,0.9891465190952821,58.0,0.07406371714950666,0.8562227835410815,0.9018706208497826,0.9891465190952821,58.0,0.9989842117483166,1.0,30.0,0.0010157882516833583,0.9866599482098078,0.9998984211748316,1.0,30.0,0.0700599198258556,0.28447548473534523,6.0,0.21441556490948963,0.17188526160992845,0.09215453245945737,0.28447548473534523,6.0,0.8224742493973264,0.8481371904448828,58.0,0.025662941047556398,0.7709380707137116,0.7973159105851414,0.8364617576156037,22.0,0.8941363609466492,0.9108828731647576,58.0,0.01674651221810841,0.8463884885484808,0.8715094619106445,0.8154323839455166,1.0,0.7692307692307693,0.7692307692307693,10.0,0.0,0.683551587245919,0.7692307692307693,0.7692307692307693,10.0,1380.4128,1380.4128,0.00011753808362343633,0.00017706198095721238,0.00041995998971443456,0.0006333214127758487,0.00037656178892980335,0.0005683511789118139,0.22947701320315836,0.35247378328358536,0.0002351077440380222,9.661721899174291e-05
medmnist_cnn_fedavg_R60_C20_s45_summary.json,medmnist,cnn,fedavg,45,60.0,20,weighted_ce,none,,,,,,1.0,inf,1.0,1.0,39.0,0.0,0.9788157772421165,1.0,1.0,39.0,1.0000000000000002,1.0000000000000002,39.0,0.0,0.9945694026691638,1.0,1.0000000000000002,39.0,0.9977766957525357,0.9984919841478755,57.0,0.0007152883953398526,0.9596333530872101,0.9935597460448825,0.9984919841478755,57.0,1.0,1.0,39.0,0.0,0.9934089192586862,1.0,0.9966982543356724,17.0,0.014804560958539234,0.2712217544746032,33.0,0.256417193516064,0.08304451761470238,0.023205638564061864,0.18545852159181797,1.0,0.8787310979618672,0.9254930966469428,32.0,0.04676199868507558,0.8469480970121996,0.8711642559719482,0.8921378479070786,1.0,0.925331997395784,0.951476426399514,32.0,0.02614442900373004,0.8928677867519739,0.9181857369353477,0.9351142814081117,1.0,0.7692307692307693,0.7692307692307693,1.0,0.0,0.769230769230769,0.7692307692307693,0.7692307692307693,1.0,1380.4128,1380.4128,0.00010818218790241101,4.37934795761385e-05,0.00041279294464538447,0.0001249243293382172,0.00036929386792431047,0.00011341654907452735,0.2251602033473361,0.07059398648167914,0.00026672500155735276,2.831237908996081e-05
medmnist_cnn_fedavg_R60_C20_s46_summary.json,medmnist,cnn,fedavg,46,60.0,20,weighted_ce,none,,,,,,1.0,inf,1.0,1.0,36.0,0.0,0.9830640217734538,1.0,0.9996094503786812,24.0,1.0,1.0,36.0,0.0,0.9883593200401262,1.0,0.9997769538154152,24.0,0.9373913022194806,0.9378957750353364,59.0,0.0005044728158557499,0.8072808203754998,0.9010113648322156,0.7964555277447933,2.0,1.0,1.0,36.0,0.0,0.9864348231249114,1.0,1.0,36.0,0.051717503939625244,0.3999419830542486,8.0,0.34822447911462334,0.22811991184125355,0.08962125431140908,0.3999419830542486,8.0,0.6409818102125795,0.9276791584483892,28.0,0.2866973482358097,0.7676943166045729,0.6559149682226605,0.9276791584483892,28.0,0.737179096295254,0.9492544590189353,28.0,0.21207536272368133,0.8176751731884656,0.7452983522938956,0.9492544590189353,28.0,0.0,0.0,1.0,0.0,0.0,0.0,0.0,1.0,1380.4128,1380.4128,0.00010623327827319844,4.4374053479319476e-05,0.0004065846222699768,0.0001310090875536992,0.00036374476446424705,0.0001187193518177172,0.220467298180021,0.07306581826799885,0.0002499546459864248,2.7696364110810025e-05
medmnist_cnn_fedper_R60_C20_s42_summary.json,medmnist,cnn,fedper,42,60.0,20,weighted_ce,none,,,,,,1.0,inf,1.0,1.0,35.0,0.0,0.9657243651602848,1.0,1.0,35.0,1.0,1.0000000000000002,35.0,2.220446049250313e-16,0.9869822592602175,1.0,1.0000000000000002,35.0,0.9900722479474193,0.9936203262467578,52.0,0.003548078299338453,0.9445420886784074,0.9877006818085607,0.9936203262467578,52.0,1.0,1.0,35.0,0.0,0.9872189727924067,1.0,1.0,35.0,0.013027171361826276,0.26462314745972154,1.0,0.25159597609789525,0.070951164324073,0.015052947349751258,0.26462314745972154,1.0,0.686368617137848,0.7421104536489151,25.0,0.05574183651106712,0.638027339469647,0.6758070348454964,0.6730111768573307,11.0,0.7625620745907524,0.817009891200593,25.0,0.05444781660984055,0.7261798056585872,0.755453234693328,0.7656834019581611,10.0,0.7692307692307693,0.7692307692307693,1.0,0.0,0.769230769230769,0.7692307692307693,0.7692307692307693,1.0,1379.1744,1379.1744,6.262705997954517e-05,2.670908281425172e-05,0.0003000080374662911,7.316631558063307e-05,0.00026596418895110237,6.657672797608642e-05,0.16014534705047995,0.040633964240534226,,
medmnist_cnn_fedper_R60_C20_s43_summary.json,medmnist,cnn,fedper,43,60.0,20,weighted_ce,none,,,,,,1.0,inf,1.0,1.0,26.0,0.0,0.9618015379227469,0.9993906618935181,1.0,26.0,1.0,1.0,26.0,0.0,0.9760495891557343,0.9999695330946758,1.0,26.0,0.9800892426435117,0.9852912804307471,46.0,0.005202037787235381,0.8785557347345159,0.9581786261623426,0.8568364292280809,13.0,1.0,1.0,26.0,0.0,0.978679685075243,0.9997031429737653,1.0,26.0,0.013309630881780091,0.27714707766013963,4.0,0.2638374467783595,0.10153799373538645,0.028099065545064066,0.27714707766013963,4.0,0.8751972386587772,0.913976550515012,13.0,0.038779311856234844,0.8493063773833005,0.8736226166995398,0.913976550515012,13.0,0.9130641616484083,0.9454474402502389,11.0,0.032383278601830545,0.8959762630305487,0.9118740498521472,0.9454474402502389,11.0,0.0,0.0,1.0,0.0,0.0,0.0,0.0,1.0,1379.1744,1379.1744,7.813996254000602e-05,2.599499051498685e-05,0.0003626252949294414,6.358635632267938e-05,0.0003213446434590844,5.822040508331123e-05,0.1954001484031391,0.036123658359134225,,
medmnist_cnn_fedper_R60_C20_s44_summary.json,medmnist,cnn,fedper,44,60.0,20,weighted_ce,none,,,,,,1.0,inf,1.0,1.0,27.0,0.0,0.9614486880529834,1.0,1.0,27.0,1.0,1.0,27.0,0.0,0.976929875406984,1.0,1.0,27.0,0.9988145416227608,0.9988145416227608,58.0,0.0,0.9202324208903527,0.9974421191027636,0.9938459376852834,37.0,1.0,1.0,27.0,0.0,0.9792903462446207,1.0,1.0,27.0,0.0061322626299668065,0.25791008346905453,9.0,0.25177782083908773,0.09051991359979876,0.010058517472864991,0.25791008346905453,9.0,0.4065253122945431,0.5403791365329828,7.0,0.13385382423843967,0.4235382423843962,0.3744630725399956,0.5403791365329828,7.0,0.5488498524727569,0.6555054424890623,7.0,0.10665559001630542,0.5705787783431536,0.5332243004707887,0.6555054424890623,7.0,0.0,0.0,1.0,0.0,0.0,0.0,0.0,1.0,1379.1744,1379.1744,6.670072484520353e-05,1.8631110331168557e-05,0.00031227031477990886,4.2018048664335036e-05,0.0002769071552101112,3.868494397253131e-05,0.1668215514185801,0.02358186378468652,,
medmnist_cnn_fedper_R60_C20_s45_summary.json,medmnist,cnn,fedper,45,60.0,20,weighted_ce,none,,,,,,1.0,inf,1.0,1.0,38.0,0.0,0.964995782067677,1.0,1.0,38.0,1.0,1.0000000000000002,38.0,2.220446049250313e-16,0.9907133978933355,1.0,1.0000000000000002,38.0,0.9943567231123168,0.9949937164378195,59.0,0.0006369933255027105,0.9605329891753266,0.9903035588768768,0.9949937164378195,59.0,1.0,1.0,38.0,0.0,0.9923136026669372,1.0,1.0,38.0,0.010014170525826743,0.27888829559699296,1.0,0.2688741250711662,0.057994111442103015,0.017087388973238155,0.27888829559699296,1.0,0.22331799254876178,0.5481262327416173,39.0,0.32480824019285554,0.39426291182701434,0.323068704799474,0.5481262327416173,39.0,0.4720803274756009,0.6424998471655208,38.0,0.17041951968991986,0.5583303218622269,0.5213216900821858,0.5820806294897625,8.0,0.7692307692307693,0.7692307692307693,1.0,0.0,0.769230769230769,0.7692307692307693,0.7692307692307693,1.0,1379.1744,1379.1744,7.807453778441422e-05,3.076255053487343e-05,0.00033517248085494317,6.887087145809383e-05,0.0002983714768525876,6.34940284056215e-05,0.18029095302599235,0.03903624055132582,,
medmnist_cnn_fedper_R60_C20_s46_summary.json,medmnist,cnn,fedper,46,60.0,20,weighted_ce,none,,,,,,1.0,inf,1.0,1.0,43.0,0.0,0.9674808674178182,1.0,0.9999079552925706,29.0,1.0,1.0,43.0,0.0,0.9768519006579927,1.0,0.9998977281028563,29.0,0.9532382722650843,0.9637765070529614,55.0,0.010538234787877077,0.881522375743822,0.9562017928929653,0.9460549541841573,34.0,1.0,1.0,43.0,0.0,0.9791729748927848,1.0,0.9986453797774552,29.0,0.0259617226443713,0.4475442573428153,1.0,0.421582534698444,0.1143896668895987,0.02668658734542705,0.4475442573428153,1.0,0.44567718606180146,0.663143765066842,37.0,0.21746657900504057,0.43540433925049304,0.48278051720359416,0.5666831032215648,1.0,0.6135194288161376,0.7434151966666608,37.0,0.12989576785052315,0.6082432931780762,0.6334766039559181,0.6645384745715768,1.0,0.0,0.0,1.0,0.0,0.0,0.0,0.0,1.0,1379.1744,1379.1744,6.874628387768274e-05,2.2145408088991756e-05,0.00035070125409151804,8.017590772401085e-05,0.00031050251606773704,7.20033368127714e-05,0.18711552757772257,0.04401441737896761,,
medmnist_cnn_tierfed_R60_C20_s42_summary.json,medmnist,cnn,tierfed,42,60.0,20,weighted_ce,none,,,,,,1.0,inf,0.999676643240261,1.0,40.0,0.0003233567597390463,0.9677652315201842,0.9991224054774233,0.99961485649218,23.0,0.9999859410104461,1.0000000000000002,40.0,1.4058989554088797e-05,0.9886252614985309,0.9998971291686882,0.9999412728278861,24.0,0.9626264294971928,0.9896655603697805,54.0,0.02703913087258769,0.9210909790000456,0.9595956344079898,0.9849686341767204,40.0,0.9990334572490707,1.0,40.0,0.0009665427509293334,0.9877748382944809,0.9986066786507036,0.9988367094049516,23.0,0.07017109170003266,0.28558364470594655,26.0,0.2154125530059139,0.11235050690299551,0.06559560053916735,0.26462314745972154,1.0,0.6366206443129521,0.7058897655051501,25.0,0.06926912119219808,0.6127399737015122,0.6203194170501863,0.7058897655051501,25.0,0.7403286984189046,0.8013045404675948,25.0,0.06097584204869022,0.7201584309158012,0.7240622776380496,0.8013045404675948,25.0,0.7692307692307693,0.7692307692307693,1.0,0.0,0.769230769230769,0.7692307692307693,0.7692307692307693,1.0,427.71456,427.71456,9.735012857694833e-05,4.444557124068681e-05,0.0005833117740116854,0.00021676212491515175,0.0001792794743206389,0.0,0.09487137283645287,0.0,,
medmnist_cnn_tierfed_R60_C20_s43_summary.json,medmnist,cnn,tierfed,43,60.0,20,weighted_ce,none,,,,,,1.0,inf,0.9999073116304235,1.0,31.0,9.268836957654347e-05,0.9648375084202611,0.9994827679287077,1.0,31.0,0.9999714268935891,1.0,31.0,2.857310641091182e-05,0.9772175310203667,0.999920856626685,1.0,31.0,0.9786416170335468,0.9786416170335468,60.0,0.0,0.8729382811918452,0.9101360835277731,0.9706755062632783,32.0,0.9990463041513493,1.0,31.0,0.0009536958486506819,0.9785054108977342,0.9986265480686395,1.0,31.0,0.03710958189382442,0.27714707766013963,4.0,0.24003749576631522,0.125692060449655,0.08437980009693132,0.27714707766013963,4.0,0.8983618233618234,0.9258492220030682,29.0,0.02748739864124483,0.8679051610782381,0.9032221126451894,0.9258492220030682,29.0,0.928587009918799,0.9514448290808168,29.0,0.0228578191620179,0.9065710852470026,0.9312960375801647,0.9514448290808168,29.0,0.0,0.0,1.0,0.0,0.0,0.0,0.0,1.0,428.49024,428.49024,9.734414693508152e-05,4.753312941412038e-05,0.0006253094359634835,0.00024072342369619372,0.0001931160626579326,0.0,0.10183080105105588,0.0,,
medmnist_cnn_tierfed_R60_C20_s44_summary.json,medmnist,cnn,tierfed,44,60.0,20,weighted_ce,none,,,,,,1.0,inf,0.999524763160657,1.0,27.0,0.0004752368393430295,0.9655224734321777,0.9998387428207781,1.0,27.0,0.9998830631685834,1.0,27.0,0.00011693683141655864,0.9801584223318744,0.9999497826794371,1.0,27.0,0.8997547928235196,0.9902151632102012,54.0,0.09046037038668164,0.9025412190115649,0.9457225087613923,0.9781022572004602,27.0,0.9978191220717173,1.0,27.0,0.0021808779282826984,0.9809190058446453,0.9991766788891361,1.0,27.0,0.13586066587670972,0.27464290939220415,6.0,0.13878224351549442,0.11621648918060952,0.06575612710031054,0.27464290939220415,6.0,0.5510574183651107,0.5763313609467455,36.0,0.025273942581634845,0.5372436810577835,0.5491683103221565,0.5227043611658997,3.0,0.664761849343767,0.6853570223055387,36.0,0.020595172961771713,0.6520573158273018,0.6617637521328332,0.6425937344892199,3.0,0.0,0.0,1.0,0.0,0.0,0.0,0.0,1.0,426.93888,426.93888,9.053607146773493e-05,6.373210441960331e-05,0.0005992168519382819,0.00029137944951949897,0.00018262617296786165,0.0,0.0968891720467217,0.0,,
medmnist_cnn_tierfed_R60_C20_s45_summary.json,medmnist,cnn,tierfed,45,60.0,20,weighted_ce,none,,,,,,1.0,inf,1.0,1.0,36.0,0.0,0.9678242322466521,0.999895402483839,1.0,36.0,1.0,1.0000000000000002,39.0,2.220446049250313e-16,0.9917082135978051,0.999994160448862,1.0000000000000002,39.0,0.991655420291991,0.9960173777334965,55.0,0.004361957441505471,0.9395207095818952,0.9668116905931724,0.9654059446731267,14.0,1.0,1.0,36.0,0.0,0.9929799001744141,0.9997802790220351,1.0,36.0,0.018964850343850932,0.27888829559699296,1.0,0.25992344525314204,0.09203718964815329,0.05511229998342594,0.27888829559699296,1.0,0.37632588209511286,0.4119548542625465,45.0,0.03562897216743366,0.35752355906202055,0.3623027613412229,0.3632423843962306,1.0,0.5686571602964446,0.5885895395643664,21.0,0.019932379267921796,0.5459300065430454,0.548159564203575,0.5574731635403076,1.0,0.7692307692307693,0.7692307692307693,1.0,0.0,0.769230769230769,0.7692307692307693,0.7692307692307693,1.0,430.0416,430.0416,9.071523012431706e-05,9.389708877077381e-05,0.0005813920209510928,0.00011636995769011978,0.0001861259050939014,9.389708877077381e-05,0.09473359120566442,0.008141515033457836,,
medmnist_cnn_tierfed_R60_C20_s46_summary.json,medmnist,cnn,tierfed,46,60.0,20,weighted_ce,none,,,,,,1.0,inf,1.0,1.0,39.0,0.0,0.9682823128653155,0.998774025023377,1.0,39.0,1.0,1.0,39.0,0.0,0.9785101529427176,0.9998381882328975,1.0,39.0,0.966601897119136,0.9931231392546915,51.0,0.02652124213555551,0.880032621326949,0.9446348983070585,0.9884045638384755,40.0,1.0,1.0,39.0,0.0,0.9794404981822017,0.9981404997621965,1.0,39.0,0.035537839474306006,0.4475442573428153,1.0,0.4120064178685093,0.13120825419313725,0.07439901222723452,0.4475442573428153,1.0,0.3311472715318869,0.5666831032215648,1.0,0.2355358316896779,0.36317773394696473,0.3358152531229454,0.5666831032215648,1.0,0.5572469227683241,0.6645384745715768,1.0,0.10729155180325267,0.5705002505698602,0.557187773753163,0.6645384745715768,1.0,0.0,0.0,1.0,0.0,0.0,0.0,0.0,1.0,426.93888,426.93888,9.220959525220905e-05,4.6156989108346385e-05,0.0006247626331983097,0.0004550139013057786,0.00018782525755135494,4.6156989108346385e-05,0.10089193180393584,0.003971859315242909,,
