file,dataset,model,strategy,seed,rounds,n_clients,loss,compressor,tag,k_slow,k_med,private_head,schedule,dp_sigma,dp_epsilon,fed_auroc_final,fed_auroc_best,fed_auroc_best_round,fed_auroc_ppd,fed_auroc_auc_curve,fed_auroc_last10_mean,fed_auroc_earlystop_value,fed_auroc_earlystop_round,fed_auprc_final,fed_auprc_best,fed_auprc_best_round,fed_auprc_ppd,fed_auprc_auc_curve,fed_auprc_last10_mean,fed_auprc_earlystop_value,fed_auprc_earlystop_round,fed_f1_final,fed_f1_best,fed_f1_best_round,fed_f1_ppd,fed_f1_auc_curve,fed_f1_last10_mean,fed_f1_earlystop_value,fed_f1_earlystop_round,fed_f1_best_final,fed_f1_best_best,fed_f1_best_best_round,fed_f1_best_ppd,fed_f1_best_auc_curve,fed_f1_best_last10_mean,fed_f1_best_earlystop_value,fed_f1_best_earlystop_round,fed_ece_final,fed_ece_best,fed_ece_best_round,fed_ece_ppd,fed_ece_auc_curve,fed_ece_last10_mean,fed_ece_earlystop_value,fed_ece_earlystop_round,global_auroc_final,global_auroc_best,global_auroc_best_round,global_auroc_ppd,global_auroc_auc_curve,global_auroc_last10_mean,global_auroc_earlystop_value,global_auroc_earlystop_round,global_auprc_final,global_auprc_best,global_auprc_best_round,global_auprc_ppd,global_auprc_auc_curve,global_auprc_last10_mean,global_auprc_earlystop_value,global_auprc_earlystop_round,global_f1_final,global_f1_best,global_f1_best_round,global_f1_ppd,global_f1_auc_curve,global_f1_last10_mean,global_f1_earlystop_value,global_f1_earlystop_round,total_upload_mb,total_download_mb,dispersion_abs_mean,dispersion_abs_final,divergence_slow_mean,divergence_slow_final,divergence_medium_mean,divergence_medium_final,divergence_total_mean,divergence_total_final,divergence_fast_mean,divergence_fast_final
diabetes_mlp_fedavg_R60_C20_s42_summary.json,diabetes,mlp,fedavg,42,60.0,20,weighted_ce,none,,,,,,1.0,inf,0.7372550471584435,0.7396615753153153,59.0,0.002406528156871812,0.7054094452856369,0.7377774117114276,0.7396615753153153,59.0,0.33879392285183546,0.33944936801095577,59.0,0.0006554451591203048,0.28548844359609227,0.3351627847170006,0.33944936801095577,59.0,0.3149168787889273,0.3250959288568164,59.0,0.01017905006788905,0.30002060763223815,0.3198270449897006,0.3250959288568164,59.0,0.36673808364975213,0.3689115840620923,58.0,0.002173500412340157,0.3359314389933935,0.3653817242845031,0.3689115840620923,58.0,0.32013314660559855,0.36890086201315014,1.0,0.04876771540755159,0.3267980595315832,0.31557894838355866,0.36890086201315014,1.0,0.6428232772652276,0.6688141706802742,14.0,0.025990893415046568,0.6557620805582103,0.6430635967561977,0.6688141706802742,14.0,0.20811729737594908,0.22534674864991242,5.0,0.01722945127396333,0.2153451515612119,0.20755749646954413,0.22534674864991242,5.0,0.26257722859664606,0.28247162673392184,14.0,0.01989439813727578,0.27114599168677495,0.2641458931311376,0.28247162673392184,14.0,219.6576,219.6576,1.6879599683884028,1.6312216679261837,0.003523376790301882,0.0007225985893096053,0.0062523543419679296,0.0024438329360565326,0.004829144154495953,0.0015405990607162655,0.003373274182772902,0.002589943106532767
diabetes_mlp_fedavg_R60_C20_s43_summary.json,diabetes,mlp,fedavg,43,60.0,20,weighted_ce,none,,,,,,1.0,inf,0.7409291603589249,0.7409291603589249,60.0,0.0,0.7113669004155645,0.7374973492466643,0.7409291603589249,60.0,0.3366389197572435,0.3366389197572435,60.0,0.0,0.28141777212279645,0.3290192717228883,0.3366389197572435,60.0,0.3185890943109709,0.3197302330362147,46.0,0.0011411387252437954,0.2991976660274045,0.31144304323412364,0.3197302330362147,46.0,0.374087216454229,0.374087216454229,60.0,0.0,0.3363226866322874,0.3665806220094735,0.374087216454229,60.0,0.31383506381867154,0.3730757160009661,2.0,0.05924065218229457,0.3328125431320707,0.322582558798939,0.3730757160009661,2.0,0.6433421468969548,0.6713124402363735,14.0,0.027970293339418695,0.6597153170258394,0.6469893902919147,0.6713124402363735,14.0,0.21004504163784743,0.22455713385210269,17.0,0.014512092214255257,0.21829516272059,0.2117625517037812,0.22455713385210269,17.0,0.26652006597031336,0.2814581567155141,14.0,0.01493809074520075,0.2743874267310708,0.26549038345802306,0.2814581567155141,14.0,219.6576,219.6576,1.6762898066674703,1.5858132037656105,0.0036185219307013016,0.0007365860644837338,0.0061393441673926385,0.002306133121270381,0.004869789608171916,0.0015027679427067097,0.00417638172179151,0.0034071551072572333
diabetes_mlp_fedavg_R60_C20_s44_summary.json,diabetes,mlp,fedavg,44,60.0,20,weighted_ce,none,,,,,,1.0,inf,0.7324744433539329,0.7361059028447405,57.0,0.003631459490807676,0.7030777715411646,0.7330058571913328,0.7361059028447405,57.0,0.33117163507478453,0.3327172886977904,59.0,0.0015456536230058493,0.28133159597878005,0.32583316937621626,0.3327172886977904,59.0,0.3067522794628251,0.31645519865388577,54.0,0.0097029191910607,0.2911802605616488,0.3084547027276803,0.31645519865388577,54.0,0.36736424396591044,0.36879238259068886,59.0,0.001428138624778419,0.33095901625906543,0.3638294678153597,0.36879238259068886,59.0,0.32099012039777824,0.37139298717743735,1.0,0.050402866779659106,0.3304904789311509,0.320253106441098,0.37139298717743735,1.0,0.633532328316347,0.6656187414315481,7.0,0.03208641311520111,0.6482834514797285,0.6346121396167669,0.6656187414315481,7.0,0.20638430954236198,0.22776480422667672,14.0,0.021380494684314744,0.21729478189967733,0.20788625969099664,0.22776480422667672,14.0,0.25303935709870184,0.28826045627376423,7.0,0.03522109917506239,0.2687333207950325,0.25602005522432675,0.28826045627376423,7.0,219.6576,219.6576,1.6407101546620348,1.5494554552046793,0.003557835473199213,0.0006896205397573288,0.006037909208365704,0.002303519979251194,0.0047511836604941645,0.0014574391092261115,0.004558908100063961,0.004477758189774683
diabetes_mlp_fedavg_R60_C20_s45_summary.json,diabetes,mlp,fedavg,45,60.0,20,weighted_ce,none,,,,,,1.0,inf,0.7248726183310997,0.7265853340992793,55.0,0.0017127157681795513,0.7003532318871729,0.7240136033607272,0.7265853340992793,55.0,0.324291700026002,0.324291700026002,60.0,0.0,0.2779334255281627,0.3166881957172657,0.324291700026002,60.0,0.3143150193105331,0.3166420783964945,58.0,0.002327059085961425,0.29891997990079827,0.31082389394704457,0.3166420783964945,58.0,0.36031819491679407,0.36038698520145146,59.0,6.879028465739401e-05,0.33128248486967266,0.35382539818988207,0.3435080451691339,31.0,0.30707010688720165,0.3578803734032143,2.0,0.05081026651601267,0.325475585408381,0.3156208512230746,0.3578803734032143,2.0,0.6321832120562683,0.6611274432464849,4.0,0.028944231190216607,0.6446569550475459,0.6324945928177279,0.6611274432464849,4.0,0.19513280686311907,0.21238475250086591,6.0,0.017251945637746846,0.20278601666651364,0.1956495980529513,0.21238475250086591,6.0,0.26459336048377147,0.27533316570279104,4.0,0.010739805219019571,0.2657042476889494,0.26286379125660425,0.27533316570279104,4.0,219.6576,219.6576,1.7004302949004038,1.715182334297424,0.003482970663066557,0.0007171257310904064,0.00625548021268839,0.0025242713065673637,0.004808260364514597,0.0015714965796727422,0.004171215787724047,0.0035728456720718863
diabetes_mlp_fedavg_R60_C20_s46_summary.json,diabetes,mlp,fedavg,46,60.0,20,weighted_ce,none,,,,,,1.0,inf,0.7428905323826385,0.7428905323826385,60.0,0.0,0.7077786963200826,0.7387924094700884,0.7428905323826385,60.0,0.3380479977327681,0.3380479977327681,60.0,0.0,0.2828811768119472,0.3286751961326455,0.3380479977327681,60.0,0.32242446788327805,0.32459200666578863,56.0,0.0021675387825105807,0.30140044047953196,0.3189754014624317,0.3109910443525908,29.0,0.38216658879803106,0.3824509245920204,59.0,0.00028433579398934317,0.3394057495419113,0.3762748527306426,0.3824509245920204,59.0,0.311325139593536,0.3641475667020315,1.0,0.052822427108495495,0.33182599273300967,0.3221348714556548,0.3641475667020315,1.0,0.6373134404778751,0.6646457573390825,7.0,0.027332316861207406,0.6525320819622429,0.6391693337179823,0.6646457573390825,7.0,0.20249885934493198,0.22576154396350973,12.0,0.02326268461857775,0.21507657993486703,0.20367574904389238,0.22576154396350973,12.0,0.2580313014827018,0.2828460283598946,5.0,0.024814726877192772,0.26880497397296804,0.2595209310841833,0.2828460283598946,5.0,219.6576,219.6576,1.6681481757509193,1.5598792298223998,0.0034370286289951,0.0006705799053528262,0.006201456695007075,0.002356115395568026,0.004735035734380471,0.0014562180037428275,0.004395039037260473,0.004526433352552658
diabetes_mlp_fedavg_R60_C20_s47_summary.json,diabetes,mlp,fedavg,47,60.0,20,weighted_ce,none,,,,,,1.0,inf,0.7452797736235502,0.7452797736235502,60.0,0.0,0.7099114325657038,0.7405023310896257,0.7452797736235502,60.0,0.35409753673584543,0.3541280034106664,59.0,3.046667482098364e-05,0.29881859775380737,0.345514533396391,0.3541280034106664,59.0,0.3240500279646733,0.32870882581730054,55.0,0.004658797852627239,0.3055551494955535,0.32162260793317765,0.3215107456225375,34.0,0.3893386839227413,0.391503177634417,59.0,0.002164493711675708,0.3488367629183011,0.38300475006859536,0.391503177634417,59.0,0.3178361544159131,0.3609531138351137,6.0,0.04311695941920057,0.3313303498138229,0.3220414949634563,0.3609531138351137,6.0,0.6370836349175744,0.6689832745424984,8.0,0.03189963962492404,0.652532857309203,0.6379682407510917,0.6689832745424984,8.0,0.20807426263336887,0.22460451829925693,8.0,0.01653025566588806,0.21568180198593562,0.20845624924196032,0.22460451829925693,8.0,0.26454911345589033,0.28646222887060585,5.0,0.021913115414715523,0.27026504136814516,0.26249114251958383,0.28646222887060585,5.0,219.6576,219.6576,1.7010900459813607,1.5978255480258667,0.0036100593560840872,0.0007331854179047765,0.00625943441005238,0.002435096617927705,0.004936322486474734,0.0015583869490267367,0.004801093993426522,0.005229942307592985
diabetes_mlp_fedavg_R60_C20_s48_summary.json,diabetes,mlp,fedavg,48,60.0,20,weighted_ce,none,,,,,,1.0,inf,0.7494612127361711,0.7494612127361711,60.0,0.0,0.7128748893891228,0.7453635516017445,0.7494612127361711,60.0,0.34154841981925405,0.34154841981925405,60.0,0.0,0.28841837160323053,0.3345716767292112,0.34154841981925405,60.0,0.33399475156179476,0.33399475156179476,60.0,0.0,0.306418922720396,0.3250175795407507,0.33399475156179476,60.0,0.3775209116637483,0.3775209116637483,60.0,0.0,0.34459487285472773,0.3728575222453617,0.3775209116637483,60.0,0.314252710375165,0.3677679295468117,1.0,0.0535152191716467,0.32770552862327335,0.31627287532967774,0.3677679295468117,1.0,0.6381142837407948,0.6643432026070332,12.0,0.02622891886623835,0.6520060099910034,0.6387118572591225,0.6643432026070332,12.0,0.206130182332438,0.22925584981929376,16.0,0.023125667486855767,0.21758181202124,0.20799449763329445,0.22925584981929376,16.0,0.26211312700106726,0.27964809384164224,7.0,0.017534966840574984,0.268785434012165,0.2597430492145009,0.27964809384164224,7.0,219.6576,219.6576,1.716876591518811,1.708233828907396,0.003563296935303553,0.0007374928796365497,0.006334665645007142,0.002551202558475373,0.004903174026679569,0.0016080056485117983,0.004116758014617901,0.004041029588268703
diabetes_mlp_fedavg_R60_C20_s49_summary.json,diabetes,mlp,fedavg,49,60.0,20,weighted_ce,none,,,,,,1.0,inf,0.7460476132298101,0.7460476132298101,60.0,0.0,0.7103342827436314,0.7401215895843689,0.7460476132298101,60.0,0.3582047904888074,0.3582047904888074,60.0,0.0,0.2976704045168004,0.3488507314209017,0.3582047904888074,60.0,0.32592444897101186,0.3260008689289925,50.0,7.64199579806335e-05,0.30415263430183437,0.32157919784306943,0.3260008689289925,50.0,0.3833053119793854,0.3835449668634596,59.0,0.0002396548840742363,0.3462720411873903,0.3780177127665784,0.3835449668634596,59.0,0.31217808767683547,0.3636047291313368,3.0,0.05142664145450132,0.32791594960986303,0.3176055050254739,0.3636047291313368,3.0,0.6448157537183146,0.6740154164492892,5.0,0.02919966273097463,0.6609719961159614,0.6474137951805989,0.6740154164492892,5.0,0.2103532208935191,0.22873306149115755,12.0,0.018379840597638447,0.22092824322563206,0.21104118208411612,0.22873306149115755,12.0,0.26645004061738425,0.2866249846757386,8.0,0.02017494405835435,0.2740690357183235,0.2676764284455384,0.2866249846757386,8.0,219.6576,219.6576,1.6956857338402642,1.6331844981523318,0.0034805066929083106,0.0006672986328705063,0.006309384042227639,0.0024803458831113767,0.004818086087411402,0.001514015594438257,0.004872243707430349,0.0045030909436197435
diabetes_mlp_fedavg_R60_C20_s50_summary.json,diabetes,mlp,fedavg,50,60.0,20,weighted_ce,none,,,,,,1.0,inf,0.7412546862215882,0.7412546862215882,60.0,0.0,0.70362678244943,0.73427154844329,0.7412546862215882,60.0,0.34380051924877414,0.34380051924877414,60.0,0.0,0.2921089390944584,0.3349500924922385,0.34380051924877414,60.0,0.3314947316568715,0.3314947316568715,60.0,0.0,0.3012789065874869,0.32084918084663955,0.3314947316568715,60.0,0.36989855023793833,0.3705320144493893,59.0,0.0006334642114509959,0.3376759514273069,0.36286692758775635,0.3705320144493893,59.0,0.2947888640434491,0.38148292042973897,1.0,0.08669405638628985,0.326443108030634,0.3132703307871504,0.38148292042973897,1.0,0.6306395541952843,0.6601177771065773,7.0,0.029478222911292984,0.6447882290058088,0.6313077309291127,0.6601177771065773,7.0,0.19369428454225907,0.21603169400697864,3.0,0.02233740946471957,0.2038052972234215,0.19460131051510404,0.21603169400697864,3.0,0.2565597667638484,0.27591953338888225,10.0,0.01935976662503386,0.2653247088502692,0.2561769537062932,0.27591953338888225,10.0,219.6576,219.6576,1.7000184416325284,1.686152082611443,0.00356158161310962,0.0007372488608532525,0.006093005195701725,0.0023336162421941265,0.004823919825044573,0.001534440159300387,0.004679187800051876,0.0042141781780681
diabetes_mlp_fedavg_R60_C20_s51_summary.json,diabetes,mlp,fedavg,51,60.0,20,weighted_ce,none,,,,,,1.0,inf,0.7412102766026435,0.7412102766026435,60.0,0.0,0.7104295436991137,0.7381665178961601,0.7412102766026435,60.0,0.3488854803310263,0.3488854803310263,60.0,0.0,0.2931900251134979,0.34113877460306374,0.3488854803310263,60.0,0.3308136278077974,0.33163749002488463,54.0,0.0008238622170872456,0.30881939743291603,0.32887733065543995,0.33163749002488463,54.0,0.37577643703802166,0.37577643703802166,60.0,0.0,0.33932875828383036,0.36994095116450865,0.37577643703802166,60.0,0.3153912857163045,0.35929385082062787,4.0,0.04390256510432339,0.32696186842615105,0.3111471116176737,0.35929385082062787,4.0,0.6337603518545002,0.6640826006921575,6.0,0.03032224883765733,0.6502588349520704,0.637006911334459,0.6640826006921575,6.0,0.20439755251937444,0.22290631241428469,11.0,0.018508759894910243,0.2131657753077519,0.2052063833179935,0.22290631241428469,11.0,0.2631761844086644,0.27808676307007785,7.0,0.014910578661413432,0.2687181966787074,0.2625460320804543,0.27808676307007785,7.0,219.6576,219.6576,1.7095405032832482,1.6350018205885135,0.003501453288578613,0.000716501524811574,0.006223148795513554,0.002366253942442683,0.004834057843435293,0.001533521240017942,0.004875302436924076,0.00395805654612321
diabetes_mlp_fedlama_R60_C20_s42_summary.json,diabetes,mlp,fedlama,42,60.0,20,weighted_ce,none,,,,,,1.0,inf,0.6985875888445435,0.7785296380433453,47.0,0.07994204919880177,0.7050474762878812,0.7207793240216414,0.7785296380433453,47.0,0.2697994925710864,0.3896526187129564,47.0,0.11985312614187005,0.27900803127465507,0.29829289926578695,0.3896526187129564,47.0,0.29530971621218005,0.3518833791525527,47.0,0.05657366294037264,0.3037527620666708,0.31501839762931877,0.3518833791525527,47.0,0.32603536151907814,0.4021219556970453,47.0,0.07608659417796715,0.3328438385442374,0.3447941961361975,0.4021219556970453,47.0,0.33813383521393503,0.3695492703253769,1.0,0.03141543511144185,0.33097730629880107,0.32689822048948214,0.3695492703253769,1.0,0.6587696522531863,0.6678344098838679,9.0,0.009064757630681597,0.6636943495189969,0.6599763410206088,0.6678344098838679,9.0,0.21486433768942842,0.22576963168644748,9.0,0.010905293997019061,0.22012531656883755,0.21769586686024858,0.22576963168644748,9.0,0.2729906642343599,0.2799532437171245,2.0,0.006962579482764575,0.275116659914257,0.2728069704936389,0.2799532437171245,2.0,110.292,110.292,0.8101391570767494,1.5016191743779927,0.006322057814469166,0.0025696116223683924,0.0071609664967910835,0.004161061939935448,0.0067564077992112006,0.0035123838295273214,0.003814848861867621,0.0029073886826763607
diabetes_mlp_fedlama_R60_C20_s43_summary.json,diabetes,mlp,fedlama,43,60.0,20,weighted_ce,none,,,,,,1.0,inf,0.767139251436845,0.7895393267327715,47.0,0.02240007529592647,0.7125197676905584,0.7316994552491127,0.735139142636972,27.0,0.3490941127635375,0.3881716522714162,47.0,0.03907753950787868,0.2713423397537863,0.29990185917422824,0.2988885252894753,27.0,0.33436333762467624,0.36311326501998337,47.0,0.02874992739530713,0.3030568680536875,0.3144969795521567,0.320289982097535,27.0,0.3954892601559355,0.4283192367878825,47.0,0.03282997663194698,0.3357948328594792,0.3556975197485063,0.4283192367878825,47.0,0.3220361199885264,0.37473259683784016,2.0,0.05269647684931378,0.33438396294227235,0.3296098384355459,0.37473259683784016,2.0,0.6655380610062983,0.6717989573815096,24.0,0.006260896375211322,0.6685006556753883,0.6661536053395206,0.6717989573815096,24.0,0.21809411285855218,0.22410113433515372,28.0,0.006007021476601537,0.2207137200734577,0.21803914450499726,0.22410113433515372,28.0,0.27956204379562044,0.28375343149488397,50.0,0.004191387699263527,0.279740840187955,0.2809021429440078,0.2809255784865541,8.0,110.90704,110.90704,0.8243843701043639,1.1096467168536037,0.006284427734527306,0.001965060928017243,0.007564883662670625,0.004446508059335782,0.0069748521792623985,0.004426047284234199,0.004269336460631566,0.0020555005207809974
diabetes_mlp_fedlama_R60_C20_s44_summary.json,diabetes,mlp,fedlama,44,60.0,20,weighted_ce,none,,,,,,1.0,inf,0.7031568089422263,0.7617048553894701,45.0,0.05854804644724376,0.6995233898765669,0.7220669545120628,0.7617048553894701,45.0,0.27718979938804905,0.3498339510075694,45.0,0.07264415161952037,0.2732228522409858,0.29980872936975084,0.3498339510075694,45.0,0.2902861713739359,0.3434184113418858,45.0,0.05313223996794986,0.2933206357338397,0.3074450937784086,0.3078531259782182,15.0,0.32431259022997105,0.3806141526394725,45.0,0.05630156240950146,0.32287501187395296,0.34067405020327846,0.3806141526394725,45.0,0.34226364675386894,0.371270607247231,1.0,0.029006960493362044,0.3362160593994647,0.3324597627895654,0.371270607247231,1.0,0.652250212073185,0.6646636152089115,7.0,0.012413403135726475,0.6591539039160765,0.6526390932288229,0.6646636152089115,7.0,0.21876199168642368,0.22653916422212414,21.0,0.007777172535700455,0.2228676293184265,0.22018308289287764,0.22653916422212414,21.0,0.2683618787433015,0.2827763496143959,6.0,0.014414470871094431,0.2756563488074463,0.26961476966170533,0.2827763496143959,6.0,115.1712,115.1712,0.8225830555545144,1.4200123292393982,0.006437933120586236,0.002746925757387531,0.007151298480214047,0.0036841671448313703,0.0068627748049028495,0.0033269257621470487,0.004480379316400885,0.0036972545747721653
diabetes_mlp_fedlama_R60_C20_s45_summary.json,diabetes,mlp,fedlama,45,60.0,20,weighted_ce,none,,,,,,1.0,inf,0.6985362271260143,0.7829726200109501,55.0,0.08443639288493587,0.701195424981852,0.7373012073783286,0.7829726200109501,55.0,0.26557424689531295,0.3824058132614259,55.0,0.11683156636611297,0.26909034115362446,0.3115430933809267,0.3824058132614259,55.0,0.3033455908023933,0.35518128569402535,55.0,0.051835694891632034,0.3022774585151532,0.3222955135036466,0.3274047661064869,31.0,0.3266972108018221,0.4086225371639924,55.0,0.08192532636217026,0.33061087111898135,0.3607709474529882,0.4086225371639924,55.0,0.3204358608832627,0.3585115899767344,2.0,0.03807572909347168,0.3303968325093105,0.3205359874782114,0.3585115899767344,2.0,0.6499249743577054,0.6611941184835904,4.0,0.011269144125885089,0.6548472828353769,0.6503562764250669,0.6611941184835904,4.0,0.20466927230517806,0.21190063693140598,16.0,0.007231364626227921,0.2080333803128761,0.20412612976198535,0.21190063693140598,16.0,0.27012313674659755,0.2768077129084092,2.0,0.006684576161811673,0.2698546616676023,0.2701337577465245,0.2768077129084092,2.0,112.79552,112.79552,0.8530594967371599,1.734824321232736,0.0063404401261968335,0.0030237339510228857,0.007136399552546402,0.004570183637761048,0.0069754044322859424,0.004010794742886237,0.00444776951733328,0.00625597269754623
diabetes_mlp_fedlama_R60_C20_s46_summary.json,diabetes,mlp,fedlama,46,60.0,20,weighted_ce,none,,,,,,1.0,inf,0.7587016401393151,0.7745512042122416,55.0,0.01584956407292648,0.7085179051058076,0.7424373756157748,0.714723733008511,15.0,0.3461808140113217,0.37029446934382965,55.0,0.02411365533250792,0.2804139064783485,0.32369913000227213,0.37029446934382965,55.0,0.3380150004259348,0.3545320803702638,55.0,0.016517079944328994,0.30597233918407524,0.3287318153088764,0.3545320803702638,55.0,0.3885281592260087,0.4031391844101257,55.0,0.014611025184116999,0.3361981919079063,0.3698738596841865,0.3419991751508912,15.0,0.31177423454521547,0.3639734721714963,1.0,0.052199237626280814,0.33475023442905977,0.3218759261928491,0.3639734721714963,1.0,0.6568115361989688,0.6643753041045893,14.0,0.007563767905620522,0.6610335137375586,0.6570998008703196,0.6643753041045893,14.0,0.21791826423784605,0.2240978707531036,22.0,0.006179606515257563,0.22172755183159282,0.21862263744909205,0.2240978707531036,22.0,0.2731142113974935,0.28140466650954515,2.0,0.008290455112051676,0.2732883571987277,0.2706602397028658,0.28140466650954515,2.0,111.53088,111.53088,0.846255184209546,1.1571208463283256,0.006735314067259518,0.0022510740746354294,0.00712081745862422,0.004149449919151211,0.006981042811764719,0.004141231994082461,0.0046726307137664284,0.0038500147871875306
diabetes_mlp_fedlama_R60_C20_s47_summary.json,diabetes,mlp,fedlama,47,60.0,20,weighted_ce,none,,,,,,1.0,inf,0.7050960219875506,0.788601344969542,39.0,0.08350532298199143,0.7127567196867851,0.7370820088253875,0.788601344969542,39.0,0.2837437826254322,0.39296344716463233,39.0,0.10921966453920012,0.2923437048652801,0.32024248536854316,0.39296344716463233,39.0,0.30257692595380364,0.35790855256537013,39.0,0.05533162661156649,0.3075427876663445,0.32381248101021576,0.35790855256537013,39.0,0.3331032114615848,0.4216761914776972,39.0,0.08857298001611241,0.34152242380151493,0.3621056170818987,0.4216761914776972,39.0,0.3325898159136729,0.3629428768898141,16.0,0.030353060976141155,0.3326001631511755,0.32607528332878144,0.3629428768898141,16.0,0.658721060776041,0.6685846161090083,9.0,0.009863555332967344,0.6632989520605421,0.6590540592230715,0.6685846161090083,9.0,0.22144635186454692,0.22514088258509019,8.0,0.0036945307205432654,0.22199484694361626,0.22072007519294198,0.22514088258509019,8.0,0.27574601750056094,0.28281897742975587,5.0,0.007072959929194933,0.27613068566950716,0.27434035312010546,0.28281897742975587,5.0,108.62784,108.62784,0.812433743692615,1.3427590171340853,0.006367021169987728,0.0027480431425371964,0.007245027718863172,0.0034032437154382774,0.006902819603502542,0.0031711826837684492,0.004861938863092912,0.004694557761067834
diabetes_mlp_fedlama_R60_C20_s48_summary.json,diabetes,mlp,fedlama,48,60.0,20,weighted_ce,none,,,,,,1.0,inf,0.7064388508279437,0.7836022631102189,47.0,0.07716341228227519,0.71314993046361,0.7282196622086902,0.774725886091342,31.0,0.2792140907872491,0.3952537071744765,47.0,0.11603961638722737,0.28784014766034266,0.30555434770776585,0.3831782257802513,31.0,0.3044689171934955,0.3690992476368502,47.0,0.0646303304433547,0.31304168951432065,0.3189544224938786,0.3620526710146307,31.0,0.3438065309546727,0.42626833182248075,47.0,0.08246180086780808,0.35113861484501285,0.36272322631679055,0.4236815148035772,31.0,0.328863830685118,0.3681941726102526,1.0,0.039330341925134626,0.3314672696780831,0.32826763541910736,0.3681941726102526,1.0,0.659743602653436,0.6658534412780281,33.0,0.006109838624592134,0.6625455806545147,0.6602244650156173,0.664980513964302,14.0,0.22429970534878352,0.22896347970397568,36.0,0.004663774355192163,0.22490895011588463,0.22511021305053092,0.2278342663408831,17.0,0.276504769213902,0.2831281679942071,33.0,0.006623398780305101,0.275411600391548,0.2748222947452297,0.2781128059595601,3.0,97.60832,97.60832,0.6953003070876927,1.4376005814237942,0.007170291985122278,0.0032460787582201103,0.007993298883763197,0.004402905516676564,0.007628503993652927,0.00397662091548075,0.007609479106338125,0.0024299770897109724
diabetes_mlp_fedlama_R60_C20_s49_summary.json,diabetes,mlp,fedlama,49,60.0,20,weighted_ce,none,,,,,,1.0,inf,0.7586428182148187,0.7778977824594184,47.0,0.019254964244599715,0.7100974170420958,0.7230163829337478,0.7653701845702057,31.0,0.354678696901326,0.3864899667221254,47.0,0.031811269820799404,0.28613076352776573,0.30725799196724546,0.3592585451601199,31.0,0.3537113510256926,0.361527083517096,47.0,0.007815732491403382,0.3093542418457929,0.31642360351764826,0.3546455373091573,30.0,0.39035087433812965,0.41869793087008556,47.0,0.028347056531955905,0.3446176039017426,0.3567903150235375,0.40218027549206276,30.0,0.31316424732048476,0.3634372248247731,3.0,0.05027297750428833,0.33203680682702874,0.32916246624550183,0.3634372248247731,3.0,0.6645074498314333,0.6737418133024089,20.0,0.009234363470975615,0.6705910483890629,0.6663339760995189,0.6737418133024089,20.0,0.22273609334714026,0.22812930898278488,33.0,0.005393215635644627,0.2256880376666902,0.22437012053788852,0.22790622631782145,20.0,0.27501656726308815,0.2860335195530726,16.0,0.01101695228998445,0.27934152632330705,0.2753564183683573,0.2860335195530726,16.0,96.2128,96.2128,0.7039756634202755,1.2506725549037583,0.0070517953550127774,0.0027850489990063516,0.007777499998642653,0.005846451267441938,0.007623402568289033,0.005831738743067743,0.013784540308298263,0.0012673542634870165
diabetes_mlp_fedlama_R60_C20_s50_summary.json,diabetes,mlp,fedlama,50,60.0,20,weighted_ce,none,,,,,,1.0,inf,0.6996607083608142,0.7876909111675583,47.0,0.08803020280674412,0.702913494639626,0.7259971382972524,0.7876909111675583,47.0,0.28019880447438944,0.4003658313943961,47.0,0.12016702692000664,0.28456605034271387,0.31143466731106906,0.4003658313943961,47.0,0.2945657539748315,0.3628693741668283,47.0,0.06830362019199682,0.3025513719175819,0.3141025366096605,0.3628693741668283,47.0,0.3280230806262002,0.42195530398023273,47.0,0.0939322233540325,0.3373806569151389,0.35316098183610267,0.3592151108565822,31.0,0.32626125682567425,0.3815373579160812,1.0,0.055276101090406926,0.33132344260538293,0.3256764763772977,0.3815373579160812,1.0,0.6477368143036041,0.65993150559437,11.0,0.012194691290765891,0.6543422665434276,0.6480420696776683,0.65993150559437,11.0,0.20568151974940493,0.2156968712694559,3.0,0.010015351520050952,0.21024459148847338,0.20480108107205744,0.2156968712694559,3.0,0.2718514219384794,0.275705186533212,24.0,0.0038537645947326338,0.27170610074923846,0.27215116333137046,0.275705186533212,24.0,108.93584,108.93584,0.80879633889737,1.1115400749258697,0.0067107253480311645,0.0024087892972592057,0.007390464675325817,0.003453252936911154,0.006903631414127263,0.0029674306950871047,0.00472419209360297,0.003942242161077099
diabetes_mlp_fedlama_R60_C20_s51_summary.json,diabetes,mlp,fedlama,51,60.0,20,weighted_ce,none,,,,,,1.0,inf,0.7659888825170612,0.7756765821959547,55.0,0.009687699678893491,0.7082578342654952,0.7424331404891888,0.7294098879739649,27.0,0.36366359210985977,0.37611285540808337,55.0,0.0124492632982236,0.2807923297115705,0.32928244159392694,0.31136252377026374,27.0,0.3474311758324237,0.35182091755882894,45.0,0.004389741726405216,0.3075872590645253,0.3317828979589496,0.35182091755882894,45.0,0.3875352142232112,0.4034683766279758,55.0,0.01593316240476461,0.3348426621979732,0.36733911914404055,0.4034683766279758,55.0,0.3172576184289441,0.3623221816789558,5.0,0.04506456325001168,0.33212977843869856,0.3170812376140901,0.3623221816789558,5.0,0.6534809995527877,0.6640368202922023,21.0,0.010555820739414634,0.6596823224256344,0.6547779201331808,0.6638152973700516,6.0,0.21765601422043018,0.22282408643435025,21.0,0.005168072213920072,0.21961492205981806,0.21858965009332115,0.22282408643435025,21.0,0.27331548415885765,0.2779595298679268,27.0,0.004644045709069178,0.27168239015611356,0.2690389102825019,0.2779595298679268,27.0,109.93344,109.93344,0.7942808623049434,1.215175483492203,0.006148189356602529,0.002103013033810345,0.007650434506323454,0.004741909668885426,0.007113101167082912,0.004726950529855675,0.004765807824860271,0.004053081678455811
diabetes_mlp_fedper_R60_C20_s42_summary.json,diabetes,mlp,fedper,42,60.0,20,weighted_ce,none,,,,,,1.0,inf,0.7505201567266148,0.7505201567266148,60.0,0.0,0.7080767828261426,0.744544623107984,0.7505201567266148,60.0,0.3481673310443587,0.3481673310443587,60.0,0.0,0.2863787932913953,0.3369155629057262,0.3481673310443587,60.0,0.32536793042329387,0.33086556099911607,59.0,0.005497630575822199,0.3001596109754305,0.32490101546754163,0.32887622608592776,38.0,0.378358585973461,0.378358585973461,60.0,0.0,0.3378161219832739,0.37194659619024406,0.378358585973461,60.0,0.3337132846163568,0.3867540601021934,1.0,0.05304077548583658,0.33582588631323707,0.3280115754126379,0.3867540601021934,1.0,0.5778464578595184,0.6620842385462032,4.0,0.08423778068668486,0.6151904269703311,0.6105343812560585,0.6620842385462032,4.0,0.14761668661923616,0.22303011182159846,4.0,0.0754134252023623,0.17895920796141285,0.16767867642106707,0.22303011182159846,4.0,0.17446808510638298,0.28205128205128205,8.0,0.10758319694489907,0.24076964682390384,0.20714703746738636,0.28205128205128205,8.0,219.0336,219.0336,1.657654099505938,1.595523453084752,0.0035269290076093544,0.0006294835316286169,0.006305194756233031,0.002375052178972207,0.004864829649912675,0.0014722640565369655,,
diabetes_mlp_fedper_R60_C20_s43_summary.json,diabetes,mlp,fedper,43,60.0,20,weighted_ce,none,,,,,,1.0,inf,0.7452089753043926,0.7464607656344232,59.0,0.0012517903300306443,0.7116326539464287,0.7410604859968015,0.7464607656344232,59.0,0.33427063416993297,0.33427063416993297,60.0,0.0,0.2796605059916447,0.32649927679128476,0.33427063416993297,60.0,0.32015728371354346,0.33120824302256163,59.0,0.011050959309018171,0.3033249195181312,0.3253965130657053,0.33120824302256163,59.0,0.3728008422930883,0.3728008422930883,60.0,0.0,0.3396047623332743,0.3680070937517236,0.3728008422930883,60.0,0.31896811638472017,0.390220414802343,2.0,0.07125229841762282,0.3337994627147153,0.3172175679431698,0.390220414802343,2.0,0.5170293173765883,0.5832251403267145,25.0,0.06619582295012616,0.5158846735168937,0.5268961907845962,0.5832251403267145,25.0,0.14304941374741093,0.1920379905711276,25.0,0.048988576823716684,0.14875009254280994,0.14575812454025933,0.1920379905711276,25.0,0.20345738517866246,0.20546175846480302,30.0,0.0020043732861405594,0.20392965265910148,0.20407506576149065,0.20546175846480302,30.0,219.0336,219.0336,1.6240896603247772,1.5561564289964736,0.0036671521741495233,0.0007000529004886296,0.006195291569259718,0.002160769229762002,0.00497327238671827,0.001439042973816196,,
diabetes_mlp_fedper_R60_C20_s44_summary.json,diabetes,mlp,fedper,44,60.0,20,weighted_ce,none,,,,,,1.0,inf,0.7451452602204846,0.7451452602204846,60.0,0.0,0.7056414737894556,0.7417537866919341,0.7451452602204846,60.0,0.3489578331534321,0.3489578331534321,60.0,0.0,0.2902066224299513,0.3419486691801581,0.3489578331534321,60.0,0.3248286053313574,0.3355290073451824,50.0,0.010700402013824994,0.300454542066909,0.3250652077386527,0.3355290073451824,50.0,0.38289243411876145,0.38289243411876145,60.0,0.0,0.33529644107480383,0.3746298284572707,0.38289243411876145,60.0,0.3244965097373276,0.38894924053727065,1.0,0.06445273079994307,0.33268013477621505,0.324383159424061,0.38894924053727065,1.0,0.5930343314347352,0.6414205246484033,1.0,0.048386193213668105,0.6091571395830507,0.5956709524215648,0.6414205246484033,1.0,0.14623323144809505,0.17481339535973378,1.0,0.02858016391163873,0.15262362826477688,0.14801937263466275,0.17481339535973378,1.0,0.2420969958766935,0.264699979931768,28.0,0.02260298405507452,0.23745541542816884,0.23498043944039299,0.2641318636869249,1.0,219.0336,219.0336,1.6377609241132935,1.5175961493514478,0.003571170589375279,0.0006221253632268158,0.006162821610693047,0.0021475906163245947,0.004877780949541041,0.0013789492896822473,,
diabetes_mlp_fedper_R60_C20_s45_summary.json,diabetes,mlp,fedper,45,60.0,20,weighted_ce,none,,,,,,1.0,inf,0.7376584690738248,0.7376584690738248,60.0,0.0,0.7005577763895176,0.7323539848589105,0.7376584690738248,60.0,0.32480396597150846,0.32480396597150846,60.0,0.0,0.2727100756594773,0.31704289149502846,0.32480396597150846,60.0,0.3195216683651108,0.3195216683651108,60.0,0.0,0.2939996797994467,0.30993456589573487,0.3195216683651108,60.0,0.3605032800016855,0.36251946142640706,59.0,0.0020161814247215415,0.3285356815179839,0.3572692332085456,0.36251946142640706,59.0,0.32986140248853285,0.3815124306534729,2.0,0.05165102816494005,0.3390500513008604,0.3330939983680341,0.3815124306534729,2.0,0.4674523568849229,0.4987969970065542,52.0,0.031344640121631295,0.4530123896386573,0.47401004151910814,0.4597186945016184,2.0,0.10086901902683731,0.10766682372620165,2.0,0.006797804699364335,0.09839658219711214,0.10197682127921584,0.10766682372620165,2.0,0.1580275674626286,0.17160287316737183,46.0,0.013575305704743218,0.14656919061005616,0.16021971648733677,0.1613402531184558,21.0,219.0336,219.0336,1.6779898294635738,1.6297515721525997,0.0034519899484568,0.00064274305259176,0.006499042985036451,0.002511453991349098,0.004907444800122799,0.0015034004168066064,,
diabetes_mlp_fedper_R60_C20_s46_summary.json,diabetes,mlp,fedper,46,60.0,20,weighted_ce,none,,,,,,1.0,inf,0.7486436037232019,0.7486436037232019,60.0,0.0,0.7064737931223488,0.7421604830709854,0.7486436037232019,60.0,0.3259655015600656,0.3259655015600656,60.0,0.0,0.2767024490601901,0.3208214274502156,0.3259655015600656,60.0,0.33287730031874974,0.33287730031874974,60.0,0.0,0.30461676319863784,0.3289010230506084,0.31736791746790044,34.0,0.3738771392207735,0.3738771392207735,60.0,0.0,0.33564398332672657,0.3697470387799632,0.3738771392207735,60.0,0.31483158124275623,0.38696920797833717,1.0,0.07213762673558094,0.3307041633833048,0.314699564639922,0.38696920797833717,1.0,0.39355327887306324,0.4213547444381959,40.0,0.027801465565132688,0.39783282032847883,0.39802427204520774,0.40622722117640675,3.0,0.08783894818229766,0.09236634892931522,40.0,0.00452740074701756,0.08809210171534053,0.0882750957401093,0.08950240684606373,3.0,0.20429378531073447,0.20455572629485674,53.0,0.00026194098412227196,0.20449328176628248,0.20445001819344197,0.2045002711006687,1.0,219.0336,219.0336,1.6277014025962369,1.5254154014401138,0.00351089704237935,0.0006116702175083799,0.0063020821929437275,0.0023130051720503812,0.0048611251595597925,0.0014102213399849995,,
diabetes_mlp_fedper_R60_C20_s47_summary.json,diabetes,mlp,fedper,47,60.0,20,weighted_ce,none,,,,,,1.0,inf,0.7445249005369955,0.7445249005369955,60.0,0.0,0.7076762813447303,0.7402769088364358,0.7445249005369955,60.0,0.3409867444097354,0.34283603496976156,58.0,0.00184929056002614,0.29152853742142637,0.3367680046834189,0.34283603496976156,58.0,0.3292640859697558,0.3314251389432965,59.0,0.002161052973540689,0.30084817569889366,0.3226439780553546,0.3314251389432965,59.0,0.37351168896036974,0.37375435141491686,58.0,0.00024266245454712676,0.3386828804853766,0.36787343087093716,0.37375435141491686,58.0,0.3186614701976571,0.38147714516487485,1.0,0.06281567496721774,0.3374591297990796,0.32778441305626577,0.38147714516487485,1.0,0.3726652058770187,0.5329174880073674,1.0,0.1602522821303487,0.396538837783896,0.3688621936672555,0.5329174880073674,1.0,0.0856580760100246,0.127816759286905,12.0,0.042158683276880396,0.09417209589586734,0.08624768063147012,0.12519239267932372,1.0,0.000882223202470225,0.06155015197568389,12.0,0.06066792877321367,0.012417429851237276,0.009026988305545963,0.06155015197568389,12.0,219.0336,219.0336,1.6577955084707354,1.6039966479875147,0.003613900927354571,0.0006698444285122175,0.0063791749382619166,0.002445704101235262,0.00500448087395888,0.0015278784532467577,,
diabetes_mlp_fedper_R60_C20_s48_summary.json,diabetes,mlp,fedper,48,60.0,20,weighted_ce,none,,,,,,1.0,inf,0.7460593059849,0.7460593059849,60.0,0.0,0.708922563245845,0.7419104130936227,0.7460593059849,60.0,0.3427313296005392,0.3427313296005392,60.0,0.0,0.285621660884807,0.3355579800993903,0.3427313296005392,60.0,0.3318813353189823,0.3318813353189823,60.0,0.0,0.3026224090186222,0.323966777461922,0.3318813353189823,60.0,0.3768790558545785,0.3786449138881272,59.0,0.0017658580335487284,0.34260321746044864,0.3733933738993427,0.3786449138881272,59.0,0.3095559680804128,0.39948408843122346,1.0,0.08992812035081066,0.3336104292122618,0.3192676990433713,0.39948408843122346,1.0,0.6398041050662187,0.6644678939595423,12.0,0.024663788893323657,0.6550921075795225,0.6447975105803173,0.6644678939595423,12.0,0.21837800712228173,0.2283510987990781,12.0,0.009973091676796386,0.22377382156381861,0.2212102339819379,0.2283510987990781,12.0,0.25119068618804025,0.2811492231017297,3.0,0.029958536913689437,0.2647572788277791,0.25278484555417174,0.2811492231017297,3.0,219.0336,219.0336,1.641958946544522,1.5263934673275799,0.003535432264093597,0.0007039348493595188,0.0064713579530969725,0.002306625181866291,0.0049999328140403415,0.0014797717346290175,,
diabetes_mlp_fedper_R60_C20_s49_summary.json,diabetes,mlp,fedper,49,60.0,20,weighted_ce,none,,,,,,1.0,inf,0.7526537789664622,0.7526537789664622,60.0,0.0,0.7115513042210436,0.7476502428914158,0.7526537789664622,60.0,0.3604230728782763,0.3604230728782763,60.0,0.0,0.2951449930264664,0.35127144638024366,0.3604230728782763,60.0,0.3278836199140984,0.3278836199140984,60.0,0.0,0.3035402467212535,0.3239442403145779,0.3278836199140984,60.0,0.38781532265189556,0.38784104608520487,59.0,2.5723433309310373e-05,0.34525953717834124,0.3814173794754756,0.38784104608520487,59.0,0.3232331920589728,0.38152610645455953,1.0,0.05829291439558676,0.3367740559548238,0.32936713181591043,0.38152610645455953,1.0,0.38953978851362736,0.429616462651903,40.0,0.04007667413827565,0.3804875901650917,0.38632580490050067,0.4102818109902978,10.0,0.09386512554218253,0.1056908514201662,38.0,0.011825725877983667,0.09264588105013012,0.09376783825258568,0.09888981950948011,10.0,0.12120559741657697,0.14533666509083543,1.0,0.02413106767425846,0.08979201441481775,0.11647395074427476,0.14533666509083543,1.0,219.0336,219.0336,1.6158654766855762,1.587798822671175,0.003528028470109873,0.0006327633046344755,0.006345318872215925,0.0024974597604344876,0.004874715383176955,0.0015090227564320076,,
diabetes_mlp_fedper_R60_C20_s50_summary.json,diabetes,mlp,fedper,50,60.0,20,weighted_ce,none,,,,,,1.0,inf,0.7391985599571333,0.7407413847825663,59.0,0.001542824825432998,0.7006662982074577,0.734902263976638,0.7407413847825663,59.0,0.33984501804746653,0.34146144287212443,59.0,0.0016164248246579027,0.28941218423172926,0.33443058475015175,0.34146144287212443,59.0,0.3327529806155679,0.33413926073979483,58.0,0.001386280124226924,0.30323621866499556,0.3301385878609606,0.33413926073979483,58.0,0.3712214361353697,0.37138701963837617,59.0,0.0001655835030064945,0.337849037332645,0.36504978508414404,0.37138701963837617,59.0,0.3123698004949149,0.3846371367225759,1.0,0.07226733622766096,0.33194969359066984,0.32105005637484807,0.3846371367225759,1.0,0.5559733909456911,0.657505031451687,4.0,0.10153164050599595,0.5763548593075108,0.5437645815217154,0.657505031451687,4.0,0.1308151168106342,0.21189395597857258,3.0,0.08107883916793837,0.14321341378618835,0.12649601699846674,0.21189395597857258,3.0,0.20414336786139883,0.2321532211259431,8.0,0.028009853264544277,0.21013813485252028,0.20397656418046878,0.2321532211259431,8.0,219.0336,219.0336,1.6217800685398591,1.5347412804840133,0.003558973539977785,0.0006401083211373784,0.0063029757007194345,0.0022746884095897623,0.004931889812576763,0.0014448521734326475,,
diabetes_mlp_fedper_R60_C20_s51_summary.json,diabetes,mlp,fedper,51,60.0,20,weighted_ce,none,,,,,,1.0,inf,0.7468387567557963,0.7468387567557963,60.0,0.0,0.7096060269977552,0.7413670004544849,0.7468387567557963,60.0,0.35287396191327164,0.35291365309366823,59.0,3.9691180396594916e-05,0.2945964077236735,0.3446586894410406,0.35291365309366823,59.0,0.32668145003647553,0.3330246977500972,59.0,0.006343247713621658,0.30719783185544275,0.3273687385776093,0.3330246977500972,59.0,0.3792001007670438,0.3821667387428838,59.0,0.002966637975840014,0.3398439116956916,0.37430550284243547,0.3821667387428838,59.0,0.33187772744431965,0.3869162172356701,1.0,0.05503848979135045,0.33227590486386394,0.32150420000466645,0.3869162172356701,1.0,0.44311752677011396,0.5095931899446363,7.0,0.06647566317452236,0.44532515980848336,0.460969277486399,0.5095931899446363,7.0,0.104062993936992,0.11833299989126315,7.0,0.01427000595427115,0.10400516439787731,0.10735992637660789,0.11833299989126315,7.0,0.09563717032289869,0.14835028528901018,4.0,0.05271311496611149,0.07841628195569092,0.09781371302712238,0.14835028528901018,4.0,219.0336,219.0336,1.603656746109482,1.570283779874444,0.00343419399820555,0.0007068226731053594,0.006116893652457929,0.0022812673589036525,0.004766077290910174,0.0014777926638374237,,
diabetes_mlp_fedprox_R60_C20_s42_summary.json,diabetes,mlp,fedprox,42,60.0,20,weighted_ce,none,,,,,,1.0,inf,0.7094981910696246,0.7094981910696246,60.0,0.0,0.6807244150184707,0.7050852538006949,0.7094981910696246,60.0,0.27762121837957116,0.27762121837957116,60.0,0.0,0.2441531966673396,0.2724173370846117,0.27762121837957116,60.0,0.3052786248019068,0.312416573254926,59.0,0.007137948453019183,0.2880710280747017,0.30292634086094755,0.30435287322371846,38.0,0.3479011138854495,0.3479011138854495,60.0,0.0,0.3139863419202192,0.3378008876341735,0.3479011138854495,60.0,0.31980599520572295,0.36450040224500646,1.0,0.04469440703928351,0.3298167175761686,0.32275837242668015,0.36450040224500646,1.0,0.6593006948531034,0.6675602169127555,18.0,0.00825952205965208,0.6637346868034164,0.6596525952843477,0.6675602169127555,18.0,0.21563158291762802,0.22536682671321698,18.0,0.00973524379558896,0.22005839143044076,0.21521151077447356,0.22536682671321698,18.0,0.2741210374639769,0.28226335827753707,14.0,0.008142320813560144,0.2764217510687539,0.27431568432267606,0.28226335827753707,14.0,219.6576,219.6576,0.5152852922562261,0.6527286126447507,0.0035117751926255817,0.0026524888064815774,0.0036397967498056185,0.003984805305706409,0.0035493730060706555,0.0032707347477272195,0.002220051926121713,0.0009565699498122727
diabetes_mlp_fedprox_R60_C20_s43_summary.json,diabetes,mlp,fedprox,43,60.0,20,weighted_ce,none,,,,,,1.0,inf,0.721267987797504,0.7212818381346295,59.0,1.3850337125531631e-05,0.6946448306113581,0.7166951498662691,0.7212818381346295,59.0,0.2711439568212496,0.2711439568212496,60.0,0.0,0.24065181449321651,0.26546548844618223,0.2711439568212496,60.0,0.3075928187248505,0.3155353891955742,58.0,0.00794257047072372,0.2911446544081813,0.30627951420942173,0.30885747330514657,46.0,0.34235741725203195,0.34336828176889017,57.0,0.001010864516858223,0.3169714130084963,0.3380700342062736,0.34336828176889017,57.0,0.3235822497485079,0.36467426411565984,2.0,0.04109201436715193,0.33500648930760296,0.328156709675148,0.36467426411565984,2.0,0.6666278804944825,0.673735287587503,36.0,0.00710740709302049,0.6699596365290578,0.6694853906561502,0.673735287587503,36.0,0.22134433269023018,0.22627306361789754,31.0,0.004928730927667352,0.2225621262934199,0.22295647219256143,0.22627306361789754,31.0,0.2802065404475043,0.28603407536376074,30.0,0.005827534916256427,0.27823111701102926,0.280389739254874,0.28603407536376074,30.0,219.6576,219.6576,0.5049034015807441,0.655510050394696,0.0034847831774326705,0.0027145745649106074,0.003500190984332105,0.0038758611391254724,0.0034666584921769577,0.0032616822385657354,0.002321051027424555,0.0011372134097609155
diabetes_mlp_fedprox_R60_C20_s44_summary.json,diabetes,mlp,fedprox,44,60.0,20,weighted_ce,none,,,,,,1.0,inf,0.711049969332647,0.711049969332647,60.0,0.0,0.6791948277029415,0.7060964565258403,0.711049969332647,60.0,0.27712424942282415,0.27712424942282415,60.0,0.0,0.2452640056326317,0.27157965285879193,0.27712424942282415,60.0,0.30209547889194954,0.30350811691057106,59.0,0.0014126380186215148,0.28150051896230377,0.2962138275953964,0.30350811691057106,59.0,0.3359272729987575,0.3359272729987575,60.0,0.0,0.30630107670650025,0.3296610692103325,0.3359272729987575,60.0,0.3161716378894587,0.36400658458818386,1.0,0.04783494669872518,0.3337026234235106,0.32693454875786954,0.36400658458818386,1.0,0.6520668645832335,0.6650577934881297,20.0,0.01299092890489617,0.6595826843802678,0.6549923262612488,0.6650577934881297,20.0,0.21733672001752588,0.22514281016988547,27.0,0.007806090152359585,0.22062003862577623,0.22029847988074364,0.22514281016988547,27.0,0.271585557299843,0.2811318593195097,28.0,0.009546302019666664,0.27454820287097303,0.2719109832029572,0.28066825775656323,7.0,219.6576,219.6576,0.523880237050552,0.6483825136947416,0.00349602319894072,0.002527968476079747,0.0036541522271092658,0.003820549075601167,0.0035491952146987204,0.0031287755670815986,0.0023168009386880127,0.0011322414243114883
diabetes_mlp_fedprox_R60_C20_s45_summary.json,diabetes,mlp,fedprox,45,60.0,20,weighted_ce,none,,,,,,1.0,inf,0.7058565853748893,0.7058565853748893,60.0,0.0,0.6796026750155924,0.7011429089408805,0.7058565853748893,60.0,0.2743570124143413,0.2743570124143413,60.0,0.0,0.24158053941386104,0.2678398859784526,0.2743570124143413,60.0,0.31081504251583564,0.31081504251583564,60.0,0.0,0.2893404665085097,0.30365299788748146,0.31081504251583564,60.0,0.3362377397140941,0.33720867580974495,59.0,0.0009709360956508539,0.31109689854485173,0.33380020831216645,0.33720867580974495,59.0,0.3158957037711346,0.3544101945873024,2.0,0.03851449081616781,0.33088707140932694,0.3223754642841442,0.3544101945873024,2.0,0.6536176881811623,0.6621655087956848,14.0,0.008547820614522528,0.6584742364859179,0.6557736852453937,0.6621655087956848,14.0,0.2096233570888296,0.21442096171017525,32.0,0.0047976046213456525,0.21050703736205326,0.2100395308429266,0.21442096171017525,32.0,0.27326440177252587,0.2784254877063373,40.0,0.005161085933811427,0.2736085547356541,0.27241827654957396,0.27761086407883667,18.0,219.6576,219.6576,0.4783946438045708,0.5882367215908744,0.0033392664358277125,0.002510774851482308,0.00335348204517815,0.003500436347072599,0.0033220206345902304,0.0029681899255800015,0.002237356546140238,0.001081034873671658
diabetes_mlp_fedprox_R60_C20_s46_summary.json,diabetes,mlp,fedprox,46,60.0,20,weighted_ce,none,,,,,,1.0,inf,0.7135947538674755,0.7154309667676264,59.0,0.001836212900150902,0.6861060616381767,0.7106465527433701,0.7154309667676264,59.0,0.27853752506465784,0.27853752506465784,60.0,0.0,0.24540793001196917,0.27318033439712636,0.27853752506465784,60.0,0.31264081692882456,0.3240062657909422,58.0,0.011365448862117655,0.2943067917690467,0.3141730234071034,0.3240062657909422,58.0,0.3453309425236308,0.3463164510702177,58.0,0.0009855085465869107,0.31734452920864353,0.34208987438812516,0.3463164510702177,58.0,0.3182069112357009,0.3609296747067327,3.0,0.04272276347103182,0.3332857386564841,0.31963460902951957,0.3609296747067327,3.0,0.6578321329113438,0.6639402648104991,16.0,0.006108131899155267,0.6608612986570898,0.6590072974559902,0.6639402648104991,16.0,0.22331328537280923,0.22665998047859723,47.0,0.003346695105788,0.22310221552538229,0.22455927012942922,0.22665998047859723,47.0,0.2749101032362835,0.2814924270410048,56.0,0.006582323804721291,0.2746276151292405,0.27793792734958345,0.279723669858199,5.0,219.6576,219.6576,0.4924918457684195,0.6378045794954232,0.0034313497588174258,0.002493479599132475,0.003362159789785259,0.003939492644958065,0.0033651096500669038,0.003171420986214468,0.0022243795859253805,0.0011289201892815657
diabetes_mlp_fedprox_R60_C20_s47_summary.json,diabetes,mlp,fedprox,47,60.0,20,weighted_ce,none,,,,,,1.0,inf,0.7155626663909169,0.7155626663909169,60.0,0.0,0.6857634000559406,0.7099321448423782,0.7155626663909169,60.0,0.2876837539592381,0.2876837539592381,60.0,0.0,0.25894205830876715,0.2825998768530909,0.2876837539592381,60.0,0.32004650140482127,0.32491350505557504,59.0,0.004867003650753765,0.2944225928189619,0.3126084911445512,0.32491350505557504,59.0,0.34692681953379456,0.34881883668633057,54.0,0.0018920171525360074,0.3236940912620537,0.3454795208290087,0.34881883668633057,54.0,0.31386448893333113,0.36450714202295736,9.0,0.05064265308962623,0.3340762567069736,0.32558578313405706,0.36450714202295736,9.0,0.6597847146573429,0.6717986185463126,18.0,0.012013903888969724,0.6672375976989459,0.6612309724585215,0.6717986185463126,18.0,0.22423749825335032,0.2260348838726902,34.0,0.0017973856193398696,0.22279067591192156,0.22251231887352235,0.22540087187776153,20.0,0.2798862652985536,0.2855784092260136,23.0,0.0056921439274599805,0.27953732171146245,0.27644321588258797,0.28499812006517106,11.0,219.6576,219.6576,0.5180788643599802,0.6542693494320702,0.003487538090480902,0.002608563630120942,0.003624419462992798,0.003915127815167004,0.0035274045182523256,0.0032138766781192062,0.0023558475174004223,0.001137255431042118
diabetes_mlp_fedprox_R60_C20_s48_summary.json,diabetes,mlp,fedprox,48,60.0,20,weighted_ce,none,,,,,,1.0,inf,0.7200626044479022,0.7200626044479022,60.0,0.0,0.6920537945069484,0.7161362240454283,0.7200626044479022,60.0,0.28722949111844015,0.28722949111844015,60.0,0.0,0.2521850932467115,0.28117096098365296,0.28722949111844015,60.0,0.32102875925082963,0.32102875925082963,60.0,0.0,0.295650567742655,0.3112005513939267,0.32102875925082963,60.0,0.35140812163843416,0.35414236963231915,56.0,0.0027342479938849973,0.32623030492059635,0.3491557294547181,0.35414236963231915,56.0,0.3109621026290689,0.36135443105747755,1.0,0.05039232842840863,0.3325045474523966,0.32436351719422934,0.36135443105747755,1.0,0.6581601128326225,0.666145504668421,31.0,0.007985391835798494,0.6625559607243657,0.6602496643147154,0.666145504668421,31.0,0.22223364981958776,0.22872413965038896,36.0,0.006490489830801194,0.22412771929275666,0.22362152866531648,0.22872413965038896,36.0,0.27907530981887513,0.2866573568617494,27.0,0.007582047042874296,0.27735468160443977,0.27606226931091793,0.2866573568617494,27.0,219.6576,219.6576,0.5274376233623191,0.6535853924833646,0.0035566891556334935,0.002472695441907381,0.0036697113187410795,0.004036375916900464,0.0035864152461627034,0.0032078271927026055,0.0024701539007502588,0.001596031693521974
diabetes_mlp_fedprox_R60_C20_s49_summary.json,diabetes,mlp,fedprox,49,60.0,20,weighted_ce,none,,,,,,1.0,inf,0.7181139586073265,0.7182099756958439,59.0,9.60170885173639e-05,0.6890712804081416,0.7133885635640926,0.7182099756958439,59.0,0.29182011794241247,0.2936766277553019,59.0,0.0018565098128894286,0.25560728601590704,0.2856465393421635,0.2936766277553019,59.0,0.32221347025552555,0.32221347025552555,60.0,0.0,0.29390333454971934,0.31420996295695425,0.32221347025552555,60.0,0.35872948145581574,0.3596933817719735,59.0,0.0009639003161577842,0.32487176137715557,0.35037360145704877,0.3596933817719735,59.0,0.3196549446576192,0.36497860261185644,3.0,0.04532365795423726,0.33253213795843056,0.32326822700370517,0.36497860261185644,3.0,0.6578281170867863,0.674149607736767,21.0,0.016321490649980674,0.6688106790044845,0.6622395794247019,0.674149607736767,21.0,0.2201629014527779,0.22907530875563575,30.0,0.008912407302857861,0.2241821352410147,0.2213524433239995,0.22907530875563575,30.0,0.28046540110226575,0.28623048135243256,8.0,0.00576508025016681,0.27993248512487157,0.2787379408580446,0.28623048135243256,8.0,219.6576,219.6576,0.49765432231812007,0.6590418224341192,0.0035088314365305942,0.0026678382549069285,0.0034258346435474115,0.004014313423338711,0.003435804761364389,0.003300245798509996,0.0026756950879121603,0.0012416015597211435
diabetes_mlp_fedprox_R60_C20_s50_summary.json,diabetes,mlp,fedprox,50,60.0,20,weighted_ce,none,,,,,,1.0,inf,0.7147242903035886,0.7147242903035886,60.0,0.0,0.6827640984830735,0.7100099205367052,0.7147242903035886,60.0,0.2976165981960259,0.29817085332488763,59.0,0.0005542551288617026,0.2563524528933249,0.2925433911954872,0.29817085332488763,59.0,0.31863999839124024,0.31911616083688393,58.0,0.0004761624456436908,0.2935970646616219,0.31243341270037367,0.31516969182499055,45.0,0.355348168721801,0.355348168721801,60.0,0.0,0.3231677963656665,0.3498501956481206,0.355348168721801,60.0,0.3111276580611105,0.3837619850144344,1.0,0.07263432695332395,0.32932162764948536,0.3203803467761194,0.3837619850144344,1.0,0.6478010423976199,0.6612412542243338,23.0,0.013440211826713844,0.6555372707254904,0.6500950984903562,0.6612412542243338,23.0,0.20236650890427316,0.2151043370663709,11.0,0.01273782816209773,0.2093511382905126,0.2028734416120256,0.2151043370663709,11.0,0.27409675443968157,0.27691914676203855,21.0,0.0028223923223569813,0.27158304745681233,0.2726295097367287,0.27691914676203855,21.0,219.6576,219.6576,0.5130564817018315,0.6682661445011036,0.0035318987494888906,0.0026862503107850768,0.0035463819207886614,0.0039104150550977905,0.0035107429503424986,0.0032520791653862,0.0023613734017126826,0.0013013530683935372
diabetes_mlp_fedprox_R60_C20_s51_summary.json,diabetes,mlp,fedprox,51,60.0,20,weighted_ce,none,,,,,,1.0,inf,0.7183417045027014,0.7183417045027014,60.0,0.0,0.6882196349138117,0.7126972660036973,0.7183417045027014,60.0,0.2870323330406475,0.2870323330406475,60.0,0.0,0.24958491906932725,0.2813643900398019,0.2870323330406475,60.0,0.31495607367788786,0.3177155199234147,52.0,0.00275944624552682,0.29368162120332203,0.31067218759534493,0.3177155199234147,52.0,0.35376493197696585,0.35376493197696585,60.0,0.0,0.31934885045877187,0.347672268285026,0.35376493197696585,60.0,0.32514519322581953,0.35878038131477163,4.0,0.033635188088952106,0.3332753867124049,0.32146372345109936,0.35878038131477163,4.0,0.6553310020802472,0.6666573089588177,26.0,0.011326306878570502,0.6618650791041303,0.657321327557306,0.6666573089588177,26.0,0.21709715554825937,0.22253106417921084,29.0,0.005433908630951473,0.21838667858762442,0.21612386780495568,0.22253106417921084,29.0,0.27624309392265195,0.28161543098251957,42.0,0.005372337059867616,0.27449816227199325,0.27323602563031535,0.2775131934611919,11.0,219.6576,219.6576,0.5193176468386507,0.6335358057967824,0.0034776122843960767,0.002580885983381326,0.0036597450467349027,0.0037555852914785987,0.0035508669264594063,0.0031312588853800176,0.0024501836353415813,0.0013927481830658453
diabetes_mlp_nested_R60_C20_s42_summary.json,diabetes,mlp,nested,42,60.0,20,weighted_ce,none,,,,,,1.0,inf,0.6946637052606661,0.7554167455150058,59.0,0.060753040254339696,0.7009799624449851,0.7229180665384757,0.7554167455150058,59.0,0.26671958931281,0.34670750873708694,59.0,0.07998791942427697,0.27418562860755213,0.3035255797585951,0.34670750873708694,59.0,0.2824069737872146,0.3382328371303312,59.0,0.05582586334311662,0.2948678696380733,0.30681469981944665,0.31982828779022776,24.0,0.3191146203660606,0.3745811703786238,59.0,0.05546655001256323,0.3276905955436039,0.34588290178878406,0.3745811703786238,59.0,0.3522484608382373,0.38696643227499355,1.0,0.034717971436756256,0.33700113170122303,0.33556494922181335,0.38696643227499355,1.0,0.6522060129041495,0.6670273420928841,11.0,0.014821329188734578,0.6510432662511595,0.6569275044275721,0.6670273420928841,11.0,0.21506236931015202,0.22324321985585244,11.0,0.008180850545700419,0.20730902653687763,0.21338083921227868,0.22324321985585244,11.0,0.2654676258992806,0.28101226517621486,10.0,0.01554463927693428,0.22400592544817727,0.27115970821004953,0.28101226517621486,10.0,128.69632,128.69632,1.0346567734164032,1.4686860787915066,0.009765191064780352,0.004972796739853944,0.006538201509367406,0.0026818572767423813,0.006862478620650513,0.0031792640955969195,,
diabetes_mlp_nested_R60_C20_s42_tf_warm_summary.json,diabetes,mlp,nested,42,60.0,20,weighted_ce,none,_tf_warm,5.0,2.0,,,1.0,inf,0.6983394923591812,0.7545853024689804,59.0,0.05624581010979912,0.7074124303837065,0.7293674126767336,0.7545853024689804,59.0,0.27417882796715265,0.34751688760800126,54.0,0.07333805964084861,0.2826894981998716,0.3097218695476039,0.34751688760800126,54.0,0.28942806708035285,0.33541267505019623,49.0,0.04598460796984338,0.30064266115230304,0.31491297940604746,0.33541267505019623,49.0,0.32383428442434214,0.38596814838265575,54.0,0.06213386395831361,0.3364191051933625,0.35557569438187114,0.38596814838265575,54.0,0.34952328766928875,0.3865052028357502,1.0,0.03698191516646143,0.3340205307421637,0.33020365008521885,0.3865052028357502,1.0,0.6572372512504149,0.6664628050062674,11.0,0.009225553755852545,0.659621093650585,0.6573689376673248,0.6664628050062674,11.0,0.21873225424241194,0.22338715984172602,7.0,0.004654905599314085,0.21579005458535117,0.2171073252469718,0.22338715984172602,7.0,0.27320861277797387,0.28095100028993913,19.0,0.007742387511965265,0.27146273337856935,0.27372426692731067,0.28095100028993913,19.0,140.69248,140.69248,1.1058626296027796,1.5257733789039776,0.007856393391575688,0.003288401769454054,0.006266873143813158,0.0025612590407748273,0.006031294130540444,0.0027587223582909316,,
diabetes_mlp_nested_R60_C20_s43_summary.json,diabetes,mlp,nested,43,60.0,20,weighted_ce,none,,,,,,1.0,inf,0.7003442031615098,0.7522298862723575,59.0,0.051885683110847736,0.7088851736322487,0.7261168314692101,0.7522298862723575,59.0,0.2521072059343969,0.31991844858873764,54.0,0.06781124265434074,0.26302570533351183,0.2857054241279546,0.31991844858873764,54.0,0.2940914808023562,0.3287216408020365,58.0,0.03463015999968028,0.29956844481294326,0.3104196694552394,0.32688727252277905,38.0,0.3211698309937845,0.37095631613363395,59.0,0.04978648513984946,0.3311764718963402,0.34664010418795377,0.37095631613363395,59.0,0.33365669039757856,0.38824466518684864,2.0,0.05458797478927008,0.33949247237056634,0.33294140935734173,0.38824466518684864,2.0,0.5834027150688645,0.5834027150688645,60.0,0.0,0.5369851507942958,0.5684905040055591,0.558103133301933,11.0,0.18935343688551864,0.19171100368285343,11.0,0.002357566797334787,0.1722583268406385,0.18306915207666313,0.19171100368285343,11.0,0.20405919274293308,0.20642867168857904,11.0,0.0023694789456459586,0.2034788300197502,0.20416016899209963,0.20642867168857904,11.0,128.69632,128.69632,1.0374109012501624,1.3916629642480984,0.009742615931310929,0.004862596100289692,0.006607554023755954,0.0024385141581223574,0.006919541936879009,0.002943589711366114,,
diabetes_mlp_nested_R60_C20_s43_tf_warm_summary.json,diabetes,mlp,nested,43,60.0,20,weighted_ce,none,_tf_warm,5.0,2.0,,,1.0,inf,0.7042758478213169,0.759848037059275,59.0,0.055572189237958036,0.7132013732440747,0.7331146725199104,0.759848037059275,59.0,0.2673364149454635,0.3370639732061459,59.0,0.06972755826068239,0.2703733841841757,0.2989844310656199,0.3370639732061459,59.0,0.29148007747928195,0.33010126341146473,44.0,0.03862118593218278,0.29917241549092655,0.3099404552584468,0.328613696364895,29.0,0.3181255369946082,0.3711036487140608,44.0,0.0529781117194526,0.33061867057985656,0.34436864774140813,0.3711036487140608,44.0,0.3347484232004111,0.3908057102175453,2.0,0.056057287017134194,0.3381698748277419,0.3345285418172834,0.3908057102175453,2.0,0.4894538925362336,0.5442494170403183,26.0,0.05479552450408465,0.4964808892263743,0.5024067752682833,0.5366090598307159,11.0,0.11434966901049708,0.18188225441980166,11.0,0.06753258540930458,0.13917597111146593,0.1261729100306213,0.18188225441980166,11.0,0.2025211248095304,0.205556831228473,11.0,0.003035706418942602,0.20311331665121238,0.2032140624147681,0.205556831228473,11.0,140.69248,140.69248,1.144376781344181,1.410788978682831,0.00803508548789301,0.003195472220445948,0.006422861614329703,0.00230922727151055,0.0061779420474670195,0.0025356129539863964,,
diabetes_mlp_nested_R60_C20_s44_summary.json,diabetes,mlp,nested,44,60.0,20,weighted_ce,none,,,,,,1.0,inf,0.6918688959052112,0.7459785682858731,54.0,0.05410967238066189,0.6996537004214821,0.720471899575813,0.7459785682858731,54.0,0.2644940047408287,0.33301127484693055,54.0,0.06851727010610187,0.2746663054564808,0.2983061366578798,0.33301127484693055,54.0,0.28936039643181044,0.33194244391925265,59.0,0.04258204748744221,0.29494850075157986,0.3079274791050445,0.33194244391925265,59.0,0.3150168352462472,0.36164276009884666,59.0,0.046625924852599476,0.323305534020405,0.33815960696234393,0.36164276009884666,59.0,0.3336974318747531,0.38901992045110756,1.0,0.05532248857635447,0.3378708694417299,0.33302213539426573,0.38901992045110756,1.0,0.6520765904083335,0.6609304043046828,27.0,0.008853813896349205,0.6378688643617942,0.6488467744068891,0.6411229394992437,1.0,0.21036254567669632,0.222163047479295,48.0,0.011800501802598673,0.1835360560868551,0.20641421710585545,0.17442387569781537,1.0,0.26542491268917345,0.2775050879923381,29.0,0.01208017530316463,0.2545947409367917,0.26376525264377887,0.2640973630831643,1.0,128.69632,128.69632,1.0024826223845593,1.4480537853669375,0.009646287518812554,0.004700159077820968,0.006348689285598241,0.002746178322934883,0.0066675779349624755,0.0031791935608686123,,
diabetes_mlp_nested_R60_C20_s44_tf_warm_summary.json,diabetes,mlp,nested,44,60.0,20,weighted_ce,none,_tf_warm,5.0,2.0,,,1.0,inf,0.6991054219542442,0.759509198807439,59.0,0.06040377685319476,0.7099185891692211,0.7321551378513811,0.759509198807439,59.0,0.27579947675984334,0.3464885218392072,49.0,0.07068904507936385,0.28391727291689345,0.3108262481663733,0.3464885218392072,49.0,0.2961272636310962,0.3431653575223078,59.0,0.04703809389121161,0.30141641922661483,0.3161911975333801,0.3431653575223078,59.0,0.32687536137513085,0.37591652989261154,49.0,0.04904116851748069,0.3322196849289247,0.3499270022391379,0.37591652989261154,49.0,0.32726852789776334,0.38895978705666145,1.0,0.061691259158898115,0.33308137537166815,0.32646094365766715,0.38895978705666145,1.0,0.6324231952219318,0.6414446823430068,27.0,0.009021487121074978,0.619842179098848,0.6295140566157974,0.640941010097339,1.0,0.1702140884751281,0.17839240753127833,48.0,0.00817831905615024,0.15694571178245373,0.1662612962446534,0.17421904325696236,1.0,0.2708985248100134,0.2719389524800555,48.0,0.0010404276700420878,0.2448340459715745,0.2662580666290362,0.2641471301535974,1.0,140.69248,140.69248,1.1529552853860272,1.5312830936163664,0.007875593574995924,0.0030940230815973534,0.006438176379224317,0.0026555640942595034,0.0061834830395463645,0.002770868441779741,,
diabetes_mlp_nested_R60_C20_s45_summary.json,diabetes,mlp,nested,45,60.0,20,weighted_ce,none,,,,,,1.0,inf,0.6853580164487956,0.7413686994719065,59.0,0.05601068302311096,0.6950160358670726,0.7144117834357575,0.7413686994719065,59.0,0.25714237744199864,0.32493610126666433,59.0,0.0677937238246657,0.26401104013994264,0.2860685386478573,0.3184316028267107,44.0,0.2886585086525363,0.3259392313993096,44.0,0.0372807227467733,0.29364666874851614,0.30469621403282615,0.3134014870028444,19.0,0.3130187151581038,0.36481070528897713,59.0,0.05179199013087332,0.32269567415447636,0.33759852917088046,0.3625699018225296,44.0,0.3372593630281967,0.3824934826492136,2.0,0.04523411962101692,0.33807690731625595,0.3337040160761071,0.3824934826492136,2.0,0.4097215909150804,0.44482535655878774,1.0,0.03510376564370732,0.40920301075737325,0.40623959117098885,0.44482535655878774,1.0,0.08908929979089136,0.10784398604990982,1.0,0.018754686259018452,0.08955618171398166,0.08849888397311598,0.10784398604990982,1.0,0.11364120025537348,0.13509629203794193,44.0,0.02145509178256845,0.11845860007268662,0.10979296207515976,0.12915642039987169,6.0,128.69632,128.69632,1.0120102454791777,1.3970829818863422,0.009668479434269866,0.0043142423658251985,0.00653839514487291,0.002564790284737236,0.006840921978817543,0.002979296777453658,,
diabetes_mlp_nested_R60_C20_s45_tf_warm_summary.json,diabetes,mlp,nested,45,60.0,20,weighted_ce,none,_tf_warm,5.0,2.0,,,1.0,inf,0.6927393337276411,0.7496526451942352,54.0,0.056913311466594174,0.704293189503823,0.723665532283721,0.7496526451942352,54.0,0.2630344458911843,0.3239830139191033,49.0,0.06094856802791898,0.27253703619065134,0.29144344166877034,0.3239830139191033,49.0,0.29828782557535183,0.3311680593382818,54.0,0.03288023376292998,0.3026125551828081,0.3121761670604087,0.3311680593382818,54.0,0.3211067789908208,0.370566430354158,54.0,0.04945965136333719,0.33082574704529943,0.34509831238833955,0.370566430354158,54.0,0.3290272960504382,0.3792134682193651,2.0,0.0501861721689269,0.3355658897588762,0.3322836705525686,0.3792134682193651,2.0,0.4865669664596827,0.5120317492093469,52.0,0.025464782749664183,0.45071520141192384,0.4872557795119558,0.4663717863426726,6.0,0.10655617399584745,0.11406015874708837,52.0,0.007503984751240922,0.09855851115271656,0.10556938359886911,0.11122959051908324,6.0,0.15900755124056096,0.17364125716270185,46.0,0.014633705922140888,0.14753107108854388,0.1596447655897511,0.17364125716270185,46.0,140.69248,140.69248,1.1206055212203259,1.5158050081226975,0.00779774585636468,0.0029996949326202135,0.006508252637652314,0.0026640162761385235,0.0061710390588041114,0.002760386297562119,,
diabetes_mlp_nested_R60_C20_s46_summary.json,diabetes,mlp,nested,46,60.0,20,weighted_ce,none,,,,,,1.0,inf,0.6903799486832752,0.749802795960069,59.0,0.05942284727679381,0.7020407120667556,0.7220875249600374,0.749802795960069,59.0,0.26188408087456844,0.327814381810393,59.0,0.06593030093582458,0.269304621569613,0.2941576726035636,0.327814381810393,59.0,0.29759681657831727,0.3367618895480529,59.0,0.03916507296973565,0.30021055191184565,0.3140626495610187,0.3236542922053305,34.0,0.3151633575789045,0.3657425080784237,49.0,0.050579150499519165,0.32612377034696965,0.3420270314415823,0.3657425080784237,49.0,0.33128939890125125,0.3865717473973321,1.0,0.055282348496080824,0.33549820655787094,0.3260747284435822,0.3865717473973321,1.0,0.3730846964004006,0.39511335141692594,1.0,0.022028655016525345,0.3610970104076954,0.3742069198279279,0.39511335141692594,1.0,0.08445333964595556,0.0890810949117811,1.0,0.004627755265825539,0.08309561508037251,0.08449836553596028,0.0890810949117811,1.0,0.2045002711006687,0.20455572629485674,9.0,5.545519418803657e-05,0.2043413778774926,0.2045002711006687,0.20455572629485674,9.0,128.69632,128.69632,1.0095575889213555,1.4599081831984222,0.009699952578425704,0.004444694474666936,0.006425744868521462,0.0027901275056950057,0.006746299578112942,0.003160116815991001,,
diabetes_mlp_nested_R60_C20_s46_tf_warm_summary.json,diabetes,mlp,nested,46,60.0,20,weighted_ce,none,_tf_warm,5.0,2.0,,,1.0,inf,0.7022713581213839,0.7576193649069656,54.0,0.055348006785581716,0.7108005482609203,0.731793665043453,0.7576193649069656,54.0,0.27866234078776997,0.33775626774152956,54.0,0.05909392695375959,0.283485202789418,0.3073614458590591,0.33232534314812684,39.0,0.30432655608681364,0.34062845402858977,59.0,0.03630189794177613,0.3075166273970465,0.3218540950713056,0.33215018814847236,29.0,0.33501538985650414,0.3788700514636518,59.0,0.04385466160714768,0.33696806643864635,0.3557777060528673,0.3788700514636518,59.0,0.32865821376282434,0.38656060550772414,1.0,0.057902391744899806,0.33391609009771284,0.32183015926997655,0.38656060550772414,1.0,0.37350002050580416,0.42192012233807935,17.0,0.048420101832275186,0.3811237427896498,0.36817618039766603,0.42192012233807935,17.0,0.08470276384614997,0.09231787496524708,17.0,0.007615111119097115,0.08580939813022484,0.0839472550517904,0.09231787496524708,17.0,0.20426801699972874,0.2045002711006687,1.0,0.0002322541009399659,0.20400729246218557,0.2041802306268355,0.2045002711006687,1.0,140.69248,140.69248,1.1076280826498988,1.38555951428134,0.007771433739298092,0.002953703831527885,0.006316694095207602,0.0023198304795697803,0.006035198876834588,0.0024888595914625902,,
diabetes_mlp_nested_R60_C20_s47_summary.json,diabetes,mlp,nested,47,60.0,20,weighted_ce,none,,,,,,1.0,inf,0.696203542180753,0.7530157339951763,59.0,0.05681219181442332,0.7067432425643243,0.7242558489107243,0.7530157339951763,59.0,0.2729055140263784,0.3343493625094805,54.0,0.06144384848310208,0.2847875258240911,0.30328628104998107,0.3343493625094805,54.0,0.2941168042047757,0.33276473080699936,59.0,0.03864792660222366,0.30078366444038374,0.31046874771828914,0.32802429457655424,34.0,0.32690016367682523,0.3776115029988707,54.0,0.05071133932204547,0.3371797841459881,0.3497645916687931,0.3776115029988707,54.0,0.3270972886713472,0.3815578814175764,1.0,0.05446059274622922,0.3387326257480202,0.33264236197803,0.3815578814175764,1.0,0.6407045658770668,0.66363166124271,32.0,0.02292709536564319,0.6220630388410382,0.6469217587865863,0.66363166124271,32.0,0.21337097687610923,0.22318880090682322,38.0,0.00981782403071399,0.20043953153043811,0.21556533299457814,0.22318880090682322,38.0,0.08393866020984665,0.1559792027729636,20.0,0.07204054256311694,0.07954771085667749,0.0949440650720208,0.1559792027729636,20.0,128.69632,128.69632,1.0146176033022736,1.5287695114966482,0.009928090802249044,0.004914132205683886,0.006424395595909158,0.00285027856680875,0.006764957321172938,0.0033014519023471076,,
diabetes_mlp_nested_R60_C20_s47_tf_warm_summary.json,diabetes,mlp,nested,47,60.0,20,weighted_ce,none,_tf_warm,5.0,2.0,,,1.0,inf,0.7057958249243986,0.765620459898286,59.0,0.05982463497388735,0.7140256375183023,0.7340319155217816,0.765620459898286,59.0,0.28340065812806775,0.35563739082525375,59.0,0.072236732697186,0.2923955074135363,0.3151502660859839,0.35563739082525375,59.0,0.3010280801341753,0.34928015414329877,59.0,0.04825207400912346,0.30729183138014554,0.32115007814952834,0.34928015414329877,59.0,0.33725138980612657,0.38946277598878726,59.0,0.05221138618266069,0.3424698555898027,0.35894049621053326,0.38946277598878726,59.0,0.31971422929660864,0.38152250446649294,1.0,0.0618082751698843,0.3342665810707246,0.3269233570373443,0.38152250446649294,1.0,0.6450722017646637,0.6541746453989268,52.0,0.009102443634263047,0.5761928193225145,0.6438531756312338,0.629553537190978,11.0,0.20583360445212937,0.21182525101878147,11.0,0.0059916465666521035,0.16029024700779163,0.20413535628240714,0.21182525101878147,11.0,0.05904059040590406,0.10738766184310738,53.0,0.04834707143720333,0.02135452551180667,0.06860993505575173,0.07086907870197687,14.0,140.69248,140.69248,1.1222987612263144,1.3813015492632985,0.007863541973178822,0.003088598075234843,0.00631404004005426,0.002221507011440776,0.006064726062317062,0.0024427407997632197,,
diabetes_mlp_nested_R60_C20_s48_summary.json,diabetes,mlp,nested,48,60.0,20,weighted_ce,none,,,,,,1.0,inf,0.6974714621972908,0.756745339535762,54.0,0.059273877338471115,0.7081299644842293,0.7279180909860447,0.756745339535762,54.0,0.26823699456750016,0.3398171852226975,59.0,0.07158019065519733,0.2772177801268462,0.301384252474831,0.3398171852226975,59.0,0.3006765807302645,0.34698501950746685,54.0,0.046308438777202365,0.3060337286951861,0.3177235039848326,0.3335444933877485,29.0,0.32604129832291834,0.3833710125520519,54.0,0.05732971422913358,0.3408637856762764,0.3561235689697215,0.3833710125520519,54.0,0.32873242964268573,0.39853475076919925,1.0,0.06980232112651352,0.33565842623187997,0.32678558197858076,0.39853475076919925,1.0,0.6580932619031927,0.6633025267718708,27.0,0.005209264868678121,0.6595264988115584,0.6599790353878978,0.6628105004174198,15.0,0.22418197906664972,0.22982325520533764,52.0,0.005641276138687923,0.22447204096428988,0.22744289298535061,0.22982325520533764,52.0,0.24338260570642833,0.2770248639419486,16.0,0.03364225823552025,0.25711409434751226,0.24756551082828002,0.2770248639419486,16.0,128.69632,128.69632,1.0150977061877104,1.551046636654064,0.009735425957983922,0.004801714422803871,0.006468307751706587,0.002883850318471182,0.00681857842636597,0.0033052246794676105,,
diabetes_mlp_nested_R60_C20_s48_tf_warm_summary.json,diabetes,mlp,nested,48,60.0,20,weighted_ce,none,_tf_warm,5.0,2.0,,,1.0,inf,0.7082414019809503,0.7636008670451883,59.0,0.055359465064237945,0.7150436456759324,0.7381673549632883,0.7636008670451883,59.0,0.28324667172527895,0.3516913946955856,59.0,0.06844472297030663,0.28914961708939974,0.31684101538198634,0.3516913946955856,59.0,0.3069506017442888,0.34671198565800954,54.0,0.03976138391372075,0.31093670327892114,0.3232433675234515,0.3368702952853743,29.0,0.3392369206781579,0.39414571491470063,39.0,0.05490879423654271,0.3511610900286434,0.36876944844938464,0.39414571491470063,39.0,0.32660174882068743,0.39867920391088035,1.0,0.07207745509019292,0.33413748611900257,0.32537449574601673,0.39867920391088035,1.0,0.6589828297899287,0.6640477634141215,12.0,0.005064933624192802,0.6616454492667747,0.6617059980706974,0.6640477634141215,12.0,0.21578296256865717,0.22844054105283393,31.0,0.012657578484176757,0.2237281494748152,0.2201634864658851,0.2270050888360515,16.0,0.2584825234441603,0.28118422898835416,3.0,0.022701705544193873,0.2657513999167231,0.2607619017422701,0.28118422898835416,3.0,140.69248,140.69248,1.1128290988805627,1.5275987987406552,0.00782142580214546,0.0032006273298375762,0.0063874750117819575,0.0027094811752479764,0.006128143247296501,0.0028443819491286476,,
diabetes_mlp_nested_R60_C20_s49_summary.json,diabetes,mlp,nested,49,60.0,20,weighted_ce,none,,,,,,1.0,inf,0.6982604057760292,0.7582945924485299,59.0,0.06003418667250071,0.7081626045829524,0.7271003940758931,0.7582945924485299,59.0,0.27434437361964625,0.34324252868503324,59.0,0.06889815506538699,0.28199229896642675,0.30640323260963126,0.34324252868503324,59.0,0.29122889731753543,0.3360304954646987,54.0,0.04480159814716328,0.30246524078751663,0.3127784540473398,0.3124092274008591,8.0,0.32983427250358044,0.3765984227154948,44.0,0.04676415021191438,0.33847785793196344,0.35256924259216704,0.3765984227154948,44.0,0.34125636233953444,0.38142696823193234,1.0,0.040170605892397904,0.33733294562379595,0.3332011709629111,0.38142696823193234,1.0,0.331268141173702,0.3749931291751712,8.0,0.04372498800146918,0.332435177438455,0.33020618774311117,0.3749931291751712,8.0,0.08016577486276069,0.09034231933749134,7.0,0.010176544474730653,0.08011774403357033,0.07977919266817726,0.09034231933749134,7.0,0.11047124665422986,0.15085465182975794,2.0,0.040383405175528075,0.11780755856138288,0.11399812107122886,0.15085465182975794,2.0,128.69632,128.69632,0.9900364103697938,1.3795441538095474,0.00975596071327747,0.004657339728298559,0.0063625850468771224,0.0025930769382776406,0.006686222628442971,0.0030644902564349024,,
diabetes_mlp_nested_R60_C20_s49_tf_warm_summary.json,diabetes,mlp,nested,49,60.0,20,weighted_ce,none,_tf_warm,5.0,2.0,,,1.0,inf,0.7023671156356752,0.7690849026543665,59.0,0.06671778701869124,0.7155730546235649,0.7364289593043344,0.7690849026543665,59.0,0.2818979163880525,0.3610715473333505,59.0,0.079173630945298,0.2913105857949924,0.3200564085402955,0.3610715473333505,59.0,0.30071059507839965,0.34472130143967594,59.0,0.0440107063612763,0.3069751393918515,0.3191847833103797,0.3372314418016195,29.0,0.3320312864723212,0.3914859496376203,59.0,0.05945466316529907,0.34572149258302287,0.36176412242454614,0.3914859496376203,59.0,0.329247679362744,0.3818289255826524,1.0,0.052581246219908395,0.33651573042991195,0.33215516000206496,0.3818289255826524,1.0,0.3359939886118243,0.37048535355997075,1.0,0.034491364948146475,0.3325394673564246,0.3328215599982511,0.37048535355997075,1.0,0.08061191157443645,0.08520163615117685,7.0,0.004589724576740395,0.0799889142967993,0.08000087116151759,0.08520163615117685,7.0,0.10899004731603851,0.14427928542206464,1.0,0.03528923810602613,0.11606487417771723,0.11131207573492405,0.14427928542206464,1.0,140.69248,140.69248,1.114505027900062,1.5575541679281741,0.007738421707742249,0.003013190208746274,0.006373932448266983,0.0028237111314672143,0.006118661918943444,0.002876512389489199,,
diabetes_mlp_nested_R60_C20_s50_summary.json,diabetes,mlp,nested,50,60.0,20,weighted_ce,none,,,,,,1.0,inf,0.6905458361983613,0.7424418770192684,59.0,0.05189604082090715,0.6977598278669713,0.7174001314917005,0.7424418770192684,59.0,0.26963703557793217,0.3359511183911421,59.0,0.06631408281320994,0.27661722658536647,0.3023395577758463,0.3359511183911421,59.0,0.29014746462387636,0.3206932795423048,54.0,0.03054581491842845,0.29560586205168937,0.30775732246885795,0.3124954081571637,23.0,0.3195072670133817,0.36539757750060226,54.0,0.04589031048722053,0.3292323225180992,0.34213826707435546,0.3518955686378339,24.0,0.3297557389184953,0.38490576004827404,1.0,0.05515002112977874,0.3365958621591019,0.3297029967206482,0.38490576004827404,1.0,0.6488110473727247,0.6581806562851243,20.0,0.009369608912399685,0.6521400862418402,0.6498301494453971,0.6581806562851243,20.0,0.20829344879232792,0.21390032719707788,36.0,0.005606878404749965,0.20610585861646202,0.20847009922728307,0.21214832248343435,18.0,0.22283721702551612,0.24877459686012646,24.0,0.025937379834610336,0.22904998748999258,0.2200574471941949,0.24877459686012646,24.0,128.69632,128.69632,0.9796364030800759,1.2939591016620398,0.009680410608181091,0.004708544078192102,0.006304180518221152,0.0022302909577372543,0.006656441194978615,0.0027604578513437165,,
diabetes_mlp_nested_R60_C20_s50_tf_warm_summary.json,diabetes,mlp,nested,50,60.0,20,weighted_ce,none,_tf_warm,5.0,2.0,,,1.0,inf,0.6985779616910593,0.7530944048190239,59.0,0.05451644312796455,0.7050677680970013,0.7267559396599763,0.7530944048190239,59.0,0.2826361433865192,0.35624425441937013,59.0,0.07360811103285092,0.2906214140671698,0.3197859219690455,0.35624425441937013,59.0,0.2994528998490363,0.3373045158833338,58.0,0.03785161603429754,0.30050605601702246,0.31577149411067756,0.33155451649299117,34.0,0.32911293872528824,0.3799898423062694,59.0,0.05087690358098118,0.3382528662489708,0.3566369210088777,0.3799898423062694,59.0,0.3250882320377378,0.3853569609737533,1.0,0.060268728936015536,0.3337413201925867,0.32589306248524447,0.3853569609737533,1.0,0.5477160273917385,0.6562371101443794,3.0,0.10852108275264083,0.5542094264135874,0.5182147335683629,0.6562371101443794,3.0,0.12487902955916332,0.2107990311669532,3.0,0.08592000160778988,0.1339247837914443,0.11980611237202077,0.2107990311669532,3.0,0.2053673478718054,0.22173353357648573,27.0,0.01636618570468032,0.2097348708209598,0.204719452956235,0.22173353357648573,27.0,140.69248,140.69248,1.0957912517284665,1.4062340687960386,0.007862328938559782,0.003011225882558295,0.0063314041988767125,0.002439411931791188,0.006081774040369504,0.0025899382983601157,,
diabetes_mlp_nested_R60_C20_s51_summary.json,diabetes,mlp,nested,51,60.0,20,weighted_ce,none,,,,,,1.0,inf,0.7002424245542701,0.7564890273484084,59.0,0.05624660279413829,0.7109444305319825,0.7292248597706134,0.7564890273484084,59.0,0.2741624229658717,0.3472288905039182,59.0,0.07306646753804652,0.2814991754331757,0.3058198157735431,0.3472288905039182,59.0,0.30122405528582574,0.33734735880676436,54.0,0.03612330352093862,0.30552635782257115,0.31968031269126135,0.33734735880676436,54.0,0.3262800166133567,0.3756107246492574,54.0,0.04933070803590067,0.3336237585056665,0.34905793753897074,0.3756107246492574,54.0,0.34778862942730226,0.38782032395920296,1.0,0.0400316945319007,0.3363082900660744,0.32819338445234963,0.38782032395920296,1.0,0.4043833804297525,0.5126442753994253,14.0,0.10826089496967273,0.45480488534929653,0.4220634207626864,0.5126442753994253,14.0,0.09740135385818835,0.11822816684939515,14.0,0.020826812991206797,0.10567190240308233,0.09940561451875196,0.11822816684939515,14.0,0.1333655472336313,0.1720647773279352,4.0,0.0386992300943039,0.09607207615970212,0.10718849922853799,0.1720647773279352,4.0,128.69632,128.69632,1.0188662144336074,1.421791405766271,0.009599069989749869,0.004564673815020299,0.0063586176220936895,0.002514549301261361,0.006659135047745407,0.002963324811158975,,
diabetes_mlp_nested_R60_C20_s51_tf_warm_summary.json,diabetes,mlp,nested,51,60.0,20,weighted_ce,none,_tf_warm,5.0,2.0,,,1.0,inf,0.708586132925415,0.769081168605862,59.0,0.06049503568044701,0.7178410498529199,0.7398654376308172,0.769081168605862,59.0,0.28851143323187883,0.3679621805411852,59.0,0.07945074730930635,0.2933309191793833,0.32554879507786283,0.3679621805411852,59.0,0.30784710358828526,0.3499972342425565,54.0,0.042150130654271256,0.31185737935609553,0.3272275380868972,0.33682529485990503,34.0,0.334866278359266,0.3889224419671488,59.0,0.05405616360788279,0.34186587023533416,0.36251022072151395,0.37045157802318074,29.0,0.34079215484630404,0.3875576283985306,1.0,0.046765473552226544,0.3328106588682957,0.32461034166077235,0.3875576283985306,1.0,0.3517641567478728,0.47201258920840516,7.0,0.12024843246053235,0.4082517562497566,0.3689252885457791,0.47201258920840516,7.0,0.08594998892280675,0.10892524592486212,7.0,0.02297525700205537,0.09634707403373546,0.089119721879151,0.10892524592486212,7.0,0.06356850469540092,0.1545198623709728,4.0,0.09095135767557187,0.0378777396904414,0.057958249651847996,0.1545198623709728,4.0,140.69248,140.69248,1.1448038142969987,1.551139042712748,0.007632549335607904,0.003084656606781645,0.0063447438891347145,0.0025941049352684337,0.0060606683583039256,0.002723644512549529,,
diabetes_mlp_scaffold_R60_C20_s42_summary.json,diabetes,mlp,scaffold,42,60.0,20,weighted_ce,none,,,,,,1.0,inf,0.7405676218607756,0.7405676218607756,60.0,0.0,0.7065207502434501,0.7379896836891227,0.7405676218607756,60.0,0.33440559013565496,0.33440559013565496,60.0,0.0,0.28422366927121706,0.32916917978457344,0.33440559013565496,60.0,0.315383913730263,0.32231983740436426,58.0,0.006935923674101285,0.298728298531913,0.31628416269986104,0.32231983740436426,58.0,0.3711177340841992,0.37217623492150587,57.0,0.0010585008373066862,0.33363052388778475,0.36666576516689064,0.37217623492150587,57.0,0.31940023714547605,0.3686890976854261,1.0,0.049288860539950075,0.32675209387264265,0.3163897667969292,0.3686890976854261,1.0,0.6404396344013402,0.667997151174059,8.0,0.027557516772718782,0.6552698191106966,0.6425825662313629,0.667997151174059,8.0,0.2025683198738984,0.22496581049304584,5.0,0.022397490619147448,0.21389002994543416,0.20306771790229652,0.22496581049304584,5.0,0.26397919375812745,0.2817074670931234,7.0,0.017728273334995936,0.2724858858777474,0.26456910654965526,0.2817074670931234,7.0,439.3152,219.6576,1.6705923589838751,1.6303327368195824,0.0035126306918287016,0.0006982328265800051,0.0061749426203454765,0.002504136757615571,0.004769826725823958,0.001531124508318587,0.003492370943622121,0.0026977315439269582
diabetes_mlp_scaffold_R60_C20_s43_summary.json,diabetes,mlp,scaffold,43,60.0,20,weighted_ce,none,,,,,,1.0,inf,0.7366162200998221,0.7367808896959952,59.0,0.00016466959617311705,0.7094324319470108,0.7339724184269236,0.7367808896959952,59.0,0.32110501080632275,0.32721175568071564,58.0,0.006106744874392889,0.2771764243618358,0.3206090093433604,0.32721175568071564,58.0,0.31604594678482456,0.3201395059478002,59.0,0.004093559162975657,0.2999271475532149,0.3136338448214814,0.3180489874478253,46.0,0.36691111998928394,0.36785370460204003,59.0,0.0009425846127560922,0.3348991303680119,0.36309168885794557,0.36785370460204003,59.0,0.31500578513573985,0.3740836118766261,2.0,0.05907782674088624,0.3326674400022234,0.32116594584611535,0.3740836118766261,2.0,0.6508986737689201,0.6710991874029206,17.0,0.02020051363400055,0.6609365939034397,0.6511834358882896,0.6710991874029206,17.0,0.2126645724795576,0.22375872647603773,16.0,0.011094153996480116,0.2174592499790214,0.21269821969748487,0.22375872647603773,16.0,0.2728236541406526,0.28244917598941416,17.0,0.009625521848761531,0.2766727078108901,0.2724551117229421,0.28244917598941416,17.0,439.3152,219.6576,1.675319964587311,1.6955136026917899,0.0035786463679986216,0.00076038874657989,0.006274279335643092,0.0025625976366376603,0.004901348973303524,0.0016368305753191698,0.004356081931949008,0.003181185933415387
diabetes_mlp_scaffold_R60_C20_s44_summary.json,diabetes,mlp,scaffold,44,60.0,20,weighted_ce,none,,,,,,1.0,inf,0.7360701020812233,0.7379246732059528,57.0,0.0018545711247295316,0.7054783990959811,0.7357468163623844,0.7379246732059528,57.0,0.3298431252756359,0.33476389418768476,58.0,0.004920768912048845,0.28699408285065325,0.32963784261766527,0.33476389418768476,58.0,0.3120436240574078,0.319271191855516,54.0,0.007227567798108181,0.29711166973629216,0.3132880155058973,0.319271191855516,54.0,0.36556686748862405,0.36952827203039396,57.0,0.003961404541769908,0.33420025368653195,0.3654976652059606,0.36952827203039396,57.0,0.3200449904696887,0.3702153432658156,1.0,0.050170352796126916,0.328650962555319,0.3185339262597459,0.3702153432658156,1.0,0.6298587022089895,0.6654272869957711,7.0,0.0355685847867816,0.6485758202401137,0.632745256821769,0.6654272869957711,7.0,0.20521308129788948,0.22781882228377331,13.0,0.022605740985883832,0.21688604178483648,0.2072032733726073,0.22781882228377331,13.0,0.2542766631467793,0.28466735371579066,8.0,0.030390690569011336,0.26951126890187377,0.25829907946414765,0.28466735371579066,8.0,439.3152,219.6576,1.7069911046293176,1.5994152908806427,0.00354785629855813,0.0006977505633764143,0.006266164380092383,0.002388200332433686,0.004880445234123534,0.0015167659629891101,0.004876143430004445,0.004218347810110498
diabetes_mlp_scaffold_R60_C20_s45_summary.json,diabetes,mlp,scaffold,45,60.0,20,weighted_ce,none,,,,,,1.0,inf,0.7304776950261394,0.7316410708526571,59.0,0.0011633758265177097,0.7007575199505367,0.7275743933412838,0.7316410708526571,59.0,0.3228397319424635,0.3228397319424635,60.0,0.0,0.27531057449914387,0.31486162605206974,0.3228397319424635,60.0,0.32029255293963615,0.32029255293963615,60.0,0.0,0.298463090269982,0.3111164090653359,0.30889283760710023,30.0,0.36356255956435174,0.3661662480320067,59.0,0.002603688467654963,0.3340332863240064,0.3616498045043083,0.3661662480320067,59.0,0.3178811208499104,0.35754837148627666,2.0,0.03966725063636628,0.32606253969769294,0.32006524709390827,0.35754837148627666,2.0,0.6269111120827177,0.6614860563794661,5.0,0.034574944296748455,0.6454868385784267,0.6297608428392503,0.6614860563794661,5.0,0.19831416749162542,0.21324080873072387,9.0,0.014926641239098454,0.20573932223169622,0.19942217758506975,0.21324080873072387,9.0,0.25674724243135416,0.2757083731295766,2.0,0.018961130698222417,0.2657213711241365,0.2582617010806028,0.2757083731295766,2.0,439.3152,219.6576,1.6611841065127768,1.7781442416871869,0.0034015503112861433,0.0006770795410817998,0.006244814684240254,0.0028729628284727307,0.00473016154971601,0.001674150405462002,0.004225150844711228,0.003700787601168551
diabetes_mlp_scaffold_R60_C20_s46_summary.json,diabetes,mlp,scaffold,46,60.0,20,weighted_ce,none,,,,,,1.0,inf,0.7466832801857094,0.7466832801857094,60.0,0.0,0.710994392749558,0.7424981546333083,0.7466832801857094,60.0,0.33313583601740065,0.33579130698007437,58.0,0.0026554709626737116,0.28621674107639344,0.3297783452011075,0.33579130698007437,58.0,0.3199999928496245,0.32452250330040294,58.0,0.00452251045077845,0.3034964021967706,0.32117602556592667,0.31809341224003157,34.0,0.38274727652464535,0.3842729234515595,58.0,0.0015256469269141482,0.34412773915013734,0.3771726502876218,0.3842729234515595,58.0,0.3034329145367412,0.36337883003603283,1.0,0.059945915499291624,0.32679215093625424,0.3099845103857543,0.36337883003603283,1.0,0.6364955299605861,0.6649283207945067,12.0,0.028432790833920585,0.6500244885818144,0.6357985873734746,0.6649283207945067,12.0,0.20299651957889103,0.2264275100393633,13.0,0.023430990460472256,0.2137313730873918,0.19946230770853296,0.2264275100393633,13.0,0.2591854803010181,0.28304034399898825,5.0,0.02385486369797013,0.2676598076026202,0.25953409905901403,0.28304034399898825,5.0,439.3152,219.6576,1.6980279841027217,1.6139591171722714,0.0034534969750349143,0.0006728097236938613,0.006181802891326717,0.0022795771145445627,0.004738102828641875,0.001442524642316114,0.0043329786833895345,0.0042049544724556374
diabetes_mlp_scaffold_R60_C20_s47_summary.json,diabetes,mlp,scaffold,47,60.0,20,weighted_ce,none,,,,,,1.0,inf,0.7396514961251704,0.7396514961251704,60.0,0.0,0.7087063549732945,0.735196193389933,0.7396514961251704,60.0,0.3408029925894904,0.3408029925894904,60.0,0.0,0.2944048329725422,0.3331999707810316,0.3408029925894904,60.0,0.3228264093608152,0.33059561177794705,59.0,0.00776920241713186,0.30239185882918457,0.3174486596798451,0.33059561177794705,59.0,0.37628525005869995,0.3771786526879429,58.0,0.0008934026292429231,0.3449138286965732,0.3719733288641591,0.3771786526879429,58.0,0.31596376569395623,0.3607030896833851,9.0,0.04473932398942887,0.3313619349576104,0.3213107887022889,0.3607030896833851,9.0,0.6295654215217775,0.6696506920344965,5.0,0.04008527051271893,0.6506955862005359,0.6330107931810697,0.6696506920344965,5.0,0.20467520814018778,0.22600938047409147,14.0,0.021334172333903695,0.21520364033147907,0.20490019002653473,0.22600938047409147,14.0,0.25354295837023916,0.2850455777285046,5.0,0.03150261935826543,0.2687173374931748,0.2585859206516896,0.2850455777285046,5.0,439.3152,219.6576,1.7631722739231994,1.6772097819425653,0.003630187877962983,0.0007430970790093506,0.00636954658492325,0.0024763457010452223,0.005010705593470303,0.0015888895325409942,0.0051994183411047225,0.003873195460319934
diabetes_mlp_scaffold_R60_C20_s48_summary.json,diabetes,mlp,scaffold,48,60.0,20,weighted_ce,none,,,,,,1.0,inf,0.7453478487180867,0.7453478487180867,60.0,0.0,0.7106527850431429,0.7410819767300636,0.7453478487180867,60.0,0.3340014846714514,0.3340014846714514,60.0,0.0,0.2883710308654893,0.33017943462946375,0.3340014846714514,60.0,0.3228607538672843,0.32865960445822295,51.0,0.005798850590938653,0.3068576073841175,0.3236068558600544,0.32865960445822295,51.0,0.3690730635888549,0.3724166244762194,53.0,0.0033435608873645384,0.3448361180233138,0.3701300659996859,0.3724166244762194,53.0,0.31636548181300667,0.3671577061271691,1.0,0.050792224314162415,0.3276393029057963,0.31813564946120415,0.3671577061271691,1.0,0.6367585539196481,0.6642450156966033,12.0,0.02748646177695524,0.6528704860856113,0.6386869691864275,0.6642450156966033,12.0,0.20768930290351922,0.22905733526519417,16.0,0.02136803236167495,0.21975162977452897,0.21188759956945474,0.22905733526519417,16.0,0.2612497334186394,0.2799807738524393,3.0,0.018731040433799917,0.2704115808931736,0.2619551997146261,0.2799807738524393,3.0,439.3152,219.6576,1.678375815538046,1.7034911969585664,0.0035424634132662394,0.0007628281699668536,0.006142267083331623,0.0025170223833640985,0.004815820480751045,0.0016218513744053371,0.00413202550937735,0.003682973244673262
diabetes_mlp_scaffold_R60_C20_s49_summary.json,diabetes,mlp,scaffold,49,60.0,20,weighted_ce,none,,,,,,1.0,inf,0.7481111972794865,0.7481111972794865,60.0,0.0,0.7127193974053406,0.7453699136325546,0.7481111972794865,60.0,0.35267749894166345,0.3528769892820885,58.0,0.00019949034042504588,0.29693874122027203,0.34775003411887334,0.3528769892820885,58.0,0.33361501018774015,0.33361501018774015,60.0,0.0,0.30359878228076087,0.32708242418973643,0.33361501018774015,60.0,0.3814766217869418,0.3826263091688794,54.0,0.001149687381937603,0.346956034904961,0.3785304679191583,0.3826263091688794,54.0,0.3077732939336559,0.36162428035938216,3.0,0.05385098642572628,0.32704269110849804,0.31520977734755945,0.36162428035938216,3.0,0.6475252932944917,0.6738795686341814,5.0,0.026354275339689703,0.6627243934000794,0.6500831451375718,0.6738795686341814,5.0,0.213296979729207,0.2291641342599151,16.0,0.01586715453070811,0.22102747119977678,0.2135818546666799,0.2291641342599151,16.0,0.2682779456193353,0.28518836667075714,5.0,0.01691042105142182,0.27439630681574384,0.2688242518708058,0.28518836667075714,5.0,439.3152,219.6576,1.659896289603042,1.6213813926588045,0.00348483955484266,0.0006995158935119672,0.006135939880284251,0.0024166227266630754,0.004761416249161616,0.0015210990113825767,0.004790755870678869,0.004210281999787184
diabetes_mlp_scaffold_R60_C20_s50_summary.json,diabetes,mlp,scaffold,50,60.0,20,weighted_ce,none,,,,,,1.0,inf,0.7408133233496667,0.7422198362919931,58.0,0.00140651294232641,0.7049814980658886,0.7378778001311694,0.7422198362919931,58.0,0.3410938664960475,0.3410938664960475,60.0,0.0,0.2902354795145598,0.3333151236513563,0.3410938664960475,60.0,0.3341136623513633,0.33432830694836324,58.0,0.00021464459699993554,0.3025852546522033,0.32508592656283986,0.33432830694836324,58.0,0.36798360899042254,0.36989876231771585,59.0,0.0019151533272933063,0.33894653873722824,0.3662994494105643,0.36989876231771585,59.0,0.3023960046377538,0.3810159402334974,1.0,0.0786199355957436,0.3274858310227248,0.31657271676050314,0.3810159402334974,1.0,0.6306421142834395,0.6606329571994923,7.0,0.029990842916052807,0.6465263450138443,0.6328240347501347,0.6606329571994923,7.0,0.19795902873813503,0.21574309007196849,7.0,0.01778406133383345,0.20542002974412502,0.19925308277826584,0.21574309007196849,7.0,0.25692454632282713,0.27652342801650887,8.0,0.019598881693681736,0.265077166825348,0.256653219052945,0.27652342801650887,8.0,439.3152,219.6576,1.7294729655289605,1.7899291368394188,0.0035818347986907645,0.0007220077631631018,0.006342001197131681,0.002615563612619074,0.004934684605971731,0.00163797488701916,0.004582659606942365,0.004435752729965643
diabetes_mlp_scaffold_R60_C20_s51_summary.json,diabetes,mlp,scaffold,51,60.0,20,weighted_ce,none,,,,,,1.0,inf,0.7442428067034714,0.7442428067034714,60.0,0.0,0.7125749307860139,0.740788863353057,0.7442428067034714,60.0,0.34818121864499013,0.34818121864499013,60.0,0.0,0.2946510266841332,0.343547532345307,0.34818121864499013,60.0,0.3187010936771256,0.3255332898476209,51.0,0.006832196170495297,0.305806439505028,0.3205067949607188,0.3255332898476209,51.0,0.37641009110736634,0.37733308863559806,58.0,0.0009229975282317171,0.34130007840584714,0.3741794131905092,0.37733308863559806,58.0,0.3252155834178638,0.3604158485563395,4.0,0.03520026513847574,0.3267183623780227,0.31198765918752797,0.3604158485563395,4.0,0.6427565643797667,0.6636887737975881,6.0,0.020932209417821368,0.6533927706323152,0.6441251812329073,0.6636887737975881,6.0,0.20785816666403603,0.22317180026728545,15.0,0.015313633603249416,0.21527112194029638,0.2091792769557871,0.22317180026728545,15.0,0.26369670379120264,0.2771757727843048,5.0,0.013479068993102139,0.26979684402020626,0.2649914017691928,0.2771757727843048,5.0,439.3152,219.6576,1.6936356747394636,1.6645563197025695,0.003528484078492896,0.0007646351434634748,0.006187194095820189,0.0024317949699781695,0.00484832902771075,0.001595376095448259,0.004495082033429891,0.0025147221540574626
diabetes_mlp_tierfed_R60_C20_s42_tf_rho0.25_summary.json,diabetes,mlp,tierfed,42,60.0,20,weighted_ce,none,_tf_rho0.25,,,,,1.0,inf,0.7320905934430776,0.7336848055287162,56.0,0.001594212085638591,0.6927273014051561,0.7132701561714074,0.7336848055287162,56.0,0.3176401004933388,0.3176401004933388,60.0,0.0,0.2640281614362985,0.2906253106850015,0.3060797895331959,40.0,0.3177722197515855,0.32020310008632846,56.0,0.0024308803347429797,0.2924773646455964,0.306655814707075,0.31801748028865473,28.0,0.35876087432011755,0.35876087432011755,60.0,0.0,0.32226660768343157,0.3393650700868674,0.35876087432011755,60.0,0.3289421984854879,0.3873045605786467,1.0,0.058362362093158815,0.3352382862974732,0.3316888962469709,0.3873045605786467,1.0,0.6578088411289105,0.6683505437351154,17.0,0.010541702606204906,0.6544176303934469,0.6597493754012375,0.6637692785305134,4.0,0.2189265985882176,0.2229410379298239,5.0,0.00401443934160628,0.218306382668251,0.21835562342153575,0.2229410379298239,5.0,0.2741020793950851,0.28122769450392576,49.0,0.007125615108840688,0.2761399685434908,0.2764194196993309,0.28028503562945367,13.0,65.71008,65.71008,0.44624877225238985,0.0,0.007528852458319916,0.0033404416561114655,0.01064835029752762,0.0068534500758729525,0.0027639530827692858,0.0,,
diabetes_mlp_tierfed_R60_C20_s42_tf_rho0.4_summary.json,diabetes,mlp,tierfed,42,60.0,20,weighted_ce,none,_tf_rho0.4,,,,,1.0,inf,0.7178732443642004,0.7460909086011426,54.0,0.028217664236942164,0.6990153116103685,0.720981743496613,0.7460909086011426,54.0,0.2957713329733137,0.3347361668894291,54.0,0.03896483391611538,0.27315280087251714,0.29829279031004047,0.3347361668894291,54.0,0.30630230967669203,0.33304338354185203,38.0,0.026741073865160003,0.29688539634835626,0.3099232202653324,0.33304338354185203,38.0,0.3434644807598764,0.3756525719712004,54.0,0.03218809121132399,0.32926885246228543,0.3465161853096709,0.3756525719712004,54.0,0.3419618286594067,0.3872344065588887,1.0,0.04527257789948197,0.3350648624749652,0.3336193539657358,0.3872344065588887,1.0,0.5725308865851331,0.6641168355965098,13.0,0.09158594901137673,0.629618310558672,0.6063017385659059,0.6641168355965098,13.0,0.16138078516154297,0.2247058148550923,7.0,0.06332502969354933,0.20757743373766713,0.19034402119654256,0.2247058148550923,7.0,0.2173708604823,0.28161546857944797,7.0,0.06424460809714796,0.25849598118752687,0.23569991435358037,0.28161546857944797,7.0,94.80704,94.80704,0.7236514448459881,0.9963600095361471,0.007476242867259207,0.003188295516359349,0.008722825400718559,0.004283814124746491,0.0053488754036675286,0.004283814124746491,,
diabetes_mlp_tierfed_R60_C20_s42_tf_rho0.6_summary.json,diabetes,mlp,tierfed,42,60.0,20,weighted_ce,none,_tf_rho0.6,,,,,1.0,inf,0.7370429505640752,0.7370429505640752,60.0,0.0,0.6973854381445893,0.7236100761181216,0.7370429505640752,60.0,0.3305011429409364,0.3305011429409364,60.0,0.0,0.2721117853464356,0.30992012394022483,0.3305011429409364,60.0,0.3214928817297725,0.3282063259279166,58.0,0.006713444198144125,0.29555477226158744,0.3129520381582629,0.32662649034458086,38.0,0.3690393277458508,0.3690393277458508,60.0,0.0,0.32812266406661694,0.351544338194245,0.3690393277458508,60.0,0.32864078030233534,0.38700242307363497,1.0,0.05836164277129963,0.336626178082426,0.3323628805877,0.38700242307363497,1.0,0.6578167096351528,0.6648563371393144,19.0,0.007039627504161539,0.6572020619602575,0.6568926332660164,0.6648563371393144,19.0,0.21040469023100947,0.22305318857090167,11.0,0.012648498339892206,0.2104160073598334,0.2079055203391047,0.22305318857090167,11.0,0.27064963109591506,0.28098356604473,13.0,0.01033393494881496,0.272038237447361,0.2705425730099119,0.28098356604473,13.0,116.81792,116.81792,0.8544356015181014,0.0,0.005537986316980028,0.00159393084249239,0.008785638506155567,0.0051421191193119125,0.0038250302524313494,0.0,,
diabetes_mlp_tierfed_R60_C20_s43_tf_rho0.25_summary.json,diabetes,mlp,tierfed,43,60.0,20,weighted_ce,none,_tf_rho0.25,,,,,1.0,inf,0.7437065750743265,0.7437065750743265,60.0,0.0,0.7029295084585262,0.7238023559034097,0.7437065750743265,60.0,0.3112648752597698,0.31294563357565225,56.0,0.0016807583158824357,0.25590668503019615,0.28649732588924814,0.31294563357565225,56.0,0.3256291044797669,0.33278453657010654,48.0,0.007155432090339642,0.2986976824778519,0.31358618724841497,0.3048211814780738,8.0,0.3686561402895015,0.3690343818854895,56.0,0.00037824159598798257,0.326831640815422,0.34813666184933617,0.33421676397083355,12.0,0.3209027528817672,0.3865996929321193,2.0,0.06569694005035215,0.3377332755006904,0.3319460018439745,0.3865996929321193,2.0,0.4917528516997655,0.5204694358353812,25.0,0.028716584135615675,0.4822560432177684,0.49286087291275643,0.5081984438780235,3.0,0.13512540591263333,0.1680113730080048,25.0,0.03288596709537148,0.13576800521581056,0.13621726042593169,0.16671739796820176,3.0,0.19968182037313792,0.20467809799574718,5.0,0.004996277622609263,0.20159612425793833,0.20174750656409043,0.20467809799574718,5.0,65.71008,65.71008,0.46878516240782725,0.0,0.007814447863516708,0.003521774200938839,0.011218954722899268,0.007470917204196061,0.0029144202871668984,0.0,,
diabetes_mlp_tierfed_R60_C20_s43_tf_rho0.4_summary.json,diabetes,mlp,tierfed,43,60.0,20,weighted_ce,none,_tf_rho0.4,,,,,1.0,inf,0.7516587699761216,0.7516587699761216,60.0,0.0,0.7079694115909095,0.7325704137025911,0.7516587699761216,60.0,0.32280951697455634,0.32280951697455634,60.0,0.0,0.2631430906480608,0.29574697437672154,0.32280951697455634,60.0,0.32526068770225486,0.3318737755274977,52.0,0.006613087825242836,0.30083283184960996,0.3169478805810776,0.3318737755274977,52.0,0.3726911708322975,0.3726911708322975,60.0,0.0,0.33126302505007743,0.35228515651687725,0.3716382581729564,48.0,0.3242503813348097,0.38775405907240695,2.0,0.06350367773759724,0.3377739301894494,0.3310262225579277,0.38775405907240695,2.0,0.5165320202524056,0.5489190805829913,54.0,0.03238706033058569,0.4878760196408624,0.537277759876682,0.4883416095294312,3.0,0.15106173775689175,0.1743782843912795,53.0,0.023316546634387758,0.13773795020484247,0.16642786618924574,0.15105047169499783,3.0,0.20518001469507716,0.20530617836430887,54.0,0.0001261636692317103,0.20430985104051513,0.2051552128412477,0.2046112115732369,15.0,94.80704,94.80704,0.7338414652874538,1.1134202384855598,0.0076673298097929415,0.0033746138670884885,0.00897373757955284,0.004722769668753606,0.0054801679605598,0.004722769668753606,,
diabetes_mlp_tierfed_R60_C20_s43_tf_rho0.6_summary.json,diabetes,mlp,tierfed,43,60.0,20,weighted_ce,none,_tf_rho0.6,,,,,1.0,inf,0.7373825338305752,0.7388838855106414,58.0,0.0015013516800662652,0.7014158231653026,0.7237015122499717,0.7388838855106414,58.0,0.3048906859536271,0.3124417942012285,58.0,0.007551108247601357,0.2588202390102095,0.29152584502174683,0.3124417942012285,58.0,0.32272170724992266,0.32456415416119977,58.0,0.001842446911277107,0.2950131426739112,0.31285169429615,0.32456415416119977,58.0,0.3600759730407483,0.3609049939911318,58.0,0.0008290209503835078,0.324233878658565,0.34610370518903105,0.3609049939911318,58.0,0.32464470552476066,0.38835151597393125,2.0,0.06370681044917059,0.3390377942732218,0.3335486973704973,0.38835151597393125,2.0,0.542623346929744,0.5869760083095442,11.0,0.04435266137980021,0.5235839286500419,0.5474322140109209,0.5869760083095442,11.0,0.16332345076053306,0.19889283026400317,11.0,0.03556937950347011,0.163988713075819,0.1679413455029183,0.19889283026400317,11.0,0.20436436073886274,0.20510483135824978,9.0,0.0007404706193870347,0.20379279427057106,0.20444628801516745,0.20510483135824978,9.0,116.81792,116.81792,0.866910095877635,0.0,0.0057120845263452045,0.0017546239168232207,0.009000671555382502,0.004827569531986185,0.003984829963793926,0.0,,
diabetes_mlp_tierfed_R60_C20_s44_tf_rho0.25_summary.json,diabetes,mlp,tierfed,44,60.0,20,weighted_ce,none,_tf_rho0.25,,,,,1.0,inf,0.7437158405334464,0.7437158405334464,60.0,0.0,0.6957053970670825,0.7179237681486854,0.7358306679481674,48.0,0.31959766736844397,0.31959766736844397,60.0,0.0,0.2661312970833273,0.2900442727668055,0.30782808818720675,48.0,0.33475196472444446,0.33475196472444446,60.0,0.0,0.29332476907936145,0.3086191297958253,0.3257955917822043,44.0,0.36659900265016365,0.36659900265016365,60.0,0.0,0.321588075739555,0.3403450211276517,0.36659900265016365,60.0,0.31766820351816555,0.38953931541010617,1.0,0.07187111189194062,0.33403075337837473,0.3291339111516026,0.38953931541010617,1.0,0.6144728735819935,0.6412508184124954,1.0,0.026777944830501887,0.6194348090451162,0.613761791527604,0.6412508184124954,1.0,0.152938391300441,0.17451953500241682,1.0,0.021581143701975808,0.1540687456858936,0.1525471515384326,0.17451953500241682,1.0,0.19665350629817635,0.2694944301628106,21.0,0.07284092386463425,0.22899696619731086,0.20373833851656392,0.26397073765494816,1.0,65.71008,65.71008,0.4533490703033749,0.0,0.0075785781936539166,0.0030550997327462906,0.010756726473453576,0.006295285332338465,0.0028032725115146864,0.0,,
diabetes_mlp_tierfed_R60_C20_s44_tf_rho0.4_summary.json,diabetes,mlp,tierfed,44,60.0,20,weighted_ce,none,_tf_rho0.4,,,,,1.0,inf,0.7462847345982812,0.7462847345982812,60.0,0.0,0.7003632532804447,0.7238839221118798,0.7462847345982812,60.0,0.3310829838307067,0.3310829838307067,60.0,0.0,0.2731139015254908,0.300816382129826,0.3310829838307067,60.0,0.332685596717914,0.332685596717914,60.0,0.0,0.2961613919514919,0.31116155919893107,0.3259821021213203,40.0,0.37280850238930563,0.37280850238930563,60.0,0.0,0.3260801889759063,0.3473203036958319,0.3559055379549004,40.0,0.314064801843955,0.38895333153405276,1.0,0.07488852969009774,0.3346917591069932,0.32956503020335215,0.38895333153405276,1.0,0.5938391403244053,0.6412353449384974,1.0,0.04739620461409211,0.6086747489068046,0.5957455877759104,0.6412353449384974,1.0,0.14256417813211125,0.17458174379927713,1.0,0.032017565667165876,0.14929019654652328,0.14333744870620074,0.17458174379927713,1.0,0.22361778106144564,0.26423921887713586,1.0,0.04062143781569022,0.22542756127579927,0.22544547539465784,0.26423921887713586,1.0,93.13792,93.13792,0.6957638638540327,0.0,0.007677882906673466,0.003150688752021366,0.008542765944075378,0.004492072308304574,0.004307659930992901,0.0,,
diabetes_mlp_tierfed_R60_C20_s44_tf_rho0.6_summary.json,diabetes,mlp,tierfed,44,60.0,20,weighted_ce,none,_tf_rho0.6,,,,,1.0,inf,0.7383681221207878,0.7383681221207878,60.0,0.0,0.6965090173700691,0.7213022886495254,0.7383681221207878,60.0,0.3193867544595572,0.3254242600051778,58.0,0.006037505545620603,0.2708741207254242,0.30121577551198614,0.3254242600051778,58.0,0.32741993510632605,0.32741993510632605,60.0,0.0,0.29169543305618045,0.30841720036128606,0.32741993510632605,60.0,0.36054572907187266,0.3655024110513815,58.0,0.004956681979508826,0.3202640497322002,0.3443924100243552,0.3655024110513815,58.0,0.32235296520387097,0.3890587895348795,1.0,0.06670582433100852,0.336066559393395,0.32853985066826374,0.3890587895348795,1.0,0.6199086435051644,0.6556688835189506,23.0,0.03576024001378619,0.6230985537141718,0.6143184124200618,0.6515276899385876,2.0,0.1613522760282684,0.19483346303958854,23.0,0.033481187011320135,0.16215641902950875,0.15646488109717419,0.18188082171250036,2.0,0.24970706939200624,0.2776735459662289,23.0,0.02796647657422266,0.24280804879718018,0.24493689612645508,0.2749794528589879,2.0,116.81792,116.81792,0.845379480230622,0.0,0.005600465121364217,0.001750116674738969,0.008646479828265993,0.005153735391710288,0.0038344598804975214,0.0,,
diabetes_mlp_tierfed_R60_C20_s45_tf_rho0.25_summary.json,diabetes,mlp,tierfed,45,60.0,20,weighted_ce,none,_tf_rho0.25,,,,,1.0,inf,0.7333582786972986,0.7333582786972986,60.0,0.0,0.6915858479186059,0.7128116811434742,0.7333582786972986,60.0,0.31299365930481315,0.31299365930481315,60.0,0.0,0.2578037826501109,0.28281536398568996,0.31299365930481315,60.0,0.3274172017755842,0.3274172017755842,60.0,0.0,0.2938634920842665,0.3070627025728062,0.29950594494150123,8.0,0.36038326861217185,0.36038326861217185,60.0,0.0,0.3220810761153237,0.3393761868976022,0.36038326861217185,60.0,0.3139267883624643,0.37974451304494833,2.0,0.06581772468248404,0.3363698640365296,0.33095512036395974,0.37974451304494833,2.0,0.44844528356214075,0.4616252574080794,53.0,0.013179973845938664,0.436871242558196,0.45477575409781,0.45771331721214026,2.0,0.09582654435378586,0.10984325734957098,2.0,0.014016712995785122,0.09554769099613819,0.09710809898535219,0.10984325734957098,2.0,0.1020988490182803,0.1272689338618819,21.0,0.0251700848436016,0.10956420555323669,0.10044887157678258,0.1271393643031785,5.0,65.71008,65.71008,0.4581603291716116,0.0,0.007478593920346118,0.0031479393690833296,0.011108181428679264,0.006723747809574181,0.002830777749582331,0.0,,
diabetes_mlp_tierfed_R60_C20_s45_tf_rho0.4_summary.json,diabetes,mlp,tierfed,45,60.0,20,weighted_ce,none,_tf_rho0.4,,,,,1.0,inf,0.7145312222167525,0.7438098696677277,58.0,0.029278647450975193,0.6967767386320173,0.7157605222815476,0.7438098696677277,58.0,0.280916762140833,0.318249018584641,58.0,0.037332256443808,0.2635593659736429,0.28563032712482583,0.318249018584641,58.0,0.3135008422094456,0.33001143701952873,58.0,0.016510594810083157,0.29888519464115537,0.3103616291313679,0.3214402687910798,34.0,0.3368702581502445,0.3634426920659515,46.0,0.02657243391570696,0.32673940851464806,0.34026887047422616,0.3634426920659515,46.0,0.32950499572987796,0.3789789343645467,2.0,0.04947393863466876,0.33632932044974784,0.3321523698781729,0.3789789343645467,2.0,0.4660209036719646,0.5029928936470609,52.0,0.03697198997509632,0.45005397351868237,0.4803123724191362,0.4450209523136395,1.0,0.1000828037229837,0.11221714868634591,52.0,0.012134344963362215,0.09833664045990037,0.10484215254264088,0.10789896894422299,1.0,0.14530955809059695,0.17604667124227866,47.0,0.030737113151681705,0.1478498143918488,0.15908411062811165,0.17604667124227866,47.0,96.78848,96.78848,0.7631752124017415,1.1335157310822979,0.007476313715602619,0.0027325454716546497,0.009018567104628434,0.0047071151983337795,0.005944293683218319,0.0047071151983337795,,
diabetes_mlp_tierfed_R60_C20_s45_tf_rho0.6_summary.json,diabetes,mlp,tierfed,45,60.0,20,weighted_ce,none,_tf_rho0.6,,,,,1.0,inf,0.7310877280284497,0.7310877280284497,60.0,0.0,0.6925994174017661,0.7152771286020088,0.7310877280284497,60.0,0.30744769566889674,0.30744769566889674,60.0,0.0,0.2603302045777793,0.2890280968084379,0.30744769566889674,60.0,0.32384262526652735,0.32384262526652735,60.0,0.0,0.2921583904743819,0.3050505240935254,0.32384262526652735,60.0,0.36243380168824385,0.36243380168824385,60.0,0.0,0.3230272824719729,0.3436333803122525,0.3486475995455463,42.0,0.31681240249237413,0.38111168578820365,2.0,0.06429928329582951,0.34021396877515214,0.33598776051344376,0.38111168578820365,2.0,0.4765709391141262,0.4765709391141262,59.0,0.0,0.4415317391446866,0.46136891477712505,0.4705414169806832,2.0,0.1030786693087212,0.11244773832878993,2.0,0.009369069020068732,0.09691372913081756,0.09936914273166855,0.11244773832878993,2.0,0.1183360864994744,0.14602706933063253,21.0,0.02769098283115813,0.12148269505197952,0.10570079088035703,0.14602706933063253,21.0,116.81792,116.81792,0.8512812651616211,0.0,0.005394221979658236,0.0014781986252206376,0.008971495130472474,0.005018944774810879,0.003822407292685377,0.0,,
diabetes_mlp_tierfed_R60_C20_s46_tf_rho0.25_summary.json,diabetes,mlp,tierfed,46,60.0,20,weighted_ce,none,_tf_rho0.25,,,,,1.0,inf,0.7381931197096746,0.7387437767337943,52.0,0.0005506570241197162,0.7001365507072262,0.7210625310708527,0.7387437767337943,52.0,0.31477644452091863,0.318710093397623,52.0,0.0039336488767043876,0.2653034397847938,0.292381397330825,0.318710093397623,52.0,0.3247735121092776,0.3334756789979708,56.0,0.008702166888693241,0.3013011167049845,0.31663582461053796,0.32119603458068313,36.0,0.36296594690166695,0.3728176139353116,52.0,0.009851667033644651,0.3285116626146031,0.3472500740355864,0.35536936975404537,32.0,0.31488925797030176,0.38684473601579905,1.0,0.07195547804549729,0.3342108738203714,0.32227066734710164,0.38684473601579905,1.0,0.414855333183175,0.4227496912960366,41.0,0.0078943581128616,0.40677070049215774,0.40978396921990956,0.41777229009774464,3.0,0.09193315850766712,0.09247565721393683,3.0,0.0005424987062697118,0.08963468135913168,0.09047551647711338,0.09247565721393683,3.0,0.2045002711006687,0.2045002711006687,1.0,0.0,0.20450027110066868,0.2045002711006687,0.2045002711006687,1.0,65.71008,65.71008,0.45558325060798477,0.0,0.007699403522878902,0.0033214203743961537,0.01076526706387209,0.007465640515936668,0.0028107734841531433,0.0,,
diabetes_mlp_tierfed_R60_C20_s46_tf_rho0.4_summary.json,diabetes,mlp,tierfed,46,60.0,20,weighted_ce,none,_tf_rho0.4,,,,,1.0,inf,0.708525726653296,0.7488012884682886,59.0,0.04027556181499259,0.7041322693258476,0.7289122407075022,0.7488012884682886,59.0,0.27269865329404214,0.32036563983689126,55.0,0.04766698654284912,0.2690147538746003,0.29748579526922597,0.32036563983689126,55.0,0.3080549735528002,0.3343061399049854,59.0,0.026251166352185218,0.3050327331250651,0.31973336526516666,0.3343061399049854,59.0,0.3324428984149143,0.3751702746514895,51.0,0.04272737623657519,0.33182730315693826,0.35511899401986957,0.3751702746514895,51.0,0.3247445901729792,0.38645715142063153,1.0,0.06171256124765234,0.3338748847443764,0.32503180419262534,0.38645715142063153,1.0,0.41393464265611857,0.4153776413646796,43.0,0.0014429987085610163,0.40117075654972206,0.41007848477317294,0.4150073321426748,13.0,0.09013988960824387,0.0908203671267021,43.0,0.0006804775184582335,0.08828722148177864,0.08957690552217341,0.08898136450727162,1.0,0.2045002711006687,0.2045002711006687,1.0,0.0,0.20450027110066868,0.2045002711006687,0.2045002711006687,1.0,94.49472,94.49472,0.7310921418160433,0.44796126149594784,0.007368744143472744,0.0026338046153902756,0.00895994979239031,0.006141377982480131,0.005447899437634281,0.0026338046153902756,,
diabetes_mlp_tierfed_R60_C20_s46_tf_rho0.6_summary.json,diabetes,mlp,tierfed,46,60.0,20,weighted_ce,none,_tf_rho0.6,,,,,1.0,inf,0.7358423100650772,0.7377098327873918,58.0,0.0018675227223146074,0.6967022942751575,0.723130163876933,0.7377098327873918,58.0,0.31415127200675647,0.31415127200675647,60.0,0.0,0.26535530234524585,0.2985306778308926,0.31415127200675647,60.0,0.32986742758857523,0.3339510825850751,58.0,0.004083654996499875,0.2993347401381778,0.31999936742756496,0.3339510825850751,58.0,0.36397923910957913,0.36397923910957913,60.0,0.0,0.32547742876472774,0.35168166811220103,0.36397923910957913,60.0,0.3223757824521803,0.38642883428513536,1.0,0.06405305183295507,0.3362851394350667,0.3248963721434135,0.38642883428513536,1.0,0.44879583994710354,0.44879583994710354,59.0,0.0,0.4046342031843581,0.4279339501271736,0.3948518208426214,1.0,0.09831228719916421,0.09831228719916421,59.0,0.0,0.08911249099020349,0.09356376738831007,0.08902552779883763,1.0,0.2045002711006687,0.2045002711006687,1.0,0.0,0.20450027110066868,0.2045002711006687,0.2045002711006687,1.0,116.81792,116.81792,0.848531670346468,0.0,0.005507145908075658,0.0015259020462478712,0.008686288264971257,0.004806168507734993,0.0038064160928406457,0.0,,
diabetes_mlp_tierfed_R60_C20_s47_tf_rho0.25_summary.json,diabetes,mlp,tierfed,47,60.0,20,weighted_ce,none,_tf_rho0.25,,,,,1.0,inf,0.7470406964842979,0.7470406964842979,60.0,0.0,0.7047136633991292,0.727930912737486,0.7470406964842979,60.0,0.3313378210721964,0.3382659024374195,56.0,0.006928081365223104,0.28365021682583397,0.3118386371389092,0.3382659024374195,56.0,0.3355123250751159,0.3355123250751159,60.0,0.0,0.3035395525369179,0.3177438100034359,0.3355123250751159,60.0,0.37268183365034846,0.37836719624904613,56.0,0.005685362598697674,0.3365639263575006,0.35662171012962723,0.35503471605278275,24.0,0.3054221681668057,0.3813105307684504,1.0,0.07588836260164472,0.33668739918009627,0.33006820091051325,0.3813105307684504,1.0,0.5229077064627017,0.5371284565394164,53.0,0.01422075007671475,0.4483205449400303,0.5281462793209784,0.5326856870842398,1.0,0.14175999190281252,0.15917996959473588,53.0,0.017419977691923355,0.10659100459707653,0.14933629318100078,0.12512568049209344,1.0,0.10999329309188464,0.10999329309188464,57.0,0.0,0.052077947997844314,0.09476801711033357,0.0,1.0,65.71008,65.71008,0.45238855452820037,0.0,0.007651105350563859,0.003621347083642642,0.010806925232133023,0.0063807840144109815,0.002826751735799766,0.0,,
diabetes_mlp_tierfed_R60_C20_s47_tf_rho0.4_summary.json,diabetes,mlp,tierfed,47,60.0,20,weighted_ce,none,_tf_rho0.4,,,,,1.0,inf,0.7560496830451064,0.7560496830451064,60.0,0.0,0.7077812218346619,0.7348213589091991,0.7560496830451064,60.0,0.3394542838307149,0.3425993760764677,56.0,0.0031450922457527675,0.2874598458123765,0.3174034643718908,0.3425993760764677,56.0,0.3382890734453366,0.3382890734453366,60.0,0.0,0.30481393103421744,0.321840594139369,0.33761201107899746,40.0,0.38112069727377984,0.3827196109948155,56.0,0.0015989137210356552,0.33917095300442185,0.3630681034733246,0.3827196109948155,56.0,0.31427098010545945,0.3802323139217295,1.0,0.06596133381627006,0.335812549477664,0.3289456890871235,0.3802323139217295,1.0,0.6266045540755625,0.6550864383646979,40.0,0.02848188428913545,0.5714336227621756,0.6271009162655904,0.5324501213255896,1.0,0.2143500376884645,0.22117390877899085,41.0,0.0068238710905263456,0.1796386592761288,0.21317413321417428,0.12507286367771636,1.0,0.17025505134150382,0.19513735396274076,56.0,0.024882302621236946,0.08783569267734717,0.16454045502970607,0.19513735396274076,56.0,94.80704,94.80704,0.7269477143272525,1.0454719526460394,0.007642003017621984,0.002992080120098297,0.008634152559902235,0.0042168190363227175,0.0056970890224273376,0.0042168190363227175,,
diabetes_mlp_tierfed_R60_C20_s47_tf_rho0.6_summary.json,diabetes,mlp,tierfed,47,60.0,20,weighted_ce,none,_tf_rho0.6,,,,,1.0,inf,0.7445516769213628,0.7445516769213628,60.0,0.0,0.702464773070769,0.727560744082395,0.7445516769213628,60.0,0.326945263543294,0.3277662612568484,58.0,0.0008209977135543722,0.279842534537999,0.3088898380834846,0.3277662612568484,58.0,0.34044154989760683,0.34044154989760683,60.0,0.0,0.29992195518021536,0.31701134786743124,0.34044154989760683,60.0,0.36792860022491386,0.37169998762109135,56.0,0.0037713873961774946,0.33457139896896076,0.3567956681014965,0.37169998762109135,56.0,0.3132126132757942,0.3806356470356625,1.0,0.0674230337598683,0.33809205240142554,0.3310498217050101,0.3806356470356625,1.0,0.5650970055050428,0.6397532672372117,21.0,0.07465626173216888,0.4919566627440427,0.5124937472356695,0.6397532672372117,21.0,0.15132026439536655,0.20777630559660998,21.0,0.05645604120124342,0.12294704042441565,0.12370401701890613,0.20777630559660998,21.0,0.019055868341273277,0.07794294897549217,19.0,0.058887080634218894,0.0063935038651437345,0.005220325850190016,0.07794294897549217,19.0,116.81792,116.81792,0.8507284614878396,0.0,0.005589601295077145,0.0016909701140322667,0.00884500205156417,0.004546478264945507,0.0038961562304218713,0.0,,
diabetes_mlp_tierfed_R60_C20_s48_tf_rho0.25_summary.json,diabetes,mlp,tierfed,48,60.0,20,weighted_ce,none,_tf_rho0.25,,,,,1.0,inf,0.7522137880377994,0.7522137880377994,60.0,0.0,0.704325139616049,0.7284642850795577,0.7522137880377994,60.0,0.3336715736878282,0.3336715736878282,60.0,0.0,0.2723780171891449,0.30072485076857236,0.3336715736878282,60.0,0.34159450595931984,0.34159450595931984,60.0,0.0,0.30609953055048517,0.3219204366870668,0.3131412561016916,8.0,0.3787964835813891,0.3819899833987033,52.0,0.003193499817314205,0.34010109263534577,0.3586604209246927,0.37539966889019655,36.0,0.3101239222472731,0.3990488711148444,1.0,0.0889249488675713,0.33332167859424083,0.32338304711504834,0.3990488711148444,1.0,0.6598968189097548,0.6644020595357035,33.0,0.004505240625948703,0.6614631553032971,0.6605950754244639,0.6644020595357035,33.0,0.22729327543351505,0.2285085390892882,33.0,0.0012152636557731522,0.22586910635711469,0.2277252592390903,0.22783519079171385,21.0,0.2755864100136741,0.2818505338078292,3.0,0.006264123794155085,0.2740028104881835,0.27628654290039184,0.2818505338078292,3.0,65.71008,65.71008,0.47306318684325865,0.0,0.007604207409791286,0.003521074664307012,0.011370370314272448,0.007157558753363483,0.002903815319914539,0.0,,
diabetes_mlp_tierfed_R60_C20_s48_tf_rho0.4_summary.json,diabetes,mlp,tierfed,48,60.0,20,weighted_ce,none,_tf_rho0.4,,,,,1.0,inf,0.7544045752690428,0.7544045752690428,60.0,0.0,0.7071943433625768,0.733177123352664,0.7544045752690428,60.0,0.3410263640249568,0.3410263640249568,60.0,0.0,0.2776237673720761,0.309878006859905,0.3410263640249568,60.0,0.3415173338966753,0.3415173338966753,60.0,0.0,0.3077215599355665,0.32352524102204827,0.33407049843905273,32.0,0.3887866124711439,0.39128502570391827,56.0,0.002498413232774388,0.34397843177099,0.36657395479700144,0.39128502570391827,56.0,0.3147544094031479,0.3992944797302814,1.0,0.08454007032713351,0.3337065095457931,0.3234502048885085,0.3992944797302814,1.0,0.658151290568048,0.6629516190022594,39.0,0.004800328434211409,0.6606721861581656,0.6584004925609611,0.6629516190022594,39.0,0.22262044806342635,0.2279369078271209,17.0,0.005316459763694548,0.22511825368277533,0.2231488692726462,0.2279369078271209,17.0,0.26262249183387776,0.2815065815196142,3.0,0.01888408968573646,0.26864907117038356,0.2638824001747193,0.2815065815196142,3.0,93.13792,93.13792,0.6972334825016636,0.0,0.007676243463880578,0.003300254281407855,0.008799441843917493,0.004932809751787425,0.004403887442469112,0.0,,
diabetes_mlp_tierfed_R60_C20_s48_tf_rho0.6_summary.json,diabetes,mlp,tierfed,48,60.0,20,weighted_ce,none,_tf_rho0.6,,,,,1.0,inf,0.7465426860624619,0.7465426860624619,60.0,0.0,0.7021795949193963,0.7292138729928734,0.7465426860624619,60.0,0.329491796838303,0.329491796838303,60.0,0.0,0.272907245878798,0.30673711239721074,0.329491796838303,60.0,0.33458244281395977,0.336668916053191,50.0,0.0020864732392312235,0.30180623304225995,0.31671027975458294,0.336668916053191,50.0,0.3753465879425023,0.37642668596589013,58.0,0.001080098023387821,0.33861090974945757,0.36007308310737,0.37642668596589013,58.0,0.3166306865347863,0.3989539257501995,1.0,0.08232323921541318,0.33702797382249106,0.32868420515057223,0.3989539257501995,1.0,0.6489120077119894,0.663719670547777,15.0,0.014807662835787605,0.6585809499121765,0.6509895217599713,0.663719670547777,15.0,0.21120690336634548,0.2272150392109304,15.0,0.01600813584458491,0.2213635524057681,0.21293887696119612,0.2272150392109304,15.0,0.2651113467656416,0.2805925925925926,3.0,0.01548124582695104,0.2713733138182519,0.2677045194630633,0.2805925925925926,3.0,116.81792,116.81792,0.8547961834109932,0.0,0.005553572397348932,0.0015552307690905468,0.008971430400965319,0.0049832889417014475,0.0038996747706945873,0.0,,
diabetes_mlp_tierfed_R60_C20_s49_tf_rho0.25_summary.json,diabetes,mlp,tierfed,49,60.0,20,weighted_ce,none,_tf_rho0.25,,,,,1.0,inf,0.7431826108750105,0.7431826108750105,60.0,0.0,0.7026002866328672,0.7231405592827629,0.7431826108750105,60.0,0.3240683765550869,0.3240683765550869,60.0,0.0,0.27314852400576106,0.2994663546381863,0.3240683765550869,60.0,0.33211337688083964,0.33211337688083964,60.0,0.0,0.2978756703027959,0.3114498889152639,0.3132567825979476,16.0,0.37568276880798146,0.37568276880798146,60.0,0.0,0.33395766206389527,0.35262188085717183,0.37568276880798146,60.0,0.31679554865291076,0.3818825624568044,1.0,0.06508701380389365,0.33712016490156044,0.3299327166211507,0.3818825624568044,1.0,0.33003796861723467,0.3705354007735181,1.0,0.04049743215628343,0.3290921551335782,0.3296555968622154,0.3705354007735181,1.0,0.07934667741775314,0.08517162461300151,1.0,0.00582494719524837,0.07924275255156668,0.07927743921172253,0.08517162461300151,1.0,0.12129266927811976,0.14436356214708485,1.0,0.02307089286896509,0.127689606185289,0.12225882816068123,0.14436356214708485,1.0,65.71008,65.71008,0.44354494115881,0.0,0.007509295950666261,0.0031784108126555496,0.010614797807754114,0.006599945210066688,0.0027556691434277923,0.0,,
diabetes_mlp_tierfed_R60_C20_s49_tf_rho0.4_summary.json,diabetes,mlp,tierfed,49,60.0,20,weighted_ce,none,_tf_rho0.4,,,,,1.0,inf,0.7562840001911261,0.7562840001911261,60.0,0.0,0.7062403197651641,0.731789714633129,0.7562840001911261,60.0,0.34887628499625467,0.34887628499625467,60.0,0.0,0.28159827545193167,0.31781513764137925,0.34887628499625467,60.0,0.3424320796006772,0.3424320796006772,60.0,0.0,0.3040390715514041,0.3202753877058791,0.3206795438908933,24.0,0.38210021869046246,0.38210021869046246,60.0,0.0,0.3391897080375114,0.3623518894409359,0.38210021869046246,60.0,0.3112933008886384,0.3806494312062635,1.0,0.06935613031762511,0.336250879717942,0.3303437261299389,0.3806494312062635,1.0,0.33383136669201824,0.37089685008259293,1.0,0.037065483390574694,0.32939900868032196,0.3325124996304186,0.37089685008259293,1.0,0.08015010294798207,0.08522825586611059,1.0,0.00507815291812852,0.07939410512267589,0.07993250923432536,0.08522825586611059,1.0,0.11175244508577842,0.14433554931121925,1.0,0.032583104225440834,0.12694197669734894,0.11752338864049841,0.14433554931121925,1.0,92.8256,92.8256,0.6809983282466419,0.0,0.0074377164117396186,0.0029115325575103804,0.008697870690024163,0.005593376799630924,0.004321017566679031,0.0,,
diabetes_mlp_tierfed_R60_C20_s49_tf_rho0.6_summary.json,diabetes,mlp,tierfed,49,60.0,20,weighted_ce,none,_tf_rho0.6,,,,,1.0,inf,0.7535931132804599,0.7535931132804599,60.0,0.0,0.7068377403673086,0.7354398314841581,0.7535931132804599,60.0,0.33517094806747416,0.33761355776030544,58.0,0.002442609692831277,0.2802101428119873,0.3169296919943741,0.33761355776030544,58.0,0.3342758390478909,0.3421382656850771,54.0,0.007862426637186226,0.3018509287350219,0.3203197107897019,0.3421382656850771,54.0,0.3773560474659207,0.37736171542075686,58.0,5.6679548361415755e-06,0.3381716280595776,0.3647431970430822,0.3736684496393152,46.0,0.3188053160417121,0.3819112931486042,1.0,0.06310597710689214,0.3382744887726068,0.33250874933435276,0.3819112931486042,1.0,0.3727538426546729,0.4139351948319952,39.0,0.04118135217732233,0.34970418432353617,0.3579051129930046,0.37106241499942605,1.0,0.08995209371546539,0.09981217270115213,39.0,0.009860078985686735,0.08409656477552677,0.08553837407057699,0.08526064148286802,1.0,0.004364906154517678,0.1441095890410959,1.0,0.1397446828865782,0.0667046163317639,0.026778821511046335,0.1441095890410959,1.0,116.81792,116.81792,0.8460008226218634,0.0,0.005556884308242695,0.0015914109621388483,0.008765849579774717,0.004702637256645774,0.003829788395761271,0.0,,
diabetes_mlp_tierfed_R60_C20_s50_tf_rho0.25_summary.json,diabetes,mlp,tierfed,50,60.0,20,weighted_ce,none,_tf_rho0.25,,,,,1.0,inf,0.7352634275633172,0.7352634275633172,60.0,0.0,0.6929591900964527,0.7142197701450079,0.7352634275633172,60.0,0.33509145006207836,0.33509145006207836,60.0,0.0,0.2762900836441699,0.3066666458833036,0.33509145006207836,60.0,0.32843525271543333,0.3289295056980381,52.0,0.0004942529826047481,0.29712206700776383,0.3127560153719141,0.32290383641664555,36.0,0.37065486079734794,0.37065486079734794,60.0,0.0,0.3307656089526952,0.349820067156061,0.37065486079734794,60.0,0.3045240837795197,0.3851666249573518,1.0,0.0806425411778321,0.33261365093292433,0.3260829922861722,0.3851666249573518,1.0,0.6565582506144588,0.658925014465753,33.0,0.0023667638512941958,0.654076959839094,0.6569620016154658,0.6554595837627964,2.0,0.20797486466239756,0.2109147926421545,2.0,0.002939927979756951,0.204055566724815,0.20767978767284503,0.2109147926421545,2.0,0.21788167743258485,0.22865461060410952,21.0,0.010772933171524668,0.21937989524496035,0.21883570177010836,0.22061258278145696,4.0,65.71008,65.71008,0.4632329221756663,0.0,0.007650528337986549,0.0034184991674021813,0.011187689934452388,0.0062970526916983575,0.002886236008367086,0.0,,
diabetes_mlp_tierfed_R60_C20_s50_tf_rho0.4_summary.json,diabetes,mlp,tierfed,50,60.0,20,weighted_ce,none,_tf_rho0.4,,,,,1.0,inf,0.7253500114635248,0.7441979109365857,54.0,0.01884789947306087,0.6989777403750501,0.7217320202640024,0.7441979109365857,54.0,0.3088948584354753,0.33786986858719786,58.0,0.028975010151722547,0.2807672168654964,0.3087508426964318,0.3303134706078835,38.0,0.31292949179066665,0.33051217726222964,58.0,0.017582685471562998,0.29566694602404053,0.3099939682051769,0.33051217726222964,58.0,0.35169395396463804,0.3687600393550416,58.0,0.01706608539040355,0.33205545325129115,0.34827359968910226,0.3657664423703866,42.0,0.32035403096036824,0.38541766540057365,1.0,0.06506363444020541,0.33384356968884255,0.32783903717257745,0.38541766540057365,1.0,0.6514332302153251,0.660178754892592,11.0,0.00874552467726697,0.652741884951412,0.6485870572283613,0.660178754892592,11.0,0.202634411423398,0.21577163405623107,11.0,0.013137222632833068,0.2065417962803851,0.2016700637068353,0.21577163405623107,11.0,0.20453928926666065,0.22818567284088373,10.0,0.02364638357422308,0.2107269193711415,0.20462399798054035,0.22818567284088373,10.0,96.47616,96.47616,0.7362691847394065,1.0957030991557986,0.0074186533812018,0.0029481072470676504,0.008737158234047668,0.004447830060248761,0.005791430388967386,0.004447830060248761,,
diabetes_mlp_tierfed_R60_C20_s50_tf_rho0.6_summary.json,diabetes,mlp,tierfed,50,60.0,20,weighted_ce,none,_tf_rho0.6,,,,,1.0,inf,0.7384328770189512,0.7384328770189512,60.0,0.0,0.6945057779023168,0.7221968133003719,0.7384328770189512,60.0,0.33127947565995547,0.33127947565995547,60.0,0.0,0.2762216873985237,0.31286509178001054,0.33127947565995547,60.0,0.3320247985470115,0.3320247985470115,60.0,0.0,0.29503777812099713,0.31512780563931014,0.3320247985470115,60.0,0.3677650826699087,0.36783789945946627,54.0,7.281678955756155e-05,0.3308420480164666,0.3566123377711153,0.36783789945946627,54.0,0.31100527025424995,0.38495357257795937,1.0,0.07394830232370941,0.33398168051154475,0.324960093004804,0.38495357257795937,1.0,0.5967143452130292,0.6582683142055428,15.0,0.06155396899251353,0.6385135077362435,0.5977218503373468,0.6582683142055428,15.0,0.14482309306813224,0.21239344450808142,9.0,0.06757035143994919,0.1860827502487489,0.1465510377162628,0.21239344450808142,9.0,0.21788380226549042,0.23618975714105953,29.0,0.018305954875569103,0.22461919294097452,0.21976022714656093,0.23618975714105953,29.0,116.81792,116.81792,0.8380567773827352,0.0,0.0056084340639665775,0.0017460036340609948,0.008909397977986528,0.005066434268332839,0.0039040836415464766,0.0,,
diabetes_mlp_tierfed_R60_C20_s51_tf_rho0.25_summary.json,diabetes,mlp,tierfed,51,60.0,20,weighted_ce,none,_tf_rho0.25,,,,,1.0,inf,0.7493437959842025,0.7493437959842025,60.0,0.0,0.7047227177378079,0.7244606240772089,0.7493437959842025,60.0,0.33801986197696876,0.33801986197696876,60.0,0.0,0.2758302568841003,0.30452878087395874,0.33801986197696876,60.0,0.33970266119009745,0.33970266119009745,60.0,0.0,0.3058116958043696,0.31956238863022035,0.32257991718534257,24.0,0.3768011861140413,0.3768011861140413,60.0,0.0,0.3339748762013876,0.3533644999000956,0.3768011861140413,60.0,0.3328083833574455,0.38714347579793146,1.0,0.054335092440485955,0.3339000392718366,0.32595494573700495,0.38714347579793146,1.0,0.4165788874348815,0.47072801477863596,2.0,0.05414912734375449,0.4266216426639996,0.4234080430640962,0.47072801477863596,2.0,0.09804711544840812,0.10957877679370503,2.0,0.011531661345296915,0.10125047298173999,0.10055278431459073,0.10957877679370503,2.0,0.11350225616105519,0.13693153423288357,29.0,0.023429278071828374,0.10428462896777661,0.10309348762027185,0.12293801007119291,5.0,65.71008,65.71008,0.4524088093972144,0.0,0.007426456753287942,0.003155726663861123,0.010737396212919473,0.006316560669807493,0.0027754202478777437,0.0,,
diabetes_mlp_tierfed_R60_C20_s51_tf_rho0.4_summary.json,diabetes,mlp,tierfed,51,60.0,20,weighted_ce,none,_tf_rho0.4,,,,,1.0,inf,0.7461283779572332,0.7549335164320925,57.0,0.008805138474859309,0.7092917460101629,0.7317767442169977,0.7549335164320925,57.0,0.32731552818495746,0.3417457460644517,57.0,0.014430217879494223,0.27997612617735324,0.31160787692937164,0.3417457460644517,57.0,0.32693918244121406,0.33803207399533786,57.0,0.011092891554123796,0.3068380787484169,0.31974240220401384,0.32839013290352315,37.0,0.3682365396632444,0.375015023389667,57.0,0.006778483726422646,0.33448832348816815,0.35526199530612584,0.375015023389667,57.0,0.3344036459040355,0.387858669994791,1.0,0.05345502409075553,0.3343002984088664,0.32456099343770295,0.387858669994791,1.0,0.4533426694561253,0.502030626786383,13.0,0.048687957330257714,0.45007177533429343,0.45561071681012616,0.502030626786383,13.0,0.10196027143728194,0.11775383562723533,13.0,0.015793564189953396,0.1048715105476868,0.1037651802459294,0.11775383562723533,13.0,0.005954912803062527,0.13594040968342644,4.0,0.1299854968803639,0.0751378845918318,0.052194886726052256,0.13594040968342644,4.0,94.80704,94.80704,0.7250879116957852,0.0,0.007358156056372465,0.00315041904849304,0.008634280398207324,0.004166189004280103,0.005363974059623079,0.0,,
diabetes_mlp_tierfed_R60_C20_s51_tf_rho0.6_summary.json,diabetes,mlp,tierfed,51,60.0,20,weighted_ce,none,_tf_rho0.6,,,,,1.0,inf,0.7435417758544339,0.7435417758544339,60.0,0.0,0.7068273156438967,0.7305373858139189,0.7435417758544339,60.0,0.3282523760306108,0.3282523760306108,60.0,0.0,0.2782388917029405,0.3141266861473699,0.3282523760306108,60.0,0.3324729332531919,0.3329313832398266,50.0,0.0004584499866346903,0.3048760857974841,0.32131562391742685,0.3180867492993432,30.0,0.3635746511687829,0.36464331878602724,48.0,0.0010686676172443343,0.33197812759916884,0.35465049618646094,0.36464331878602724,48.0,0.3300273364342564,0.3880277752955064,1.0,0.05800043886125,0.3341879196531077,0.32408028186317206,0.3880277752955064,1.0,0.45692208682925495,0.48718108643013225,13.0,0.0302589996008773,0.433833413716755,0.4518065638551997,0.47938962127210377,2.0,0.10487721012142659,0.11345564358369775,13.0,0.008578433462271162,0.1018233524754723,0.10421164395404134,0.11345564358369775,13.0,0.14052869469935625,0.15034421496779923,31.0,0.009815520268442984,0.11782400829781325,0.13434719187867558,0.14524876208441406,4.0,116.81792,116.81792,0.8525165041462363,0.0,0.005420476998205178,0.00160761098020104,0.008792223933809944,0.005166559057224701,0.003816594611015031,0.0,,
